 ,Area,Mean,StdDev,Mode,Min,Max,X,Y,XM,YM,Perim.,Major,Minor,Angle,Circ.,Feret,IntDen,Median,Skew,Kurt,%Area,RawIntDen,Ch,FeretX,FeretY,FeretAngle,MinFeret,AR,Round,Solidity
1,0.00000,88,0,88,88,88,112.55598,18.85859,1134.00000,190.00000,0,0.11200,0.11200,0,0.00000,0,0.86695,88,NaN,NaN,100,88,1,1134.00000,190.00000,0,0,0.00000,0.00000,NaN
2,0.00000,2,0,2,2,2,117.73381,21.52195,1186.16663,216.83333,0,0.11200,0.11200,0,0.00000,0,0.01970,2,NaN,NaN,100,2,1,1186.16663,216.83333,0,0,0.00000,0.00000,NaN
3,0.00000,10,0,10,10,10,131.76196,20.19854,1327.50000,203.50000,0,0.11200,0.11200,0,0.00000,0,0.09852,10,NaN,NaN,100,10,1,1327.50000,203.50000,0,0,0.00000,0.00000,NaN
4,0.00000,126,0,126,126,126,129.11514,22.58067,1300.83337,227.50000,0,0.11200,0.11200,0,0.00000,0,1.24131,126,NaN,NaN,100,126,1,1300.83337,227.50000,0,0,0.00000,0.00000,NaN
5,0.00000,32,0,32,32,32,137.05560,24.83047,1380.83337,250.16667,0,0.11200,0.11200,0,0.00000,0,0.31525,32,NaN,NaN,100,32,1,1380.83337,250.16667,0,0,0.00000,0.00000,NaN
6,0.00000,16,0,16,16,16,134.40877,40.57904,1354.16663,408.83331,0,0.11200,0.11200,0,0.00000,0,0.15763,16,NaN,NaN,100,16,1,1354.16663,408.83331,0,0,0.00000,0.00000,NaN
7,0.00000,265,0,265,265,265,143.93732,38.19690,1450.16663,384.83331,0,0.11200,0.11200,0,0.00000,0,2.61070,265,NaN,NaN,100,265,1,1450.16663,384.83331,0,0,0.00000,0.00000,NaN
8,0.00000,54,0,54,54,54,147.64287,35.94711,1487.50000,362.16669,0,0.11200,0.11200,0,0.00000,0,0.53199,54,NaN,NaN,100,54,1,1487.50000,362.16669,0,0,0.00000,0.00000,NaN
9,0.00000,8,0,8,8,8,144.59903,33.82965,1456.83337,340.83331,0,0.11200,0.11200,0,0.00000,0,0.07881,8,NaN,NaN,100,8,1,1456.83337,340.83331,0,0,0.00000,0.00000,NaN
10,0.00000,131,0,131,131,131,150.55438,38.32925,1516.83337,386.16669,0,0.11200,0.11200,0,0.00000,0,1.29057,131,NaN,NaN,100,131,1,1516.83337,386.16669,0,0,0.00000,0.00000,NaN
11,0.00000,2,0,2,2,2,144.59903,41.50543,1456.83337,418.16669,0,0.11200,0.11200,0,0.00000,0,0.01970,2,NaN,NaN,100,2,1,1456.83337,418.16669,0,0,0.00000,0.00000,NaN
12,0.00000,18,0,18,18,18,147.51053,44.28459,1486.16663,446.16666,0,0.11200,0.11200,0,0.00000,0,0.17733,18,NaN,NaN,100,18,1,1486.16663,446.16666,0,0,0.00000,0.00000,NaN
13,0.00000,27,0,27,27,27,141.81987,45.74034,1428.83337,460.83334,0,0.11200,0.11200,0,0.00000,0,0.26600,27,NaN,NaN,100,27,1,1428.83337,460.83334,0,0,0.00000,0.00000,NaN
14,0.00000,7,0,7,7,7,147.90755,48.78418,1490.16663,491.50000,0,0.11200,0.11200,0,0.00000,0,0.06896,7,NaN,NaN,100,7,1,1490.16663,491.50000,0,0,0.00000,0.00000,NaN
15,0.00000,40,0,40,40,40,153.33354,43.49055,1544.83337,438.16669,0,0.11200,0.11200,0,0.00000,0,0.39407,40,NaN,NaN,100,40,1,1544.83337,438.16669,0,0,0.00000,0.00000,NaN
16,0.00000,14,0,14,14,14,145.12839,58.44508,1462.16663,588.83337,0,0.11200,0.11200,0,0.00000,0,0.13792,14,NaN,NaN,100,14,1,1462.16663,588.83337,0,0,0.00000,0.00000,NaN
17,0.00000,27,0,27,27,27,146.84882,61.22424,1479.50000,616.83337,0,0.11200,0.11200,0,0.00000,0,0.26600,27,NaN,NaN,100,27,1,1479.50000,616.83337,0,0,0.00000,0.00000,NaN
18,0.00000,33,0,33,33,33,149.76033,64.13573,1508.83337,646.16663,0,0.11200,0.11200,0,0.00000,0,0.32511,33,NaN,NaN,100,33,1,1508.83337,646.16663,0,0,0.00000,0.00000,NaN
19,0.00000,35,0,35,35,35,147.11350,69.69405,1482.16663,702.16669,0,0.11200,0.11200,0,0.00000,0,0.34481,35,NaN,NaN,100,35,1,1482.16663,702.16669,0,0,0.00000,0.00000,NaN
20,0.00000,53,0,53,53,53,143.67264,73.92896,1447.50000,744.83331,0,0.11200,0.11200,0,0.00000,0,0.52214,53,NaN,NaN,100,53,1,1447.50000,744.83331,0,0,0.00000,0.00000,NaN
21,0.00000,51,0,51,51,51,143.93732,77.63451,1450.16663,782.16669,0,0.11200,0.11200,0,0.00000,0,0.50244,51,NaN,NaN,100,51,1,1450.16663,782.16669,0,0,0.00000,0.00000,NaN
22,0.00000,349,0,349,349,349,139.96709,77.63451,1410.16663,782.16669,0,0.11200,0.11200,0,0.00000,0,3.43824,349,NaN,NaN,100,349,1,1410.16663,782.16669,0,0,0.00000,0.00000,NaN
23,0.00000,141,0,141,141,141,136.52623,75.64940,1375.50000,762.16669,0,0.11200,0.11200,0,0.00000,0,1.38909,141,NaN,NaN,100,141,1,1375.50000,762.16669,0,0,0.00000,0.00000,NaN
24,0.00000,42,0,42,42,42,140.09944,73.79662,1411.50000,743.50000,0,0.11200,0.11200,0,0.00000,0,0.41377,42,NaN,NaN,100,42,1,1411.50000,743.50000,0,0,0.00000,0.00000,NaN
25,0.00000,24,0,24,24,24,137.18793,79.75196,1382.16663,803.50000,0,0.11200,0.11200,0,0.00000,0,0.23644,24,NaN,NaN,100,24,1,1382.16663,803.50000,0,0,0.00000,0.00000,NaN
26,0.00000,17,0,17,17,17,138.64369,83.45751,1396.83337,840.83331,0,0.11200,0.11200,0,0.00000,0,0.16748,17,NaN,NaN,100,17,1,1396.83337,840.83331,0,0,0.00000,0.00000,NaN
27,0.00000,22,0,22,22,22,142.87860,83.98688,1439.50000,846.16669,0,0.11200,0.11200,0,0.00000,0,0.21674,22,NaN,NaN,100,22,1,1439.50000,846.16669,0,0,0.00000,0.00000,NaN
28,0.00000,26,0,26,26,26,147.37819,87.16306,1484.83337,878.16669,0,0.11200,0.11200,0,0.00000,0,0.25614,26,NaN,NaN,100,26,1,1484.83337,878.16669,0,0,0.00000,0.00000,NaN
29,0.00000,54,0,54,54,54,152.27480,92.22510,1534.16663,929.16669,0,0.11200,0.11200,0,0.00000,0,0.53199,54,NaN,NaN,100,54,1,1534.16663,929.16669,0,0,0.00000,0.00000,NaN
30,0.00000,69,0,69,69,69,152.40714,87.59317,1535.50000,882.50000,0,0.11200,0.11200,0,0.00000,0,0.67977,69,NaN,NaN,100,69,1,1535.50000,882.50000,0,0,0.00000,0.00000,NaN
31,0.00000,1,0,1,1,1,143.01094,89.57828,1440.83337,902.50000,0,0.11200,0.11200,0,0.00000,0,0.00985,1,NaN,NaN,100,1,1,1440.83337,902.50000,0,0,0.00000,0.00000,NaN
32,0.00000,50,0,50,50,50,148.96628,77.66759,1500.83337,782.50000,0,0.11200,0.11200,0,0.00000,0,0.49258,50,NaN,NaN,100,50,1,1500.83337,782.50000,0,0,0.00000,0.00000,NaN
33,0.00000,110,0,110,110,110,124.88022,86.53444,1258.16663,871.83331,0,0.11200,0.11200,0,0.00000,0,1.08369,110,NaN,NaN,100,110,1,1258.16663,871.83331,0,0,0.00000,0.00000,NaN
34,0.00000,25,0,25,25,25,151.21608,73.30034,1523.50000,738.50000,0,0.11200,0.11200,0,0.00000,0,0.24629,25,NaN,NaN,100,25,1,1523.50000,738.50000,0,0,0.00000,0.00000,NaN
35,0.00000,69,0,69,69,69,148.17224,64.56584,1492.83337,650.50000,0,0.11200,0.11200,0,0.00000,0,0.67977,69,NaN,NaN,100,69,1,1492.83337,650.50000,0,0,0.00000,0.00000,NaN
36,0.00000,67,0,67,67,67,116.97286,164.81411,1178.50000,1660.50000,0,0.11200,0.11200,0,0.00000,0,0.66006,67,NaN,NaN,100,67,1,1178.50000,1660.50000,0,0,0.00000,0.00000,NaN
37,0.00000,137,0,137,137,137,114.98774,158.99111,1158.50000,1601.83337,0,0.11200,0.11200,0,0.00000,0,1.34968,137,NaN,NaN,100,137,1,1158.50000,1601.83337,0,0,0.00000,0.00000,NaN
38,0.00000,213,0,213,213,213,109.29708,162.96134,1101.16663,1641.83337,0,0.11200,0.11200,0,0.00000,0,2.09841,213,NaN,NaN,100,213,1,1101.16663,1641.83337,0,0,0.00000,0.00000,NaN
39,0.00000,82,0,82,82,82,121.34011,166.26985,1222.50000,1675.16663,0,0.11200,0.11200,0,0.00000,0,0.80784,82,NaN,NaN,100,82,1,1222.50000,1675.16663,0,0,0.00000,0.00000,NaN
40,0.00000,56,0,56,56,56,126.50140,166.13752,1274.50000,1673.83337,0,0.11200,0.11200,0,0.00000,0,0.55169,56,NaN,NaN,100,56,1,1274.50000,1673.83337,0,0,0.00000,0.00000,NaN
41,0.00000,191,0,191,191,191,125.31034,162.16729,1262.50000,1633.83337,0,0.11200,0.11200,0,0.00000,0,1.88167,191,NaN,NaN,100,191,1,1262.50000,1633.83337,0,0,0.00000,0.00000,NaN
42,0.00000,139,0,139,139,139,120.41372,170.50477,1213.16663,1717.83337,0,0.11200,0.11200,0,0.00000,0,1.36939,139,NaN,NaN,100,139,1,1213.16663,1717.83337,0,0,0.00000,0.00000,NaN
43,0.00000,74,0,74,74,74,125.83970,167.99029,1267.83337,1692.50000,0,0.11200,0.11200,0,0.00000,0,0.72903,74,NaN,NaN,100,74,1,1267.83337,1692.50000,0,0,0.00000,0.00000,NaN
44,0.00000,42,0,42,42,42,120.94308,174.21031,1218.50000,1755.16663,0,0.11200,0.11200,0,0.00000,0,0.41377,42,NaN,NaN,100,42,1,1218.50000,1755.16663,0,0,0.00000,0.00000,NaN
45,0.00000,203,0,203,203,203,124.38394,171.82817,1253.16663,1731.16663,0,0.11200,0.11200,0,0.00000,0,1.99989,203,NaN,NaN,100,203,1,1253.16663,1731.16663,0,0,0.00000,0.00000,NaN
46,0.00000,82,0,82,82,82,123.32522,169.18136,1242.50000,1704.50000,0,0.11200,0.11200,0,0.00000,0,0.80784,82,NaN,NaN,100,82,1,1242.50000,1704.50000,0,0,0.00000,0.00000,NaN
47,0.00000,225,0,225,225,225,124.91331,174.60733,1258.50000,1759.16663,0,0.11200,0.11200,0,0.00000,0,2.21663,225,NaN,NaN,100,225,1,1258.50000,1759.16663,0,0,0.00000,0.00000,NaN
48,0.00000,71,0,71,71,71,129.54524,172.75457,1305.16663,1740.50000,0,0.11200,0.11200,0,0.00000,0,0.69947,71,NaN,NaN,100,71,1,1305.16663,1740.50000,0,0,0.00000,0.00000,NaN
49,0.00000,176,0,176,176,176,129.01589,167.59327,1299.83337,1688.50000,0,0.11200,0.11200,0,0.00000,0,1.73390,176,NaN,NaN,100,176,1,1299.83337,1688.50000,0,0,0.00000,0.00000,NaN
50,0.00000,24,0,24,24,24,127.82482,176.19543,1287.83337,1775.16663,0,0.11200,0.11200,0,0.00000,0,0.23644,24,NaN,NaN,100,24,1,1287.83337,1775.16663,0,0,0.00000,0.00000,NaN
51,0.00000,88,0,88,88,88,124.38394,179.37161,1253.16663,1807.16663,0,0.11200,0.11200,0,0.00000,0,0.86695,88,NaN,NaN,100,88,1,1253.16663,1807.16663,0,0,0.00000,0.00000,NaN
52,0.00000,119,0,119,119,119,111.94390,183.07716,1127.83337,1844.50000,0,0.11200,0.11200,0,0.00000,0,1.17235,119,NaN,NaN,100,119,1,1127.83337,1844.50000,0,0,0.00000,0.00000,NaN
53,0.00000,55,0,55,55,55,120.54606,189.16485,1214.50000,1905.83337,0,0.11200,0.11200,0,0.00000,0,0.54184,55,NaN,NaN,100,55,1,1214.50000,1905.83337,0,0,0.00000,0.00000,NaN
54,0.00000,94,0,94,94,94,124.64863,186.51802,1255.83337,1879.16663,0,0.11200,0.11200,0,0.00000,0,0.92606,94,NaN,NaN,100,94,1,1255.83337,1879.16663,0,0,0.00000,0.00000,NaN
55,0.00000,103,0,103,103,103,128.35417,181.48907,1293.16663,1828.50000,0,0.11200,0.11200,0,0.00000,0,1.01472,103,NaN,NaN,100,103,1,1293.16663,1828.50000,0,0,0.00000,0.00000,NaN
56,0.00000,106,0,106,106,106,134.70654,182.28311,1357.16663,1836.50000,0,0.11200,0.11200,0,0.00000,0,1.04428,106,NaN,NaN,100,106,1,1357.16663,1836.50000,0,0,0.00000,0.00000,NaN
57,0.00000,40,0,40,40,40,130.86866,187.57676,1318.50000,1889.83337,0,0.11200,0.11200,0,0.00000,0,0.39407,40,NaN,NaN,100,40,1,1318.50000,1889.83337,0,0,0.00000,0.00000,NaN
58,0.00000,78,0,78,78,78,137.22102,185.32695,1382.50000,1867.16663,0,0.11200,0.11200,0,0.00000,0,0.76843,78,NaN,NaN,100,78,1,1382.50000,1867.16663,0,0,0.00000,0.00000,NaN
59,0.00000,43,0,43,43,43,125.17799,188.90016,1261.16663,1903.16663,0,0.11200,0.11200,0,0.00000,0,0.42362,43,NaN,NaN,100,43,1,1261.16663,1903.16663,0,0,0.00000,0.00000,NaN
60,0.00000,178,0,178,178,178,123.72224,192.60571,1246.50000,1940.50000,0,0.11200,0.11200,0,0.00000,0,1.75360,178,NaN,NaN,100,178,1,1246.50000,1940.50000,0,0,0.00000,0.00000,NaN
61,0.00000,17,0,17,17,17,128.35417,192.20868,1293.16663,1936.50000,0,0.11200,0.11200,0,0.00000,0,0.16748,17,NaN,NaN,100,17,1,1293.16663,1936.50000,0,0,0.00000,0.00000,NaN
62,0.00000,47,0,47,47,47,132.58909,191.01762,1335.83337,1924.50000,0,0.11200,0.11200,0,0.00000,0,0.46303,47,NaN,NaN,100,47,1,1335.83337,1924.50000,0,0,0.00000,0.00000,NaN
63,0.00000,78,0,78,78,78,137.08868,190.09123,1381.16663,1915.16663,0,0.11200,0.11200,0,0.00000,0,0.76843,78,NaN,NaN,100,78,1,1381.16663,1915.16663,0,0,0.00000,0.00000,NaN
64,0.00000,142,0,142,142,142,132.85377,186.78271,1338.50000,1881.83337,0,0.11200,0.11200,0,0.00000,0,1.39894,142,NaN,NaN,100,142,1,1338.50000,1881.83337,0,0,0.00000,0.00000,NaN
65,0.00000,89,0,89,89,89,130.47163,185.85632,1314.50000,1872.50000,0,0.11200,0.11200,0,0.00000,0,0.87680,89,NaN,NaN,100,89,1,1314.50000,1872.50000,0,0,0.00000,0.00000,NaN
66,0.00000,60,0,60,60,60,126.23673,184.92993,1271.83337,1863.16663,0,0.11200,0.11200,0,0.00000,0,0.59110,60,NaN,NaN,100,60,1,1271.83337,1863.16663,0,0,0.00000,0.00000,NaN
67,0.00000,95,0,95,95,95,124.11927,182.54779,1250.50000,1839.16663,0,0.11200,0.11200,0,0.00000,0,0.93591,95,NaN,NaN,100,95,1,1250.50000,1839.16663,0,0,0.00000,0.00000,NaN
68,0.00000,93,0,93,93,93,129.67759,182.68014,1306.50000,1840.50000,0,0.11200,0.11200,0,0.00000,0,0.91621,93,NaN,NaN,100,93,1,1306.50000,1840.50000,0,0,0.00000,0.00000,NaN
69,0.00000,111,0,111,111,111,133.11845,181.48907,1341.16663,1828.50000,0,0.11200,0.11200,0,0.00000,0,1.09354,111,NaN,NaN,100,111,1,1341.16663,1828.50000,0,0,0.00000,0.00000,NaN
70,0.00000,73,0,73,73,73,127.82482,177.78352,1287.83337,1791.16663,0,0.11200,0.11200,0,0.00000,0,0.71917,73,NaN,NaN,100,73,1,1287.83337,1791.16663,0,0,0.00000,0.00000,NaN
71,0.00000,253,0,253,253,253,123.72224,177.65118,1246.50000,1789.83337,0,0.11200,0.11200,0,0.00000,0,2.49248,253,NaN,NaN,100,253,1,1246.50000,1789.83337,0,0,0.00000,0.00000,NaN
72,0.00000,84,0,84,84,84,128.22184,171.56350,1291.83337,1728.50000,0,0.11200,0.11200,0,0.00000,0,0.82754,84,NaN,NaN,100,84,1,1291.83337,1728.50000,0,0,0.00000,0.00000,NaN
73,0.00000,62,0,62,62,62,124.64863,169.31370,1255.83337,1705.83337,0,0.11200,0.11200,0,0.00000,0,0.61081,62,NaN,NaN,100,62,1,1255.83337,1705.83337,0,0,0.00000,0.00000,NaN
74,0.00000,88,0,88,88,88,136.42698,194.45848,1374.50000,1959.16663,0,0.11200,0.11200,0,0.00000,0,0.86695,88,NaN,NaN,100,88,1,1374.50000,1959.16663,0,0,0.00000,0.00000,NaN
75,0.00000,64,0,64,64,64,128.22184,195.25252,1291.83337,1967.16663,0,0.11200,0.11200,0,0.00000,0,0.63051,64,NaN,NaN,100,64,1,1291.83337,1967.16663,0,0,0.00000,0.00000,NaN
76,0.00000,86,0,86,86,86,130.47163,197.36998,1314.50000,1988.50000,0,0.11200,0.11200,0,0.00000,0,0.84725,86,NaN,NaN,100,86,1,1314.50000,1988.50000,0,0,0.00000,0.00000,NaN
77,0.00000,198,0,198,198,198,134.04484,198.42871,1350.50000,1999.16663,0,0.11200,0.11200,0,0.00000,0,1.95064,198,NaN,NaN,100,198,1,1350.50000,1999.16663,0,0,0.00000,0.00000,NaN
78,0.00000,449,0,449,449,449,132.05972,193.53210,1330.50000,1949.83337,0,0.11200,0.11200,0,0.00000,0,4.42341,449,NaN,NaN,100,449,1,1330.50000,1949.83337,0,0,0.00000,0.00000,NaN
79,0.00000,90,0,90,90,90,129.80993,192.20868,1307.83337,1936.50000,0,0.11200,0.11200,0,0.00000,0,0.88665,90,NaN,NaN,100,90,1,1307.83337,1936.50000,0,0,0.00000,0.00000,NaN
80,0.00000,230,0,230,230,230,129.80993,190.62059,1307.83337,1920.50000,0,0.11200,0.11200,0,0.00000,0,2.26589,230,NaN,NaN,100,230,1,1307.83337,1920.50000,0,0,0.00000,0.00000,NaN
81,0.00000,713,0,713,713,713,135.23591,192.07634,1362.50000,1935.16663,0,0.11200,0.11200,0,0.00000,0,7.02426,713,NaN,NaN,100,713,1,1362.50000,1935.16663,0,0,0.00000,0.00000,NaN
82,0.00000,170,0,170,170,170,134.30952,196.84061,1353.16663,1983.16663,0,0.11200,0.11200,0,0.00000,0,1.67479,170,NaN,NaN,100,170,1,1353.16663,1983.16663,0,0,0.00000,0.00000,NaN
83,0.00000,882,0,882,882,882,132.05972,199.61977,1330.50000,2011.16663,0,0.11200,0.11200,0,0.00000,0,8.68920,882,NaN,NaN,100,882,1,1330.50000,2011.16663,0,0,0.00000,0.00000,NaN
84,0.00000,681,0,681,681,681,128.88354,200.28149,1298.50000,2017.83337,0,0.11200,0.11200,0,0.00000,0,6.70901,681,NaN,NaN,100,681,1,1298.50000,2017.83337,0,0,0.00000,0.00000,NaN
85,0.00000,253,0,253,253,253,125.57501,201.73723,1265.16663,2032.50000,0,0.11200,0.11200,0,0.00000,0,2.49248,253,NaN,NaN,100,253,1,1265.16663,2032.50000,0,0,0.00000,0.00000,NaN
86,0.00000,225,0,225,225,225,130.20695,202.39893,1311.83337,2039.16663,0,0.11200,0.11200,0,0.00000,0,2.21663,225,NaN,NaN,100,225,1,1311.83337,2039.16663,0,0,0.00000,0.00000,NaN
87,0.00000,271,0,271,271,271,132.05972,203.72235,1330.50000,2052.50000,0,0.11200,0.11200,0,0.00000,0,2.66981,271,NaN,NaN,100,271,1,1330.50000,2052.50000,0,0,0.00000,0.00000,NaN
88,0.00000,48,0,48,48,48,134.57421,202.13426,1355.83337,2036.50000,0,0.11200,0.11200,0,0.00000,0,0.47288,48,NaN,NaN,100,48,1,1355.83337,2036.50000,0,0,0.00000,0.00000,NaN
89,0.00000,139,0,139,139,139,134.17718,204.91342,1351.83337,2064.50000,0,0.11200,0.11200,0,0.00000,0,1.36939,139,NaN,NaN,100,139,1,1351.83337,2064.50000,0,0,0.00000,0.00000,NaN
90,0.00000,213,0,213,213,213,138.94146,205.57510,1399.83337,2071.16650,0,0.11200,0.11200,0,0.00000,0,2.09841,213,NaN,NaN,100,213,1,1399.83337,2071.16650,0,0,0.00000,0.00000,NaN
91,0.00000,46,0,46,46,46,138.94146,207.42791,1399.83337,2089.83350,0,0.11200,0.11200,0,0.00000,0,0.45318,46,NaN,NaN,100,46,1,1399.83337,2089.83350,0,0,0.00000,0.00000,NaN
92,0.00000,71,0,71,71,71,139.60316,197.36998,1406.50000,1988.50000,0,0.11200,0.11200,0,0.00000,0,0.69947,71,NaN,NaN,100,71,1,1406.50000,1988.50000,0,0,0.00000,0.00000,NaN
93,0.00000,19,0,19,19,19,140.66188,200.67851,1417.16663,2021.83337,0,0.11200,0.11200,0,0.00000,0,0.18718,19,NaN,NaN,100,19,1,1417.16663,2021.83337,0,0,0.00000,0.00000,NaN
94,0.00000,113,0,113,113,113,142.38232,204.91342,1434.50000,2064.50000,0,0.11200,0.11200,0,0.00000,0,1.11324,113,NaN,NaN,100,113,1,1434.50000,2064.50000,0,0,0.00000,0.00000,NaN
95,0.00000,93,0,93,93,93,142.91169,205.57510,1439.83337,2071.16650,0,0.11200,0.11200,0,0.00000,0,0.91621,93,NaN,NaN,100,93,1,1439.83337,2071.16650,0,0,0.00000,0.00000,NaN
96,0.00000,130,0,130,130,130,139.20613,191.01762,1402.50000,1924.50000,0,0.11200,0.11200,0,0.00000,0,1.28072,130,NaN,NaN,100,130,1,1402.50000,1924.50000,0,0,0.00000,0.00000,NaN
97,0.00000,40,0,40,40,40,134.30952,209.94236,1353.16663,2115.16650,0,0.11200,0.11200,0,0.00000,0,0.39407,40,NaN,NaN,100,40,1,1353.16663,2115.16650,0,0,0.00000,0.00000,NaN
98,0.00000,52,0,52,52,52,138.80911,211.13342,1398.50000,2127.16650,0,0.11200,0.11200,0,0.00000,0,0.51229,52,NaN,NaN,100,52,1,1398.50000,2127.16650,0,0,0.00000,0.00000,NaN
99,0.00000,168,0,168,168,168,123.98692,204.91342,1249.16663,2064.50000,0,0.11200,0.11200,0,0.00000,0,1.65508,168,NaN,NaN,100,168,1,1249.16663,2064.50000,0,0,0.00000,0.00000,NaN
100,0.00000,59,0,59,59,59,110.09112,204.25173,1109.16663,2057.83350,0,0.11200,0.11200,0,0.00000,0,0.58125,59,NaN,NaN,100,59,1,1109.16663,2057.83350,0,0,0.00000,0.00000,NaN
101,0.00000,222,0,222,222,222,107.70899,199.75212,1085.16663,2012.50000,0,0.11200,0.11200,0,0.00000,0,2.18708,222,NaN,NaN,100,222,1,1085.16663,2012.50000,0,0,0.00000,0.00000,NaN
102,0.00000,110,0,110,110,110,100.69492,200.01680,1014.50000,2015.16663,0,0.11200,0.11200,0,0.00000,0,1.08369,110,NaN,NaN,100,110,1,1014.50000,2015.16663,0,0,0.00000,0.00000,NaN
103,0.00000,116,0,116,116,116,102.81238,202.39893,1035.83337,2039.16663,0,0.11200,0.11200,0,0.00000,0,1.14280,116,NaN,NaN,100,116,1,1035.83337,2039.16663,0,0,0.00000,0.00000,NaN
104,0.00000,18,0,18,18,18,105.98856,204.25173,1067.83337,2057.83350,0,0.11200,0.11200,0,0.00000,0,0.17733,18,NaN,NaN,100,18,1,1067.83337,2057.83350,0,0,0.00000,0.00000,NaN
105,0.00000,55,0,55,55,55,101.35662,207.42791,1021.16663,2089.83350,0,0.11200,0.11200,0,0.00000,0,0.54184,55,NaN,NaN,100,55,1,1021.16663,2089.83350,0,0,0.00000,0.00000,NaN
106,0.00000,247,0,247,247,247,97.65107,203.19298,983.83325,2047.16663,0,0.11200,0.11200,0,0.00000,0,2.43337,247,NaN,NaN,100,247,1,983.83325,2047.16663,0,0,0.00000,0.00000,NaN
107,0.00000,112,0,112,112,112,95.00425,200.81084,957.16663,2023.16663,0,0.11200,0.11200,0,0.00000,0,1.10339,112,NaN,NaN,100,112,1,957.16663,2023.16663,0,0,0.00000,0.00000,NaN
108,0.00000,62,0,62,62,62,107.97368,207.42791,1087.83337,2089.83350,0,0.11200,0.11200,0,0.00000,0,0.61081,62,NaN,NaN,100,62,1,1087.83337,2089.83350,0,0,0.00000,0.00000,NaN
109,0.00000,39,0,39,39,39,106.12089,206.23684,1069.16663,2077.83350,0,0.11200,0.11200,0,0.00000,0,0.38422,39,NaN,NaN,100,39,1,1069.16663,2077.83350,0,0,0.00000,0.00000,NaN
110,0.00000,87,0,87,87,87,109.29708,206.10448,1101.16663,2076.50000,0,0.11200,0.11200,0,0.00000,0,0.85710,87,NaN,NaN,100,87,1,1101.16663,2076.50000,0,0,0.00000,0.00000,NaN
111,0.00000,512,0,512,512,512,111.41454,206.10448,1122.50000,2076.50000,0,0.11200,0.11200,0,0.00000,0,5.04407,512,NaN,NaN,100,512,1,1122.50000,2076.50000,0,0,0.00000,0.00000,NaN
112,0.00000,285,0,285,285,285,113.92902,205.04577,1147.83337,2065.83350,0,0.11200,0.11200,0,0.00000,0,2.80773,285,NaN,NaN,100,285,1,1147.83337,2065.83350,0,0,0.00000,0.00000,NaN
113,0.00000,308,0,308,308,308,113.53200,207.03089,1143.83337,2085.83350,0,0.11200,0.11200,0,0.00000,0,3.03432,308,NaN,NaN,100,308,1,1143.83337,2085.83350,0,0,0.00000,0.00000,NaN
114,0.00000,328,0,328,328,328,111.14986,207.29555,1119.83337,2088.50000,0,0.11200,0.11200,0,0.00000,0,3.23136,328,NaN,NaN,100,328,1,1119.83337,2088.50000,0,0,0.00000,0.00000,NaN
115,0.00000,168,0,168,168,168,112.47326,208.48662,1133.16663,2100.50000,0,0.11200,0.11200,0,0.00000,0,1.65508,168,NaN,NaN,100,168,1,1133.16663,2100.50000,0,0,0.00000,0.00000,NaN
116,0.00000,232,0,232,232,232,109.56177,210.20707,1103.83337,2117.83350,0,0.11200,0.11200,0,0.00000,0,2.28559,232,NaN,NaN,100,232,1,1103.83337,2117.83350,0,0,0.00000,0.00000,NaN
117,0.00000,483,0,483,483,483,108.37070,212.72152,1091.83337,2143.16650,0,0.11200,0.11200,0,0.00000,0,4.75837,483,NaN,NaN,100,483,1,1091.83337,2143.16650,0,0,0.00000,0.00000,NaN
118,0.00000,513,0,513,513,513,105.85622,214.70663,1066.50000,2163.16650,0,0.11200,0.11200,0,0.00000,0,5.05392,513,NaN,NaN,100,513,1,1066.50000,2163.16650,0,0,0.00000,0.00000,NaN
119,0.00000,174,0,174,174,174,106.25324,212.05983,1070.50000,2136.50000,0,0.11200,0.11200,0,0.00000,0,1.71420,174,NaN,NaN,100,174,1,1070.50000,2136.50000,0,0,0.00000,0.00000,NaN
120,0.00000,213,0,213,213,213,104.13578,215.10365,1049.16663,2167.16650,0,0.11200,0.11200,0,0.00000,0,2.09841,213,NaN,NaN,100,213,1,1049.16663,2167.16650,0,0,0.00000,0.00000,NaN
121,0.00000,77,0,77,77,77,108.63538,216.42708,1094.50000,2180.50000,0,0.11200,0.11200,0,0.00000,0,0.75858,77,NaN,NaN,100,77,1,1094.50000,2180.50000,0,0,0.00000,0.00000,NaN
122,0.00000,90,0,90,90,90,111.94390,220.52966,1127.83337,2221.83350,0,0.11200,0.11200,0,0.00000,0,0.88665,90,NaN,NaN,100,90,1,1127.83337,2221.83350,0,0,0.00000,0.00000,NaN
123,0.00000,163,0,163,163,163,113.00263,217.88281,1138.50000,2195.16650,0,0.11200,0.11200,0,0.00000,0,1.60583,163,NaN,NaN,100,163,1,1138.50000,2195.16650,0,0,0.00000,0.00000,NaN
124,0.00000,161,0,161,161,161,119.35499,220.79433,1202.50000,2224.50000,0,0.11200,0.11200,0,0.00000,0,1.58612,161,NaN,NaN,100,161,1,1202.50000,2224.50000,0,0,0.00000,0.00000,NaN
125,0.00000,154,0,154,154,154,131.00100,225.42627,1319.83337,2271.16675,0,0.11200,0.11200,0,0.00000,0,1.51716,154,NaN,NaN,100,154,1,1319.83337,2271.16675,0,0,0.00000,0.00000,NaN
126,0.00000,200,0,200,200,200,117.50222,230.58757,1183.83337,2323.16675,0,0.11200,0.11200,0,0.00000,0,1.97034,200,NaN,NaN,100,200,1,1183.83337,2323.16675,0,0,0.00000,0.00000,NaN
127,0.00000,89,0,89,89,89,121.86947,229.66117,1227.83337,2313.83325,0,0.11200,0.11200,0,0.00000,0,0.87680,89,NaN,NaN,100,89,1,1227.83337,2313.83325,0,0,0.00000,0.00000,NaN
128,0.00000,87,0,87,87,87,115.64944,233.89608,1165.16663,2356.50000,0,0.11200,0.11200,0,0.00000,0,0.85710,87,NaN,NaN,100,87,1,1165.16663,2356.50000,0,0,0.00000,0.00000,NaN
129,0.00000,87,0,87,87,87,101.48896,220.13264,1022.50000,2217.83350,0,0.11200,0.11200,0,0.00000,0,0.85710,87,NaN,NaN,100,87,1,1022.50000,2217.83350,0,0,0.00000,0.00000,NaN
130,0.00000,189,0,189,189,189,97.38639,220.66197,981.16663,2223.16650,0,0.11200,0.11200,0,0.00000,0,1.86197,189,NaN,NaN,100,189,1,981.16663,2223.16650,0,0,0.00000,0.00000,NaN
131,0.00000,91,0,91,91,91,101.75364,224.23520,1025.16663,2259.16675,0,0.11200,0.11200,0,0.00000,0,0.89650,91,NaN,NaN,100,91,1,1025.16663,2259.16675,0,0,0.00000,0.00000,NaN
132,0.00000,108,0,108,108,108,119.88436,211.66280,1207.83337,2132.50000,0,0.11200,0.11200,0,0.00000,0,1.06398,108,NaN,NaN,100,108,1,1207.83337,2132.50000,0,0,0.00000,0.00000,NaN
133,0.00000,47,0,47,47,47,117.76690,213.25090,1186.50000,2148.50000,0,0.11200,0.11200,0,0.00000,0,0.46303,47,NaN,NaN,100,47,1,1186.50000,2148.50000,0,0,0.00000,0.00000,NaN
134,0.00000,296,0,296,296,296,121.47245,212.98623,1223.83337,2145.83350,0,0.11200,0.11200,0,0.00000,0,2.91610,296,NaN,NaN,100,296,1,1223.83337,2145.83350,0,0,0.00000,0.00000,NaN
135,0.00000,91,0,91,91,91,123.19288,210.33938,1241.16663,2119.16650,0,0.11200,0.11200,0,0.00000,0,0.89650,91,NaN,NaN,100,91,1,1241.16663,2119.16650,0,0,0.00000,0.00000,NaN
136,0.00000,82,0,82,82,82,123.98692,208.61898,1249.16663,2101.83350,0,0.11200,0.11200,0,0.00000,0,0.80784,82,NaN,NaN,100,82,1,1249.16663,2101.83350,0,0,0.00000,0.00000,NaN
137,0.00000,140,0,140,140,140,120.94308,206.76617,1218.50000,2083.16650,0,0.11200,0.11200,0,0.00000,0,1.37924,140,NaN,NaN,100,140,1,1218.50000,2083.16650,0,0,0.00000,0.00000,NaN
138,0.00000,74,0,74,74,74,116.57583,208.61898,1174.50000,2101.83350,0,0.11200,0.11200,0,0.00000,0,0.72903,74,NaN,NaN,100,74,1,1174.50000,2101.83350,0,0,0.00000,0.00000,NaN
139,0.00000,256,0,256,256,256,58.97443,174.44191,594.16663,1757.50000,0,0.11200,0.11200,0,0.00000,0,2.52203,256,NaN,NaN,100,256,1,594.16663,1757.50000,0,0,0.00000,0.00000,NaN
140,0.00000,113,0,113,113,113,65.85616,197.33689,663.50000,1988.16663,0,0.11200,0.11200,0,0.00000,0,1.11324,113,NaN,NaN,100,113,1,663.50000,1988.16663,0,0,0.00000,0.00000,NaN
141,0.00000,208,0,208,208,208,66.65021,198.26328,671.50000,1997.50000,0,0.11200,0.11200,0,0.00000,0,2.04915,208,NaN,NaN,100,208,1,671.50000,1997.50000,0,0,0.00000,0.00000,NaN
142,0.00000,79,0,79,79,79,52.35739,197.99861,527.50000,1994.83337,0,0.11200,0.11200,0,0.00000,0,0.77828,79,NaN,NaN,100,79,1,527.50000,1994.83337,0,0,0.00000,0.00000,NaN
143,0.00000,288,0,288,288,288,56.59230,225.92255,570.16669,2276.16675,0,0.11200,0.11200,0,0.00000,0,2.83729,288,NaN,NaN,100,288,1,570.16669,2276.16675,0,0,0.00000,0.00000,NaN
144,0.00000,297,0,297,297,297,37.27052,203.42458,375.50000,2049.50000,0,0.11200,0.11200,0,0.00000,0,2.92595,297,NaN,NaN,100,297,1,375.50000,2049.50000,0,0,0.00000,0.00000,NaN
145,0.00000,140,0,140,140,140,30.38879,215.46762,306.16666,2170.83350,0,0.11200,0.11200,0,0.00000,0,1.37924,140,NaN,NaN,100,140,1,306.16666,2170.83350,0,0,0.00000,0.00000,NaN
146,0.00000,189,0,189,189,189,28.00665,214.54122,282.16666,2161.50000,0,0.11200,0.11200,0,0.00000,0,1.86197,189,NaN,NaN,100,189,1,282.16666,2161.50000,0,0,0.00000,0.00000,NaN
147,0.00000,379,0,379,379,379,23.24238,227.90766,234.16669,2296.16675,0,0.11200,0.11200,0,0.00000,0,3.73379,379,NaN,NaN,100,379,1,234.16669,2296.16675,0,0,0.00000,0.00000,NaN
148,0.00000,18,0,18,18,18,25.35983,224.20210,255.50000,2258.83325,0,0.11200,0.11200,0,0.00000,0,0.17733,18,NaN,NaN,100,18,1,255.50000,2258.83325,0,0,0.00000,0.00000,NaN
149,0.00000,63,0,63,63,63,17.41938,234.78938,175.50000,2365.50000,0,0.11200,0.11200,0,0.00000,0,0.62066,63,NaN,NaN,100,63,1,175.50000,2365.50000,0,0,0.00000,0.00000,NaN
150,0.00000,91,0,91,91,91,13.71383,236.64217,138.16667,2384.16675,0,0.11200,0.11200,0,0.00000,0,0.89650,91,NaN,NaN,100,91,1,138.16667,2384.16675,0,0,0.00000,0.00000,NaN
151,0.00000,701,0,701,701,701,12.12574,244.68188,122.16666,2465.16675,0,0.11200,0.11200,0,0.00000,0,6.90604,701,NaN,NaN,100,701,1,122.16666,2465.16675,0,0,0.00000,0.00000,NaN
152,0.00000,114,0,114,114,114,11.06701,241.24101,111.50000,2430.50000,0,0.11200,0.11200,0,0.00000,0,1.12309,114,NaN,NaN,100,114,1,111.50000,2430.50000,0,0,0.00000,0.00000,NaN
153,0.00000,482,0,482,482,482,14.11085,241.77036,142.16667,2435.83325,0,0.11200,0.11200,0,0.00000,0,4.74852,482,NaN,NaN,100,482,1,142.16667,2435.83325,0,0,0.00000,0.00000,NaN
154,0.00000,96,0,96,96,96,8.42019,251.29891,84.83334,2531.83325,0,0.11200,0.11200,0,0.00000,0,0.94576,96,NaN,NaN,100,96,1,84.83334,2531.83325,0,0,0.00000,0.00000,NaN
155,0.00000,337,0,337,337,337,7.22912,254.73978,72.83334,2566.50000,0,0.11200,0.11200,0,0.00000,0,3.32002,337,NaN,NaN,100,337,1,72.83334,2566.50000,0,0,0.00000,0.00000,NaN
156,0.00000,162,0,162,162,162,5.77337,257.51894,58.16667,2594.50000,0,0.11200,0.11200,0,0.00000,0,1.59597,162,NaN,NaN,100,162,1,58.16667,2594.50000,0,0,0.00000,0.00000,NaN
157,0.00000,947,0,947,947,947,6.30274,259.50406,63.50000,2614.50000,0,0.11200,0.11200,0,0.00000,0,9.32956,947,NaN,NaN,100,947,1,63.50000,2614.50000,0,0,0.00000,0.00000,NaN
158,0.00000,297,0,297,297,297,44.41693,269.95898,447.50000,2719.83325,0,0.11200,0.11200,0,0.00000,0,2.92595,297,NaN,NaN,100,297,1,447.50000,2719.83325,0,0,0.00000,0.00000,NaN
159,0.00000,216,0,216,216,216,35.15306,219.00773,354.16666,2206.50000,0,0.11200,0.11200,0,0.00000,0,2.12797,216,NaN,NaN,100,216,1,354.16666,2206.50000,0,0,0.00000,0.00000,NaN
160,0.00000,90,0,90,90,90,1.93549,272.07646,19.50000,2741.16675,0,0.11200,0.11200,0,0.00000,0,0.88665,90,NaN,NaN,100,90,1,19.50000,2741.16675,0,0,0.00000,0.00000,NaN
161,0.00000,248,0,248,248,248,0.61208,281.14180,6.16667,2832.50000,0,0.11200,0.11200,0,0.00000,0,2.44322,248,NaN,NaN,100,248,1,6.16667,2832.50000,0,0,0.00000,0.00000,NaN
162,0.00000,210,0,210,210,210,7.75849,313.69768,78.16666,3160.50000,0,0.11200,0.11200,0,0.00000,0,2.06886,210,NaN,NaN,100,210,1,78.16666,3160.50000,0,0,0.00000,0.00000,NaN
163,0.00000,56,0,56,56,56,83.98688,202.92830,846.16669,2044.50000,0,0.11200,0.11200,0,0.00000,0,0.55169,56,NaN,NaN,100,56,1,846.16669,2044.50000,0,0,0.00000,0.00000,NaN
164,0.00000,54,0,54,54,54,103.17631,197.36998,1039.50000,1988.50000,0,0.11200,0.11200,0,0.00000,0,0.53199,54,NaN,NaN,100,54,1,1039.50000,1988.50000,0,0,0.00000,0.00000,NaN
165,0.00000,67,0,67,67,67,99.73545,218.67686,1004.83337,2203.16650,0,0.11200,0.11200,0,0.00000,0,0.66006,67,NaN,NaN,100,67,1,1004.83337,2203.16650,0,0,0.00000,0.00000,NaN
166,0.00000,103,0,103,103,103,96.29458,218.01517,970.16669,2196.50000,0,0.11200,0.11200,0,0.00000,0,1.01472,103,NaN,NaN,100,103,1,970.16669,2196.50000,0,0,0.00000,0.00000,NaN
167,0.00000,137,0,137,137,137,103.44099,234.42544,1042.16663,2361.83325,0,0.11200,0.11200,0,0.00000,0,1.34968,137,NaN,NaN,100,137,1,1042.16663,2361.83325,0,0,0.00000,0.00000,NaN
168,0.00000,58,0,58,58,58,107.14654,233.23437,1079.50000,2349.83325,0,0.11200,0.11200,0,0.00000,0,0.57140,58,NaN,NaN,100,58,1,1079.50000,2349.83325,0,0,0.00000,0.00000,NaN
169,0.00000,61,0,61,61,61,105.82313,237.46929,1066.16663,2392.50000,0,0.11200,0.11200,0,0.00000,0,0.60095,61,NaN,NaN,100,61,1,1066.16663,2392.50000,0,0,0.00000,0.00000,NaN
170,0.00000,148,0,148,148,148,111.24910,235.21948,1120.83325,2369.83325,0,0.11200,0.11200,0,0.00000,0,1.45805,148,NaN,NaN,100,148,1,1120.83325,2369.83325,0,0,0.00000,0.00000,NaN
171,0.00000,16,0,16,16,16,110.85208,239.71909,1116.83325,2415.16675,0,0.11200,0.11200,0,0.00000,0,0.15763,16,NaN,NaN,100,16,1,1116.83325,2415.16675,0,0,0.00000,0.00000,NaN
172,0.00000,80,0,80,80,80,120.38063,235.08715,1212.83325,2368.50000,0,0.11200,0.11200,0,0.00000,0,0.78814,80,NaN,NaN,100,80,1,1212.83325,2368.50000,0,0,0.00000,0.00000,NaN
173,0.00000,135,0,135,135,135,119.85127,243.15994,1207.50000,2449.83325,0,0.11200,0.11200,0,0.00000,0,1.32998,135,NaN,NaN,100,135,1,1207.50000,2449.83325,0,0,0.00000,0.00000,NaN
174,0.00000,74,0,74,74,74,121.43936,248.32124,1223.50000,2501.83325,0,0.11200,0.11200,0,0.00000,0,0.72903,74,NaN,NaN,100,74,1,1223.50000,2501.83325,0,0,0.00000,0.00000,NaN
175,0.00000,55,0,55,55,55,113.63124,245.54208,1144.83325,2473.83325,0,0.11200,0.11200,0,0.00000,0,0.54184,55,NaN,NaN,100,55,1,1144.83325,2473.83325,0,0,0.00000,0.00000,NaN
176,0.00000,105,0,105,105,105,108.07292,246.60081,1088.83325,2484.50000,0,0.11200,0.11200,0,0.00000,0,1.03443,105,NaN,NaN,100,105,1,1088.83325,2484.50000,0,0,0.00000,0.00000,NaN
177,0.00000,39,0,39,39,39,98.14736,240.38078,988.83337,2421.83325,0,0.11200,0.11200,0,0.00000,0,0.38422,39,NaN,NaN,100,39,1,988.83337,2421.83325,0,0,0.00000,0.00000,NaN
178,0.00000,73,0,73,73,73,87.69242,237.20460,883.50000,2389.83325,0,0.11200,0.11200,0,0.00000,0,0.71917,73,NaN,NaN,100,73,1,883.50000,2389.83325,0,0,0.00000,0.00000,NaN
179,0.00000,106,0,106,106,106,82.39878,235.21948,830.16669,2369.83325,0,0.11200,0.11200,0,0.00000,0,1.04428,106,NaN,NaN,100,106,1,830.16669,2369.83325,0,0,0.00000,0.00000,NaN
180,0.00000,77,0,77,77,77,80.41367,246.99784,810.16669,2488.50000,0,0.11200,0.11200,0,0.00000,0,0.75858,77,NaN,NaN,100,77,1,810.16669,2488.50000,0,0,0.00000,0.00000,NaN
181,0.00000,9,0,9,9,9,75.78174,247.26253,763.50000,2491.16675,0,0.11200,0.11200,0,0.00000,0,0.08867,9,NaN,NaN,100,9,1,763.50000,2491.16675,0,0,0.00000,0.00000,NaN
182,0.00000,90,0,90,90,90,78.56090,250.96807,791.50000,2528.50000,0,0.11200,0.11200,0,0.00000,0,0.88665,90,NaN,NaN,100,90,1,791.50000,2528.50000,0,0,0.00000,0.00000,NaN
183,0.00000,38,0,38,38,38,79.75196,250.30635,803.50000,2521.83325,0,0.11200,0.11200,0,0.00000,0,0.37436,38,NaN,NaN,100,38,1,803.50000,2521.83325,0,0,0.00000,0.00000,NaN
184,0.00000,23,0,23,23,23,80.14899,254.27658,807.50000,2561.83325,0,0.11200,0.11200,0,0.00000,0,0.22659,23,NaN,NaN,100,23,1,807.50000,2561.83325,0,0,0.00000,0.00000,NaN
185,0.00000,106,0,106,106,106,82.66347,253.74723,832.83337,2556.50000,0,0.11200,0.11200,0,0.00000,0,1.04428,106,NaN,NaN,100,106,1,832.83337,2556.50000,0,0,0.00000,0.00000,NaN
186,0.00000,94,0,94,94,94,82.13410,250.96807,827.50000,2528.50000,0,0.11200,0.11200,0,0.00000,0,0.92606,94,NaN,NaN,100,94,1,827.50000,2528.50000,0,0,0.00000,0.00000,NaN
187,0.00000,139,0,139,139,139,98.27970,251.76211,990.16669,2536.50000,0,0.11200,0.11200,0,0.00000,0,1.36939,139,NaN,NaN,100,139,1,990.16669,2536.50000,0,0,0.00000,0.00000,NaN
188,0.00000,216,0,216,216,216,101.32354,253.74723,1020.83337,2556.50000,0,0.11200,0.11200,0,0.00000,0,2.12797,216,NaN,NaN,100,216,1,1020.83337,2556.50000,0,0,0.00000,0.00000,NaN
189,0.00000,202,0,202,202,202,104.89674,252.68849,1056.83325,2545.83325,0,0.11200,0.11200,0,0.00000,0,1.99004,202,NaN,NaN,100,202,1,1056.83325,2545.83325,0,0,0.00000,0.00000,NaN
190,0.00000,93,0,93,93,93,107.80824,255.20298,1086.16663,2571.16675,0,0.11200,0.11200,0,0.00000,0,0.91621,93,NaN,NaN,100,93,1,1086.16663,2571.16675,0,0,0.00000,0.00000,NaN
191,0.00000,109,0,109,109,109,110.71975,257.32043,1115.50000,2592.50000,0,0.11200,0.11200,0,0.00000,0,1.07383,109,NaN,NaN,100,109,1,1115.50000,2592.50000,0,0,0.00000,0.00000,NaN
192,0.00000,97,0,97,97,97,106.88185,260.36428,1076.83325,2623.16675,0,0.11200,0.11200,0,0.00000,0,0.95561,97,NaN,NaN,100,97,1,1076.83325,2623.16675,0,0,0.00000,0.00000,NaN
193,0.00000,338,0,338,338,338,112.44017,260.36428,1132.83325,2623.16675,0,0.11200,0.11200,0,0.00000,0,3.32987,338,NaN,NaN,100,338,1,1132.83325,2623.16675,0,0,0.00000,0.00000,NaN
194,0.00000,25,0,25,25,25,115.21933,261.82002,1160.83325,2637.83325,0,0.11200,0.11200,0,0.00000,0,0.24629,25,NaN,NaN,100,25,1,1160.83325,2637.83325,0,0,0.00000,0.00000,NaN
195,0.00000,186,0,186,186,186,118.26318,251.62978,1191.50000,2535.16675,0,0.11200,0.11200,0,0.00000,0,1.83242,186,NaN,NaN,100,186,1,1191.50000,2535.16675,0,0,0.00000,0.00000,NaN
196,0.00000,118,0,118,118,118,120.90999,253.61489,1218.16663,2555.16675,0,0.11200,0.11200,0,0.00000,0,1.16250,118,NaN,NaN,100,118,1,1218.16663,2555.16675,0,0,0.00000,0.00000,NaN
197,0.00000,79,0,79,79,79,127.13002,248.71826,1280.83325,2505.83325,0,0.11200,0.11200,0,0.00000,0,0.77828,79,NaN,NaN,100,79,1,1280.83325,2505.83325,0,0,0.00000,0.00000,NaN
198,0.00000,208,0,208,208,208,128.85045,245.67444,1298.16663,2475.16675,0,0.11200,0.11200,0,0.00000,0,2.04915,208,NaN,NaN,100,208,1,1298.16663,2475.16675,0,0,0.00000,0.00000,NaN
199,0.00000,306,0,306,306,306,129.97535,219.73562,1309.50000,2213.83350,0,0.11200,0.11200,0,0.00000,0,3.01462,306,NaN,NaN,100,306,1,1309.50000,2213.83350,0,0,0.00000,0.00000,NaN
200,0.00000,296,0,296,296,296,131.43110,214.04494,1324.16663,2156.50000,0,0.11200,0.11200,0,0.00000,0,2.91610,296,NaN,NaN,100,296,1,1324.16663,2156.50000,0,0,0.00000,0.00000,NaN
201,0.00000,106,0,106,106,106,135.13665,214.30961,1361.50000,2159.16650,0,0.11200,0.11200,0,0.00000,0,1.04428,106,NaN,NaN,100,106,1,1361.50000,2159.16650,0,0,0.00000,0.00000,NaN
202,0.00000,144,0,144,144,144,139.37156,219.07388,1404.16663,2207.16650,0,0.11200,0.11200,0,0.00000,0,1.41864,144,NaN,NaN,100,144,1,1404.16663,2207.16650,0,0,0.00000,0.00000,NaN
203,0.00000,54,0,54,54,54,123.49064,240.11612,1244.16663,2419.16675,0,0.11200,0.11200,0,0.00000,0,0.53199,54,NaN,NaN,100,54,1,1244.16663,2419.16675,0,0,0.00000,0.00000,NaN
204,0.00000,81,0,81,81,81,129.31364,234.82246,1302.83325,2365.83325,0,0.11200,0.11200,0,0.00000,0,0.79799,81,NaN,NaN,100,81,1,1302.83325,2365.83325,0,0,0.00000,0.00000,NaN
205,0.00000,62,0,62,62,62,132.35749,233.63139,1333.50000,2353.83325,0,0.11200,0.11200,0,0.00000,0,0.61081,62,NaN,NaN,100,62,1,1333.50000,2353.83325,0,0,0.00000,0.00000,NaN
206,0.00000,75,0,75,75,75,133.68089,230.32288,1346.83325,2320.50000,0,0.11200,0.11200,0,0.00000,0,0.73888,75,NaN,NaN,100,75,1,1346.83325,2320.50000,0,0,0.00000,0.00000,NaN
207,0.00000,91,0,91,91,91,138.31283,234.42544,1393.50000,2361.83325,0,0.11200,0.11200,0,0.00000,0,0.89650,91,NaN,NaN,100,91,1,1393.50000,2361.83325,0,0,0.00000,0.00000,NaN
208,0.00000,90,0,90,90,90,136.32772,225.95563,1373.50000,2276.50000,0,0.11200,0.11200,0,0.00000,0,0.88665,90,NaN,NaN,100,90,1,1373.50000,2276.50000,0,0,0.00000,0.00000,NaN
209,0.00000,146,0,146,146,146,134.47494,224.23520,1354.83325,2259.16675,0,0.11200,0.11200,0,0.00000,0,1.43835,146,NaN,NaN,100,146,1,1354.83325,2259.16675,0,0,0.00000,0.00000,NaN
210,0.00000,101,0,101,101,101,137.51879,224.23520,1385.50000,2259.16675,0,0.11200,0.11200,0,0.00000,0,0.99502,101,NaN,NaN,100,101,1,1385.50000,2259.16675,0,0,0.00000,0.00000,NaN
211,0.00000,145,0,145,145,145,103.37482,228.60245,1041.50000,2303.16675,0,0.11200,0.11200,0,0.00000,0,1.42850,145,NaN,NaN,100,145,1,1041.50000,2303.16675,0,0,0.00000,0.00000,NaN
212,0.00000,77,0,77,77,77,85.64114,238.66036,862.83337,2404.50000,0,0.11200,0.11200,0,0.00000,0,0.75858,77,NaN,NaN,100,77,1,862.83337,2404.50000,0,0,0.00000,0.00000,NaN
213,0.00000,21,0,21,21,21,113.30039,266.18727,1141.50000,2681.83325,0,0.11200,0.11200,0,0.00000,0,0.20689,21,NaN,NaN,100,21,1,1141.50000,2681.83325,0,0,0.00000,0.00000,NaN
214,0.00000,152,0,152,152,152,108.66845,264.73153,1094.83325,2667.16675,0,0.11200,0.11200,0,0.00000,0,1.49746,152,NaN,NaN,100,152,1,1094.83325,2667.16675,0,0,0.00000,0.00000,NaN
215,0.00000,101,0,101,101,101,115.02082,270.68688,1158.83325,2727.16675,0,0.11200,0.11200,0,0.00000,0,0.99502,101,NaN,NaN,100,101,1,1158.83325,2727.16675,0,0,0.00000,0.00000,NaN
216,0.00000,38,0,38,38,38,106.81568,270.55452,1076.16663,2725.83325,0,0.11200,0.11200,0,0.00000,0,0.37436,38,NaN,NaN,100,38,1,1076.16663,2725.83325,0,0,0.00000,0.00000,NaN
217,0.00000,181,0,181,181,181,108.66845,271.08390,1094.83325,2731.16675,0,0.11200,0.11200,0,0.00000,0,1.78316,181,NaN,NaN,100,181,1,1094.83325,2731.16675,0,0,0.00000,0.00000,NaN
218,0.00000,126,0,126,126,126,83.68911,269.23112,843.16669,2712.50000,0,0.11200,0.11200,0,0.00000,0,1.24131,126,NaN,NaN,100,126,1,843.16669,2712.50000,0,0,0.00000,0.00000,NaN
219,0.00000,55,0,55,55,55,80.38059,273.33368,809.83337,2753.83325,0,0.11200,0.11200,0,0.00000,0,0.54184,55,NaN,NaN,100,55,1,809.83337,2753.83325,0,0,0.00000,0.00000,NaN
220,0.00000,70,0,70,70,70,85.27720,273.46604,859.16669,2755.16675,0,0.11200,0.11200,0,0.00000,0,0.68962,70,NaN,NaN,100,70,1,859.16669,2755.16675,0,0,0.00000,0.00000,NaN
221,0.00000,146,0,146,146,146,78.79250,269.62814,793.83337,2716.50000,0,0.11200,0.11200,0,0.00000,0,1.43835,146,NaN,NaN,100,146,1,793.83337,2716.50000,0,0,0.00000,0.00000,NaN
222,0.00000,38,0,38,38,38,88.71807,270.68688,893.83337,2727.16675,0,0.11200,0.11200,0,0.00000,0,0.37436,38,NaN,NaN,100,38,1,893.83337,2727.16675,0,0,0.00000,0.00000,NaN
223,0.00000,11,0,11,11,11,91.49723,273.73070,921.83337,2757.83325,0,0.11200,0.11200,0,0.00000,0,0.10837,11,NaN,NaN,100,11,1,921.83337,2757.83325,0,0,0.00000,0.00000,NaN
224,0.00000,40,0,40,40,40,85.27720,265.52558,859.16669,2675.16675,0,0.11200,0.11200,0,0.00000,0,0.39407,40,NaN,NaN,100,40,1,859.16669,2675.16675,0,0,0.00000,0.00000,NaN
225,0.00000,55,0,55,55,55,89.51211,266.18727,901.83337,2681.83325,0,0.11200,0.11200,0,0.00000,0,0.54184,55,NaN,NaN,100,55,1,901.83337,2681.83325,0,0,0.00000,0.00000,NaN
226,0.00000,41,0,41,41,41,98.24662,269.62814,989.83337,2716.50000,0,0.11200,0.11200,0,0.00000,0,0.40392,41,NaN,NaN,100,41,1,989.83337,2716.50000,0,0,0.00000,0.00000,NaN
227,0.00000,160,0,160,160,160,101.68748,268.70176,1024.50000,2707.16675,0,0.11200,0.11200,0,0.00000,0,1.57627,160,NaN,NaN,100,160,1,1024.50000,2707.16675,0,0,0.00000,0.00000,NaN
228,0.00000,82,0,82,82,82,104.46664,263.01108,1052.50000,2649.83325,0,0.11200,0.11200,0,0.00000,0,0.80784,82,NaN,NaN,100,82,1,1052.50000,2649.83325,0,0,0.00000,0.00000,NaN
229,0.00000,18,0,18,18,18,106.31941,267.77536,1071.16663,2697.83325,0,0.11200,0.11200,0,0.00000,0,0.17733,18,NaN,NaN,100,18,1,1071.16663,2697.83325,0,0,0.00000,0.00000,NaN
230,0.00000,125,0,125,125,125,103.67259,270.02516,1044.50000,2720.50000,0,0.11200,0.11200,0,0.00000,0,1.23146,125,NaN,NaN,100,125,1,1044.50000,2720.50000,0,0,0.00000,0.00000,NaN
231,0.00000,89,0,89,89,89,96.26150,273.99539,969.83337,2760.50000,0,0.11200,0.11200,0,0.00000,0,0.87680,89,NaN,NaN,100,89,1,969.83337,2760.50000,0,0,0.00000,0.00000,NaN
232,0.00000,114,0,114,114,114,98.37895,276.50986,991.16669,2785.83325,0,0.11200,0.11200,0,0.00000,0,1.12309,114,NaN,NaN,100,114,1,991.16669,2785.83325,0,0,0.00000,0.00000,NaN
233,0.00000,122,0,122,122,122,95.07043,278.36264,957.83337,2804.50000,0,0.11200,0.11200,0,0.00000,0,1.20191,122,NaN,NaN,100,122,1,957.83337,2804.50000,0,0,0.00000,0.00000,NaN
234,0.00000,74,0,74,74,74,99.96705,278.89200,1007.16669,2809.83325,0,0.11200,0.11200,0,0.00000,0,0.72903,74,NaN,NaN,100,74,1,1007.16669,2809.83325,0,0,0.00000,0.00000,NaN
235,0.00000,149,0,149,149,149,103.80492,276.11284,1045.83325,2781.83325,0,0.11200,0.11200,0,0.00000,0,1.46790,149,NaN,NaN,100,149,1,1045.83325,2781.83325,0,0,0.00000,0.00000,NaN
236,0.00000,113,0,113,113,113,107.24580,280.21542,1080.50000,2823.16675,0,0.11200,0.11200,0,0.00000,0,1.11324,113,NaN,NaN,100,113,1,1080.50000,2823.16675,0,0,0.00000,0.00000,NaN
237,0.00000,202,0,202,202,202,116.11263,275.05413,1169.83325,2771.16675,0,0.11200,0.11200,0,0.00000,0,1.99004,202,NaN,NaN,100,202,1,1169.83325,2771.16675,0,0,0.00000,0.00000,NaN
238,0.00000,183,0,183,183,183,119.02414,278.09795,1199.16663,2801.83325,0,0.11200,0.11200,0,0.00000,0,1.80286,183,NaN,NaN,100,183,1,1199.16663,2801.83325,0,0,0.00000,0.00000,NaN
239,0.00000,48,0,48,48,48,122.86202,278.62733,1237.83325,2807.16675,0,0.11200,0.11200,0,0.00000,0,0.47288,48,NaN,NaN,100,48,1,1237.83325,2807.16675,0,0,0.00000,0.00000,NaN
240,0.00000,84,0,84,84,84,136.22846,267.51069,1372.50000,2695.16675,0,0.11200,0.11200,0,0.00000,0,0.82754,84,NaN,NaN,100,84,1,1372.50000,2695.16675,0,0,0.00000,0.00000,NaN
241,0.00000,95,0,95,95,95,140.46337,257.45276,1415.16663,2593.83325,0,0.11200,0.11200,0,0.00000,0,0.93591,95,NaN,NaN,100,95,1,1415.16663,2593.83325,0,0,0.00000,0.00000,NaN
242,0.00000,52,0,52,52,52,138.61060,253.74723,1396.50000,2556.50000,0,0.11200,0.11200,0,0.00000,0,0.51229,52,NaN,NaN,100,52,1,1396.50000,2556.50000,0,0,0.00000,0.00000,NaN
243,0.00000,111,0,111,111,111,139.80167,251.10040,1408.50000,2529.83325,0,0.11200,0.11200,0,0.00000,0,1.09354,111,NaN,NaN,100,111,1,1408.50000,2529.83325,0,0,0.00000,0.00000,NaN
244,0.00000,85,0,85,85,85,136.75782,247.13017,1377.83325,2489.83325,0,0.11200,0.11200,0,0.00000,0,0.83739,85,NaN,NaN,100,85,1,1377.83325,2489.83325,0,0,0.00000,0.00000,NaN
245,0.00000,71,0,71,71,71,126.56757,234.55780,1275.16663,2363.16675,0,0.11200,0.11200,0,0.00000,0,0.69947,71,NaN,NaN,100,71,1,1275.16663,2363.16675,0,0,0.00000,0.00000,NaN
246,0.00000,55,0,55,55,55,128.55268,230.85223,1295.16663,2325.83325,0,0.11200,0.11200,0,0.00000,0,0.54184,55,NaN,NaN,100,55,1,1295.16663,2325.83325,0,0,0.00000,0.00000,NaN
247,0.00000,95,0,95,95,95,124.84713,230.05819,1257.83325,2317.83325,0,0.11200,0.11200,0,0.00000,0,0.93591,95,NaN,NaN,100,95,1,1257.83325,2317.83325,0,0,0.00000,0.00000,NaN
248,0.00000,52,0,52,52,52,126.43523,229.52883,1273.83325,2312.50000,0,0.11200,0.11200,0,0.00000,0,0.51229,52,NaN,NaN,100,52,1,1273.83325,2312.50000,0,0,0.00000,0.00000,NaN
249,0.00000,57,0,57,57,57,133.31696,217.75050,1343.16663,2193.83350,0,0.11200,0.11200,0,0.00000,0,0.56155,57,NaN,NaN,100,57,1,1343.16663,2193.83350,0,0,0.00000,0.00000,NaN
250,0.00000,41,0,41,41,41,135.30207,215.63303,1363.16663,2172.50000,0,0.11200,0.11200,0,0.00000,0,0.40392,41,NaN,NaN,100,41,1,1363.16663,2172.50000,0,0,0.00000,0.00000,NaN
251,0.00000,39,0,39,39,39,111.74538,223.83818,1125.83325,2255.16675,0,0.11200,0.11200,0,0.00000,0,0.38422,39,NaN,NaN,100,39,1,1125.83325,2255.16675,0,0,0.00000,0.00000,NaN
252,0.00000,56,0,56,56,56,109.89261,274.39241,1107.16663,2764.50000,0,0.11200,0.11200,0,0.00000,0,0.55169,56,NaN,NaN,100,56,1,1107.16663,2764.50000,0,0,0.00000,0.00000,NaN
253,0.00000,161,0,161,161,161,78.92484,279.15669,795.16669,2812.50000,0,0.11200,0.11200,0,0.00000,0,1.58612,161,NaN,NaN,100,161,1,795.16669,2812.50000,0,0,0.00000,0.00000,NaN
254,0.00000,26,0,26,26,26,81.30697,282.33287,819.16669,2844.50000,0,0.11200,0.11200,0,0.00000,0,0.25614,26,NaN,NaN,100,26,1,819.16669,2844.50000,0,0,0.00000,0.00000,NaN
255,0.00000,125,0,125,125,125,83.95379,287.09714,845.83337,2892.50000,0,0.11200,0.11200,0,0.00000,0,1.23146,125,NaN,NaN,100,125,1,845.83337,2892.50000,0,0,0.00000,0.00000,NaN
256,0.00000,60,0,60,60,60,66.08777,290.14099,665.83337,2923.16675,0,0.11200,0.11200,0,0.00000,0,0.59110,60,NaN,NaN,100,60,1,665.83337,2923.16675,0,0,0.00000,0.00000,NaN
257,0.00000,5,0,5,5,5,89.77679,286.03841,904.50000,2881.83325,0,0.11200,0.11200,0,0.00000,0,0.04926,5,NaN,NaN,100,5,1,904.50000,2881.83325,0,0,0.00000,0.00000,NaN
258,0.00000,0,0,0,0,0,93.35000,288.94993,940.50000,2911.16675,0,0.11200,0.11200,0,0.00000,0,0.00000,0,NaN,NaN,0,0,1,940.50000,2911.16675,0,0,0.00000,0.00000,NaN
259,0.00000,50,0,50,50,50,108.56920,284.18565,1093.83325,2863.16675,0,0.11200,0.11200,0,0.00000,0,0.49258,50,NaN,NaN,100,50,1,1093.83325,2863.16675,0,0,0.00000,0.00000,NaN
260,0.00000,85,0,85,85,85,154.39226,262.61406,1555.50000,2645.83325,0,0.11200,0.11200,0,0.00000,0,0.83739,85,NaN,NaN,100,85,1,1555.50000,2645.83325,0,0,0.00000,0.00000,NaN
261,0.00000,45,0,45,45,45,153.99524,228.47010,1551.50000,2301.83325,0,0.11200,0.11200,0,0.00000,0,0.44333,45,NaN,NaN,100,45,1,1551.50000,2301.83325,0,0,0.00000,0.00000,NaN
262,0.00000,155,0,155,155,155,156.64205,225.02925,1578.16663,2267.16675,0,0.11200,0.11200,0,0.00000,0,1.52701,155,NaN,NaN,100,155,1,1578.16663,2267.16675,0,0,0.00000,0.00000,NaN
263,0.00000,139,0,139,139,139,156.64205,217.88281,1578.16663,2195.16650,0,0.11200,0.11200,0,0.00000,0,1.36939,139,NaN,NaN,100,139,1,1578.16663,2195.16650,0,0,0.00000,0.00000,NaN
264,0.00000,90,0,90,90,90,155.45098,220.26495,1566.16663,2219.16650,0,0.11200,0.11200,0,0.00000,0,0.88665,90,NaN,NaN,100,90,1,1566.16663,2219.16650,0,0,0.00000,0.00000,NaN
265,0.00000,247,0,247,247,247,155.58333,214.17730,1567.50000,2157.83350,0,0.11200,0.11200,0,0.00000,0,2.43337,247,NaN,NaN,100,247,1,1567.50000,2157.83350,0,0,0.00000,0.00000,NaN
266,0.00000,118,0,118,118,118,153.99524,209.01600,1551.50000,2105.83350,0,0.11200,0.11200,0,0.00000,0,1.16250,118,NaN,NaN,100,118,1,1551.50000,2105.83350,0,0,0.00000,0.00000,NaN
267,0.00000,126,0,126,126,126,140.69497,250.07476,1417.50000,2519.50000,0,0.11200,0.11200,0,0.00000,0,1.24131,126,NaN,NaN,100,126,1,1417.50000,2519.50000,0,0,0.00000,0.00000,NaN
268,0.00000,89,0,89,89,89,138.11432,247.52719,1391.50000,2493.83325,0,0.11200,0.11200,0,0.00000,0,0.87680,89,NaN,NaN,100,89,1,1391.50000,2493.83325,0,0,0.00000,0.00000,NaN
269,0.00000,281,0,281,281,281,119.58658,252.42382,1204.83325,2543.16675,0,0.11200,0.11200,0,0.00000,0,2.76833,281,NaN,NaN,100,281,1,1204.83325,2543.16675,0,0,0.00000,0.00000,NaN
270,0.00000,194,0,194,194,194,112.70486,248.32124,1135.50000,2501.83325,0,0.11200,0.11200,0,0.00000,0,1.91123,194,NaN,NaN,100,194,1,1135.50000,2501.83325,0,0,0.00000,0.00000,NaN
271,0.00000,62,0,62,62,62,108.20526,248.58593,1090.16663,2504.50000,0,0.11200,0.11200,0,0.00000,0,0.61081,62,NaN,NaN,100,62,1,1090.16663,2504.50000,0,0,0.00000,0.00000,NaN
272,0.00000,315,0,315,315,315,108.07292,237.33696,1088.83325,2391.16675,0,0.11200,0.11200,0,0.00000,0,3.10328,315,NaN,NaN,100,315,1,1088.83325,2391.16675,0,0,0.00000,0.00000,NaN
273,0.00000,64,0,64,64,64,106.08780,234.55780,1068.83325,2363.16675,0,0.11200,0.11200,0,0.00000,0,0.63051,64,NaN,NaN,100,64,1,1068.83325,2363.16675,0,0,0.00000,0.00000,NaN
274,0.00000,56,0,56,56,56,131.49727,288.25514,1324.83325,2904.16675,0,0.11200,0.11200,0,0.00000,0,0.55169,56,NaN,NaN,100,56,1,1324.83325,2904.16675,0,0,0.00000,0.00000,NaN
275,0.00000,195,0,195,195,195,134.40877,290.50492,1354.16663,2926.83325,0,0.11200,0.11200,0,0.00000,0,1.92108,195,NaN,NaN,100,195,1,1354.16663,2926.83325,0,0,0.00000,0.00000,NaN
276,0.00000,72,0,72,72,72,137.71730,289.71087,1387.50000,2918.83325,0,0.11200,0.11200,0,0.00000,0,0.70932,72,NaN,NaN,100,72,1,1387.50000,2918.83325,0,0,0.00000,0.00000,NaN
277,0.00000,225,0,225,225,225,134.67345,294.47514,1356.83325,2966.83325,0,0.11200,0.11200,0,0.00000,0,2.21663,225,NaN,NaN,100,225,1,1356.83325,2966.83325,0,0,0.00000,0.00000,NaN
278,0.00000,81,0,81,81,81,127.13002,286.66704,1280.83325,2888.16675,0,0.11200,0.11200,0,0.00000,0,0.79799,81,NaN,NaN,100,81,1,1280.83325,2888.16675,0,0,0.00000,0.00000,NaN
279,0.00000,66,0,66,66,66,125.67427,282.96148,1266.16663,2850.83325,0,0.11200,0.11200,0,0.00000,0,0.65021,66,NaN,NaN,100,66,1,1266.16663,2850.83325,0,0,0.00000,0.00000,NaN
280,0.00000,114,0,114,114,114,121.30702,282.96148,1222.16663,2850.83325,0,0.11200,0.11200,0,0.00000,0,1.12309,114,NaN,NaN,100,114,1,1222.16663,2850.83325,0,0,0.00000,0.00000,NaN
281,0.00000,147,0,147,147,147,117.07211,285.87300,1179.50000,2880.16675,0,0.11200,0.11200,0,0.00000,0,1.44820,147,NaN,NaN,100,147,1,1179.50000,2880.16675,0,0,0.00000,0.00000,NaN
282,0.00000,161,0,161,161,161,115.61635,295.26919,1164.83325,2974.83325,0,0.11200,0.11200,0,0.00000,0,1.58612,161,NaN,NaN,100,161,1,1164.83325,2974.83325,0,0,0.00000,0.00000,NaN
283,0.00000,46,0,46,46,46,112.70486,291.69598,1135.50000,2938.83325,0,0.11200,0.11200,0,0.00000,0,0.45318,46,NaN,NaN,100,46,1,1135.50000,2938.83325,0,0,0.00000,0.00000,NaN
284,0.00000,74,0,74,74,74,112.70486,296.59262,1135.50000,2988.16675,0,0.11200,0.11200,0,0.00000,0,0.72903,74,NaN,NaN,100,74,1,1135.50000,2988.16675,0,0,0.00000,0.00000,NaN
285,0.00000,45,0,45,45,45,108.46994,292.88705,1092.83325,2950.83325,0,0.11200,0.11200,0,0.00000,0,0.44333,45,NaN,NaN,100,45,1,1092.83325,2950.83325,0,0,0.00000,0.00000,NaN
286,0.00000,159,0,159,159,159,107.54356,300.95987,1083.50000,3032.16675,0,0.11200,0.11200,0,0.00000,0,1.56642,159,NaN,NaN,100,159,1,1083.50000,3032.16675,0,0,0.00000,0.00000,NaN
287,0.00000,68,0,68,68,68,120.24829,298.31304,1211.50000,3005.50000,0,0.11200,0.11200,0,0.00000,0,0.66992,68,NaN,NaN,100,68,1,1211.50000,3005.50000,0,0,0.00000,0.00000,NaN
288,0.00000,19,0,19,19,19,116.01338,299.76880,1168.83325,3020.16675,0,0.11200,0.11200,0,0.00000,0,0.18718,19,NaN,NaN,100,19,1,1168.83325,3020.16675,0,0,0.00000,0.00000,NaN
289,0.00000,139,0,139,139,139,97.22097,304.79774,979.50000,3070.83325,0,0.11200,0.11200,0,0.00000,0,1.36939,139,NaN,NaN,100,139,1,979.50000,3070.83325,0,0,0.00000,0.00000,NaN
290,0.00000,605,0,605,605,605,96.42692,301.48922,971.50000,3037.50000,0,0.11200,0.11200,0,0.00000,0,5.96028,605,NaN,NaN,100,605,1,971.50000,3037.50000,0,0,0.00000,0.00000,NaN
291,0.00000,52,0,52,52,52,99.60311,298.84240,1003.50000,3010.83325,0,0.11200,0.11200,0,0.00000,0,0.51229,52,NaN,NaN,100,52,1,1003.50000,3010.83325,0,0,0.00000,0.00000,NaN
292,0.00000,124,0,124,124,124,104.10269,298.71006,1048.83325,3009.50000,0,0.11200,0.11200,0,0.00000,0,1.22161,124,NaN,NaN,100,124,1,1048.83325,3009.50000,0,0,0.00000,0.00000,NaN
293,0.00000,374,0,374,374,374,93.11840,302.94498,938.16669,3052.16675,0,0.11200,0.11200,0,0.00000,0,3.68453,374,NaN,NaN,100,374,1,938.16669,3052.16675,0,0,0.00000,0.00000,NaN
294,0.00000,79,0,79,79,79,90.07456,304.53307,907.50000,3068.16675,0,0.11200,0.11200,0,0.00000,0,0.77828,79,NaN,NaN,100,79,1,907.50000,3068.16675,0,0,0.00000,0.00000,NaN
295,0.00000,57,0,57,57,57,86.10433,309.82670,867.50000,3121.50000,0,0.11200,0.11200,0,0.00000,0,0.56155,57,NaN,NaN,100,57,1,867.50000,3121.50000,0,0,0.00000,0.00000,NaN
296,0.00000,4,0,4,4,4,90.33924,308.90032,910.16669,3112.16675,0,0.11200,0.11200,0,0.00000,0,0.03941,4,NaN,NaN,100,4,1,910.16669,3112.16675,0,0,0.00000,0.00000,NaN
297,0.00000,41,0,41,41,41,82.26645,311.54713,828.83337,3138.83325,0,0.11200,0.11200,0,0.00000,0,0.40392,41,NaN,NaN,100,41,1,828.83337,3138.83325,0,0,0.00000,0.00000,NaN
298,0.00000,146,0,146,146,146,79.35494,313.53224,799.50000,3158.83325,0,0.11200,0.11200,0,0.00000,0,1.43835,146,NaN,NaN,100,146,1,799.50000,3158.83325,0,0,0.00000,0.00000,NaN
299,0.00000,14,0,14,14,14,81.20772,305.98881,818.16669,3082.83325,0,0.11200,0.11200,0,0.00000,0,0.13792,14,NaN,NaN,100,14,1,818.16669,3082.83325,0,0,0.00000,0.00000,NaN
300,0.00000,15,0,15,15,15,83.19283,302.54796,838.16669,3048.16675,0,0.11200,0.11200,0,0.00000,0,0.14778,15,NaN,NaN,100,15,1,838.16669,3048.16675,0,0,0.00000,0.00000,NaN
301,0.00000,14,0,14,14,14,86.89838,300.56284,875.50000,3028.16675,0,0.11200,0.11200,0,0.00000,0,0.13792,14,NaN,NaN,100,14,1,875.50000,3028.16675,0,0,0.00000,0.00000,NaN
302,0.00000,109,0,109,109,109,90.73626,293.41643,914.16669,2956.16675,0,0.11200,0.11200,0,0.00000,0,1.07383,109,NaN,NaN,100,109,1,914.16669,2956.16675,0,0,0.00000,0.00000,NaN
303,0.00000,251,0,251,251,251,76.21185,295.93090,767.83337,2981.50000,0,0.11200,0.11200,0,0.00000,0,2.47278,251,NaN,NaN,100,251,1,767.83337,2981.50000,0,0,0.00000,0.00000,NaN
304,0.00000,49,0,49,49,49,56.09602,294.07812,565.16669,2962.83325,0,0.11200,0.11200,0,0.00000,0,0.48273,49,NaN,NaN,100,49,1,565.16669,2962.83325,0,0,0.00000,0.00000,NaN
305,0.00000,19,0,19,19,19,73.03566,302.01858,735.83337,3042.83325,0,0.11200,0.11200,0,0.00000,0,0.18718,19,NaN,NaN,100,19,1,735.83337,3042.83325,0,0,0.00000,0.00000,NaN
306,0.00000,169,0,169,169,169,72.24162,304.79774,727.83337,3070.83325,0,0.11200,0.11200,0,0.00000,0,1.66494,169,NaN,NaN,100,169,1,727.83337,3070.83325,0,0,0.00000,0.00000,NaN
307,0.00000,35,0,35,35,35,69.06544,307.17988,695.83337,3094.83325,0,0.11200,0.11200,0,0.00000,0,0.34481,35,NaN,NaN,100,35,1,695.83337,3094.83325,0,0,0.00000,0.00000,NaN
308,0.00000,244,0,244,244,244,70.91821,309.03266,714.50000,3113.50000,0,0.11200,0.11200,0,0.00000,0,2.40381,244,NaN,NaN,100,244,1,714.50000,3113.50000,0,0,0.00000,0.00000,NaN
309,0.00000,61,0,61,61,61,69.33011,309.82670,698.50000,3121.50000,0,0.11200,0.11200,0,0.00000,0,0.60095,61,NaN,NaN,100,61,1,698.50000,3121.50000,0,0,0.00000,0.00000,NaN
310,0.00000,213,0,213,213,213,71.44757,311.94415,719.83337,3142.83325,0,0.11200,0.11200,0,0.00000,0,2.09841,213,NaN,NaN,100,213,1,719.83337,3142.83325,0,0,0.00000,0.00000,NaN
311,0.00000,741,0,741,741,741,72.50630,314.19395,730.50000,3165.50000,0,0.11200,0.11200,0,0.00000,0,7.30011,741,NaN,NaN,100,741,1,730.50000,3165.50000,0,0,0.00000,0.00000,NaN
312,0.00000,180,0,180,180,180,74.09439,316.84078,746.50000,3192.16675,0,0.11200,0.11200,0,0.00000,0,1.77331,180,NaN,NaN,100,180,1,746.50000,3192.16675,0,0,0.00000,0.00000,NaN
313,0.00000,138,0,138,138,138,75.15312,316.31140,757.16669,3186.83325,0,0.11200,0.11200,0,0.00000,0,1.35953,138,NaN,NaN,100,138,1,757.16669,3186.83325,0,0,0.00000,0.00000,NaN
314,0.00000,100,0,100,100,100,77.53526,321.07568,781.16669,3234.83325,0,0.11200,0.11200,0,0.00000,0,0.98517,100,NaN,NaN,100,100,1,781.16669,3234.83325,0,0,0.00000,0.00000,NaN
315,0.00000,126,0,126,126,126,74.88843,321.07568,754.50000,3234.83325,0,0.11200,0.11200,0,0.00000,0,1.24131,126,NaN,NaN,100,126,1,754.50000,3234.83325,0,0,0.00000,0.00000,NaN
316,0.00000,163,0,163,163,163,70.25650,321.86972,707.83337,3242.83325,0,0.11200,0.11200,0,0.00000,0,1.60583,163,NaN,NaN,100,163,1,707.83337,3242.83325,0,0,0.00000,0.00000,NaN
317,0.00000,43,0,43,43,43,70.25650,317.76716,707.83337,3201.50000,0,0.11200,0.11200,0,0.00000,0,0.42362,43,NaN,NaN,100,43,1,707.83337,3201.50000,0,0,0.00000,0.00000,NaN
318,0.00000,93,0,93,93,93,67.74202,312.87055,682.50000,3152.16675,0,0.11200,0.11200,0,0.00000,0,0.91621,93,NaN,NaN,100,93,1,682.50000,3152.16675,0,0,0.00000,0.00000,NaN
319,0.00000,59,0,59,59,59,66.68330,315.25269,671.83337,3176.16675,0,0.11200,0.11200,0,0.00000,0,0.58125,59,NaN,NaN,100,59,1,671.83337,3176.16675,0,0,0.00000,0.00000,NaN
320,0.00000,66,0,66,66,66,63.63946,314.98800,641.16669,3173.50000,0,0.11200,0.11200,0,0.00000,0,0.65021,66,NaN,NaN,100,66,1,641.16669,3173.50000,0,0,0.00000,0.00000,NaN
321,0.00000,83,0,83,83,83,64.96286,318.56121,654.50000,3209.50000,0,0.11200,0.11200,0,0.00000,0,0.81769,83,NaN,NaN,100,83,1,654.50000,3209.50000,0,0,0.00000,0.00000,NaN
322,0.00000,96,0,96,96,96,68.00671,322.26674,685.16669,3246.83325,0,0.11200,0.11200,0,0.00000,0,0.94576,96,NaN,NaN,100,96,1,685.16669,3246.83325,0,0,0.00000,0.00000,NaN
323,0.00000,152,0,152,152,152,71.84460,325.31059,723.83337,3277.50000,0,0.11200,0.11200,0,0.00000,0,1.49746,152,NaN,NaN,100,152,1,723.83337,3277.50000,0,0,0.00000,0.00000,NaN
324,0.00000,180,0,180,180,180,68.53607,328.48678,690.50000,3309.50000,0,0.11200,0.11200,0,0.00000,0,1.77331,180,NaN,NaN,100,180,1,690.50000,3309.50000,0,0,0.00000,0.00000,NaN
325,0.00000,66,0,66,66,66,65.09521,325.83995,655.83337,3282.83325,0,0.11200,0.11200,0,0.00000,0,0.65021,66,NaN,NaN,100,66,1,655.83337,3282.83325,0,0,0.00000,0.00000,NaN
326,0.00000,179,0,179,179,179,68.93309,324.64888,694.50000,3270.83325,0,0.11200,0.11200,0,0.00000,0,1.76345,179,NaN,NaN,100,179,1,694.50000,3270.83325,0,0,0.00000,0.00000,NaN
327,0.00000,68,0,68,68,68,69.99182,323.32548,705.16669,3257.50000,0,0.11200,0.11200,0,0.00000,0,0.66992,68,NaN,NaN,100,68,1,705.16669,3257.50000,0,0,0.00000,0.00000,NaN
328,0.00000,98,0,98,98,98,65.49223,331.53063,659.83337,3340.16675,0,0.11200,0.11200,0,0.00000,0,0.96547,98,NaN,NaN,100,98,1,659.83337,3340.16675,0,0,0.00000,0.00000,NaN
329,0.00000,72,0,72,72,72,62.18370,329.28082,626.50000,3317.50000,0,0.11200,0.11200,0,0.00000,0,0.70932,72,NaN,NaN,100,72,1,626.50000,3317.50000,0,0,0.00000,0.00000,NaN
330,0.00000,85,0,85,85,85,57.68411,331.79529,581.16669,3342.83325,0,0.11200,0.11200,0,0.00000,0,0.83739,85,NaN,NaN,100,85,1,581.16669,3342.83325,0,0,0.00000,0.00000,NaN
331,0.00000,25,0,25,25,25,59.80157,326.63399,602.50000,3290.83325,0,0.11200,0.11200,0,0.00000,0,0.24629,25,NaN,NaN,100,25,1,602.50000,3290.83325,0,0,0.00000,0.00000,NaN
332,0.00000,50,0,50,50,50,56.09602,325.57528,565.16669,3280.16675,0,0.11200,0.11200,0,0.00000,0,0.49258,50,NaN,NaN,100,50,1,565.16669,3280.16675,0,0,0.00000,0.00000,NaN
333,0.00000,240,0,240,240,240,48.68493,321.86972,490.50000,3242.83325,0,0.11200,0.11200,0,0.00000,0,2.36441,240,NaN,NaN,100,240,1,490.50000,3242.83325,0,0,0.00000,0.00000,NaN
334,0.00000,41,0,41,41,41,60.33093,302.15094,607.83337,3044.16675,0,0.11200,0.11200,0,0.00000,0,0.40392,41,NaN,NaN,100,41,1,607.83337,3044.16675,0,0,0.00000,0.00000,NaN
335,0.00000,5,0,5,5,5,54.90495,307.17988,553.16669,3094.83325,0,0.11200,0.11200,0,0.00000,0,0.04926,5,NaN,NaN,100,5,1,553.16669,3094.83325,0,0,0.00000,0.00000,NaN
336,0.00000,126,0,126,126,126,47.09683,314.59098,474.50000,3169.50000,0,0.11200,0.11200,0,0.00000,0,1.24131,126,NaN,NaN,100,126,1,474.50000,3169.50000,0,0,0.00000,0.00000,NaN
337,0.00000,41,0,41,41,41,46.03811,323.98719,463.83331,3264.16675,0,0.11200,0.11200,0,0.00000,0,0.40392,41,NaN,NaN,100,41,1,463.83331,3264.16675,0,0,0.00000,0.00000,NaN
338,0.00000,157,0,157,157,157,54.64027,330.07487,550.50000,3325.50000,0,0.11200,0.11200,0,0.00000,0,1.54672,157,NaN,NaN,100,157,1,550.50000,3325.50000,0,0,0.00000,0.00000,NaN
339,0.00000,146,0,146,146,146,61.38966,322.26674,618.50000,3246.83325,0,0.11200,0.11200,0,0.00000,0,1.43835,146,NaN,NaN,100,146,1,618.50000,3246.83325,0,0,0.00000,0.00000,NaN
340,0.00000,32,0,32,32,32,61.38966,316.97311,618.50000,3193.50000,0,0.11200,0.11200,0,0.00000,0,0.31525,32,NaN,NaN,100,32,1,618.50000,3193.50000,0,0,0.00000,0.00000,NaN
341,0.00000,167,0,167,167,167,68.80075,315.64971,693.16669,3180.16675,0,0.11200,0.11200,0,0.00000,0,1.64523,167,NaN,NaN,100,167,1,693.16669,3180.16675,0,0,0.00000,0.00000,NaN
342,0.00000,33,0,33,33,33,50.23993,341.48927,506.16666,3440.50000,0,0.11200,0.11200,0,0.00000,0,0.32511,33,NaN,NaN,100,33,1,506.16666,3440.50000,0,0,0.00000,0.00000,NaN
343,0.00000,213,0,213,213,213,51.43100,339.23947,518.16669,3417.83325,0,0.11200,0.11200,0,0.00000,0,2.09841,213,NaN,NaN,100,213,1,518.16669,3417.83325,0,0,0.00000,0.00000,NaN
344,0.00000,50,0,50,50,50,48.12248,337.78374,484.83331,3403.16675,0,0.11200,0.11200,0,0.00000,0,0.49258,50,NaN,NaN,100,50,1,484.83331,3403.16675,0,0,0.00000,0.00000,NaN
345,0.00000,7,0,7,7,7,45.47566,344.40077,458.16666,3469.83325,0,0.11200,0.11200,0,0.00000,0,0.06896,7,NaN,NaN,100,7,1,458.16666,3469.83325,0,0,0.00000,0.00000,NaN
346,0.00000,190,0,190,190,190,39.78500,341.22458,400.83331,3437.83325,0,0.11200,0.11200,0,0.00000,0,1.87182,190,NaN,NaN,100,190,1,400.83331,3437.83325,0,0,0.00000,0.00000,NaN
347,0.00000,34,0,34,34,34,43.35820,338.71011,436.83331,3412.50000,0,0.11200,0.11200,0,0.00000,0,0.33496,34,NaN,NaN,100,34,1,436.83331,3412.50000,0,0,0.00000,0.00000,NaN
348,0.00000,30,0,30,30,30,37.27052,345.72419,375.50000,3483.16675,0,0.11200,0.11200,0,0.00000,0,0.29555,30,NaN,NaN,100,30,1,375.50000,3483.16675,0,0,0.00000,0.00000,NaN
349,0.00000,212,0,212,212,212,32.63858,344.00374,328.83331,3465.83325,0,0.11200,0.11200,0,0.00000,0,2.08856,212,NaN,NaN,100,212,1,328.83331,3465.83325,0,0,0.00000,0.00000,NaN
350,0.00000,109,0,109,109,109,17.94874,331.96073,180.83334,3344.50000,0,0.11200,0.11200,0,0.00000,0,1.07383,109,NaN,NaN,100,109,1,180.83334,3344.50000,0,0,0.00000,0.00000,NaN
351,0.00000,70,0,70,70,70,34.09434,328.25519,343.50000,3307.16675,0,0.11200,0.11200,0,0.00000,0,0.68962,70,NaN,NaN,100,70,1,343.50000,3307.16675,0,0,0.00000,0.00000,NaN
352,0.00000,67,0,67,67,67,51.29866,323.22622,516.83331,3256.50000,0,0.11200,0.11200,0,0.00000,0,0.66006,67,NaN,NaN,100,67,1,516.83331,3256.50000,0,0,0.00000,0.00000,NaN
353,0.00000,62,0,62,62,62,54.47485,340.95992,548.83337,3435.16675,0,0.11200,0.11200,0,0.00000,0,0.61081,62,NaN,NaN,100,62,1,548.83337,3435.16675,0,0,0.00000,0.00000,NaN
354,0.00000,56,0,56,56,56,22.77919,337.22128,229.50000,3397.50000,0,0.11200,0.11200,0,0.00000,0,0.55169,56,NaN,NaN,100,56,1,229.50000,3397.50000,0,0,0.00000,0.00000,NaN
355,0.00000,65,0,65,65,65,18.61045,338.57778,187.50000,3411.16675,0,0.11200,0.11200,0,0.00000,0,0.64036,65,NaN,NaN,100,65,1,187.50000,3411.16675,0,0,0.00000,0.00000,NaN
356,0.00000,59,0,59,59,59,26.15388,334.73989,263.50000,3372.50000,0,0.11200,0.11200,0,0.00000,0,0.58125,59,NaN,NaN,100,59,1,263.50000,3372.50000,0,0,0.00000,0.00000,NaN
357,0.00000,0,0,0,0,0,22.05131,342.41565,222.16667,3449.83325,0,0.11200,0.11200,0,0.00000,0,0.00000,0,NaN,NaN,0,0,1,222.16667,3449.83325,0,0,0.00000,0.00000,NaN
358,0.00000,27,0,27,27,27,27.08026,338.97480,272.83331,3415.16675,0,0.11200,0.11200,0,0.00000,0,0.26600,27,NaN,NaN,100,27,1,272.83331,3415.16675,0,0,0.00000,0.00000,NaN
359,0.00000,162,0,162,162,162,25.35983,342.94503,255.50000,3455.16675,0,0.11200,0.11200,0,0.00000,0,1.59597,162,NaN,NaN,100,162,1,255.50000,3455.16675,0,0,0.00000,0.00000,NaN
360,0.00000,16,0,16,16,16,36.27796,338.01532,365.50000,3405.50000,0,0.11200,0.11200,0,0.00000,0,0.15763,16,NaN,NaN,100,16,1,365.50000,3405.50000,0,0,0.00000,0.00000,NaN
361,0.00000,36,0,36,36,36,79.61963,298.61081,802.16669,3008.50000,0,0.11200,0.11200,0,0.00000,0,0.35466,36,NaN,NaN,100,36,1,802.16669,3008.50000,0,0,0.00000,0.00000,NaN
362,0.00000,197,0,197,197,197,92.45669,295.96398,931.50000,2981.83325,0,0.11200,0.11200,0,0.00000,0,1.94078,197,NaN,NaN,100,197,1,931.50000,2981.83325,0,0,0.00000,0.00000,NaN
363,0.00000,13,0,13,13,13,69.82639,320.05004,703.50000,3224.50000,0,0.11200,0.11200,0,0.00000,0,0.12807,13,NaN,NaN,100,13,1,703.50000,3224.50000,0,0,0.00000,0.00000,NaN
364,0.00000,74,0,74,74,74,22.18365,399.42153,223.50000,4024.16675,0,0.11200,0.11200,0,0.00000,0,0.72903,74,NaN,NaN,100,74,1,223.50000,4024.16675,0,0,0.00000,0.00000,NaN
365,0.00000,404,0,404,404,404,22.05131,395.45130,222.16667,3984.16675,0,0.11200,0.11200,0,0.00000,0,3.98009,404,NaN,NaN,100,404,1,222.16667,3984.16675,0,0,0.00000,0.00000,NaN
366,0.00000,160,0,160,160,160,15.43426,391.34872,155.50000,3942.83325,0,0.11200,0.11200,0,0.00000,0,1.57627,160,NaN,NaN,100,160,1,155.50000,3942.83325,0,0,0.00000,0.00000,NaN
367,0.00000,267,0,267,267,267,19.00747,389.49596,191.50000,3924.16675,0,0.11200,0.11200,0,0.00000,0,2.63040,267,NaN,NaN,100,267,1,191.50000,3924.16675,0,0,0.00000,0.00000,NaN
368,0.00000,58,0,58,58,58,14.90490,388.04020,150.16667,3909.50000,0,0.11200,0.11200,0,0.00000,0,0.57140,58,NaN,NaN,100,58,1,150.16667,3909.50000,0,0,0.00000,0.00000,NaN
369,0.00000,337,0,337,337,337,18.21342,385.92276,183.50000,3888.16675,0,0.11200,0.11200,0,0.00000,0,3.32002,337,NaN,NaN,100,337,1,183.50000,3888.16675,0,0,0.00000,0.00000,NaN
370,0.00000,480,0,480,480,480,16.89001,383.80528,170.16667,3866.83325,0,0.11200,0.11200,0,0.00000,0,4.72881,480,NaN,NaN,100,480,1,170.16667,3866.83325,0,0,0.00000,0.00000,NaN
371,0.00000,225,0,225,225,225,13.58149,383.80528,136.83334,3866.83325,0,0.11200,0.11200,0,0.00000,0,2.21663,225,NaN,NaN,100,225,1,136.83334,3866.83325,0,0,0.00000,0.00000,NaN
372,0.00000,73,0,73,73,73,14.24319,379.70272,143.50000,3825.50000,0,0.11200,0.11200,0,0.00000,0,0.71917,73,NaN,NaN,100,73,1,143.50000,3825.50000,0,0,0.00000,0.00000,NaN
373,0.00000,12,0,12,12,12,10.00828,380.23208,100.83333,3830.83325,0,0.11200,0.11200,0,0.00000,0,0.11822,12,NaN,NaN,100,12,1,100.83333,3830.83325,0,0,0.00000,0.00000,NaN
374,0.00000,175,0,175,175,175,9.47892,377.58528,95.50000,3804.16675,0,0.11200,0.11200,0,0.00000,0,1.72405,175,NaN,NaN,100,175,1,95.50000,3804.16675,0,0,0.00000,0.00000,NaN
375,0.00000,114,0,114,114,114,15.83129,375.33547,159.50000,3781.50000,0,0.11200,0.11200,0,0.00000,0,1.12309,114,NaN,NaN,100,114,1,159.50000,3781.50000,0,0,0.00000,0.00000,NaN
376,0.00000,163,0,163,163,163,26.94793,375.86483,271.50000,3786.83325,0,0.11200,0.11200,0,0.00000,0,1.60583,163,NaN,NaN,100,163,1,271.50000,3786.83325,0,0,0.00000,0.00000,NaN
377,0.00000,333,0,333,333,333,27.87431,374.01207,280.83331,3768.16675,0,0.11200,0.11200,0,0.00000,0,3.28061,333,NaN,NaN,100,333,1,280.83331,3768.16675,0,0,0.00000,0.00000,NaN
378,0.00000,195,0,195,195,195,25.22749,370.70353,254.16667,3734.83325,0,0.11200,0.11200,0,0.00000,0,1.92108,195,NaN,NaN,100,195,1,254.16667,3734.83325,0,0,0.00000,0.00000,NaN
379,0.00000,81,0,81,81,81,25.09515,366.99799,252.83334,3697.50000,0,0.11200,0.11200,0,0.00000,0,0.79799,81,NaN,NaN,100,81,1,252.83334,3697.50000,0,0,0.00000,0.00000,NaN
380,0.00000,635,0,635,635,635,31.71220,368.85077,319.50000,3716.16675,0,0.11200,0.11200,0,0.00000,0,6.25583,635,NaN,NaN,100,635,1,319.50000,3716.16675,0,0,0.00000,0.00000,NaN
381,0.00000,512,0,512,512,512,32.37390,374.27674,326.16666,3770.83325,0,0.11200,0.11200,0,0.00000,0,5.04407,512,NaN,NaN,100,512,1,326.16666,3770.83325,0,0,0.00000,0.00000,NaN
382,0.00000,170,0,170,170,170,40.84373,366.60097,411.50000,3693.50000,0,0.11200,0.11200,0,0.00000,0,1.67479,170,NaN,NaN,100,170,1,411.50000,3693.50000,0,0,0.00000,0.00000,NaN
383,0.00000,84,0,84,84,84,48.78418,374.40909,491.50000,3772.16675,0,0.11200,0.11200,0,0.00000,0,0.82754,84,NaN,NaN,100,84,1,491.50000,3772.16675,0,0,0.00000,0.00000,NaN
384,0.00000,200,0,200,200,200,51.16632,365.01288,515.50000,3677.50000,0,0.11200,0.11200,0,0.00000,0,1.97034,200,NaN,NaN,100,200,1,515.50000,3677.50000,0,0,0.00000,0.00000,NaN
385,0.00000,319,0,319,319,319,48.78418,361.17498,491.50000,3638.83325,0,0.11200,0.11200,0,0.00000,0,3.14269,319,NaN,NaN,100,319,1,491.50000,3638.83325,0,0,0.00000,0.00000,NaN
386,0.00000,86,0,86,86,86,55.53357,371.89460,559.50000,3746.83325,0,0.11200,0.11200,0,0.00000,0,0.84725,86,NaN,NaN,100,86,1,559.50000,3746.83325,0,0,0.00000,0.00000,NaN
387,0.00000,78,0,78,78,78,56.72464,376.26185,571.50000,3790.83325,0,0.11200,0.11200,0,0.00000,0,0.76843,78,NaN,NaN,100,78,1,571.50000,3790.83325,0,0,0.00000,0.00000,NaN
388,0.00000,754,0,754,754,754,64.00340,353.76391,644.83337,3564.16675,0,0.11200,0.11200,0,0.00000,0,7.42818,754,NaN,NaN,100,754,1,644.83337,3564.16675,0,0,0.00000,0.00000,NaN
389,0.00000,59,0,59,59,59,64.40042,355.21964,648.83337,3578.83325,0,0.11200,0.11200,0,0.00000,0,0.58125,59,NaN,NaN,100,59,1,648.83337,3578.83325,0,0,0.00000,0.00000,NaN
390,0.00000,140,0,140,140,140,49.97525,399.88471,503.50000,4028.83325,0,0.11200,0.11200,0,0.00000,0,1.37924,140,NaN,NaN,100,140,1,503.50000,4028.83325,0,0,0.00000,0.00000,NaN
391,0.00000,160,0,160,160,160,54.07782,399.09066,544.83337,4020.83325,0,0.11200,0.11200,0,0.00000,0,1.57627,160,NaN,NaN,100,160,1,544.83337,4020.83325,0,0,0.00000,0.00000,NaN
392,0.00000,860,0,860,860,860,56.59230,394.98810,570.16669,3979.50000,0,0.11200,0.11200,0,0.00000,0,8.47246,860,NaN,NaN,100,860,1,570.16669,3979.50000,0,0,0.00000,0.00000,NaN
393,0.00000,415,0,415,415,415,55.13655,393.40001,555.50000,3963.50000,0,0.11200,0.11200,0,0.00000,0,4.08845,415,NaN,NaN,100,415,1,555.50000,3963.50000,0,0,0.00000,0.00000,NaN
394,0.00000,148,0,148,148,148,58.04805,394.19406,584.83337,3971.50000,0,0.11200,0.11200,0,0.00000,0,1.45805,148,NaN,NaN,100,148,1,584.83337,3971.50000,0,0,0.00000,0.00000,NaN
395,0.00000,205,0,205,205,205,60.95955,396.57619,614.16669,3995.50000,0,0.11200,0.11200,0,0.00000,0,2.01960,205,NaN,NaN,100,205,1,614.16669,3995.50000,0,0,0.00000,0.00000,NaN
396,0.00000,353,0,353,353,353,58.84210,398.69364,592.83337,4016.83325,0,0.11200,0.11200,0,0.00000,0,3.47765,353,NaN,NaN,100,353,1,592.83337,4016.83325,0,0,0.00000,0.00000,NaN
397,0.00000,389,0,389,389,389,56.59230,402.00218,570.16669,4050.16675,0,0.11200,0.11200,0,0.00000,0,3.83231,389,NaN,NaN,100,389,1,570.16669,4050.16675,0,0,0.00000,0.00000,NaN
398,0.00000,268,0,268,268,268,54.60719,400.94345,550.16669,4039.50000,0,0.11200,0.11200,0,0.00000,0,2.64025,268,NaN,NaN,100,268,1,550.16669,4039.50000,0,0,0.00000,0.00000,NaN
399,0.00000,152,0,152,152,152,69.16469,390.62085,696.83337,3935.50000,0,0.11200,0.11200,0,0.00000,0,1.49746,152,NaN,NaN,100,152,1,696.83337,3935.50000,0,0,0.00000,0.00000,NaN
400,0.00000,238,0,238,238,238,72.60555,388.90043,731.50000,3918.16675,0,0.11200,0.11200,0,0.00000,0,2.34470,238,NaN,NaN,100,238,1,731.50000,3918.16675,0,0,0.00000,0.00000,NaN
401,0.00000,26,0,26,26,26,77.23749,385.72424,778.16669,3886.16675,0,0.11200,0.11200,0,0.00000,0,0.25614,26,NaN,NaN,100,26,1,778.16669,3886.16675,0,0,0.00000,0.00000,NaN
402,0.00000,88,0,88,88,88,79.22260,391.41490,798.16669,3943.50000,0,0.11200,0.11200,0,0.00000,0,0.86695,88,NaN,NaN,100,88,1,798.16669,3943.50000,0,0,0.00000,0.00000,NaN
403,0.00000,127,0,127,127,127,81.60474,386.12127,822.16669,3890.16675,0,0.11200,0.11200,0,0.00000,0,1.25117,127,NaN,NaN,100,127,1,822.16669,3890.16675,0,0,0.00000,0.00000,NaN
404,0.00000,73,0,73,73,73,84.25156,391.67959,848.83337,3946.16675,0,0.11200,0.11200,0,0.00000,0,0.71917,73,NaN,NaN,100,73,1,848.83337,3946.16675,0,0,0.00000,0.00000,NaN
405,0.00000,66,0,66,66,66,80.14899,395.51746,807.50000,3984.83325,0,0.11200,0.11200,0,0.00000,0,0.65021,66,NaN,NaN,100,66,1,807.50000,3984.83325,0,0,0.00000,0.00000,NaN
406,0.00000,46,0,46,46,46,76.84047,396.57619,774.16669,3995.50000,0,0.11200,0.11200,0,0.00000,0,0.45318,46,NaN,NaN,100,46,1,774.16669,3995.50000,0,0,0.00000,0.00000,NaN
407,0.00000,155,0,155,155,155,84.11922,395.25279,847.50000,3982.16675,0,0.11200,0.11200,0,0.00000,0,1.52701,155,NaN,NaN,100,155,1,847.50000,3982.16675,0,0,0.00000,0.00000,NaN
408,0.00000,609,0,609,609,609,72.07619,394.32639,726.16669,3972.83325,0,0.11200,0.11200,0,0.00000,0,5.99968,609,NaN,NaN,100,609,1,726.16669,3972.83325,0,0,0.00000,0.00000,NaN
409,0.00000,40,0,40,40,40,66.25319,385.85658,667.50000,3887.50000,0,0.11200,0.11200,0,0.00000,0,0.39407,40,NaN,NaN,100,40,1,667.50000,3887.50000,0,0,0.00000,0.00000,NaN
410,0.00000,24,0,24,24,24,67.57660,381.09230,680.83337,3839.50000,0,0.11200,0.11200,0,0.00000,0,0.23644,24,NaN,NaN,100,24,1,680.83337,3839.50000,0,0,0.00000,0.00000,NaN
411,0.00000,41,0,41,41,41,85.44263,378.31314,860.83337,3811.50000,0,0.11200,0.11200,0,0.00000,0,0.40392,41,NaN,NaN,100,41,1,860.83337,3811.50000,0,0,0.00000,0.00000,NaN
412,0.00000,107,0,107,107,107,90.07456,375.26929,907.50000,3780.83325,0,0.11200,0.11200,0,0.00000,0,1.05413,107,NaN,NaN,100,107,1,907.50000,3780.83325,0,0,0.00000,0.00000,NaN
413,0.00000,206,0,206,206,206,87.29540,387.57700,879.50000,3904.83325,0,0.11200,0.11200,0,0.00000,0,2.02945,206,NaN,NaN,100,206,1,879.50000,3904.83325,0,0,0.00000,0.00000,NaN
414,0.00000,120,0,120,120,120,83.72219,383.07742,843.50000,3859.50000,0,0.11200,0.11200,0,0.00000,0,1.18220,120,NaN,NaN,100,120,1,843.50000,3859.50000,0,0,0.00000,0.00000,NaN
415,0.00000,103,0,103,103,103,86.36901,380.82761,870.16669,3836.83325,0,0.11200,0.11200,0,0.00000,0,1.01472,103,NaN,NaN,100,103,1,870.16669,3836.83325,0,0,0.00000,0.00000,NaN
416,0.00000,184,0,184,184,184,98.80906,386.12127,995.50000,3890.16675,0,0.11200,0.11200,0,0.00000,0,1.81271,184,NaN,NaN,100,184,1,995.50000,3890.16675,0,0,0.00000,0.00000,NaN
417,0.00000,28,0,28,28,28,102.91162,383.87146,1036.83325,3867.50000,0,0.11200,0.11200,0,0.00000,0,0.27585,28,NaN,NaN,100,28,1,1036.83325,3867.50000,0,0,0.00000,0.00000,NaN
418,0.00000,155,0,155,155,155,108.07292,381.88635,1088.83325,3847.50000,0,0.11200,0.11200,0,0.00000,0,1.52701,155,NaN,NaN,100,155,1,1088.83325,3847.50000,0,0,0.00000,0.00000,NaN
419,0.00000,505,0,505,505,505,103.97036,386.78296,1047.50000,3896.83325,0,0.11200,0.11200,0,0.00000,0,4.97511,505,NaN,NaN,100,505,1,1047.50000,3896.83325,0,0,0.00000,0.00000,NaN
420,0.00000,121,0,121,121,121,101.32354,388.50340,1020.83337,3914.16675,0,0.11200,0.11200,0,0.00000,0,1.19206,121,NaN,NaN,100,121,1,1020.83337,3914.16675,0,0,0.00000,0.00000,NaN
421,0.00000,177,0,177,177,177,99.86779,404.25196,1006.16669,4072.83325,0,0.11200,0.11200,0,0.00000,0,1.74375,177,NaN,NaN,100,177,1,1006.16669,4072.83325,0,0,0.00000,0.00000,NaN
422,0.00000,364,0,364,364,364,96.02990,406.36943,967.50000,4094.16675,0,0.11200,0.11200,0,0.00000,0,3.58602,364,NaN,NaN,100,364,1,967.50000,4094.16675,0,0,0.00000,0.00000,NaN
423,0.00000,205,0,205,205,205,93.51542,403.85494,942.16669,4068.83325,0,0.11200,0.11200,0,0.00000,0,2.01960,205,NaN,NaN,100,205,1,942.16669,4068.83325,0,0,0.00000,0.00000,NaN
424,0.00000,142,0,142,142,142,94.97118,401.86982,956.83337,4048.83325,0,0.11200,0.11200,0,0.00000,0,1.39894,142,NaN,NaN,100,142,1,956.83337,4048.83325,0,0,0.00000,0.00000,NaN
425,0.00000,303,0,303,303,303,92.05967,399.48769,927.50000,4024.83325,0,0.11200,0.11200,0,0.00000,0,2.98506,303,NaN,NaN,100,303,1,927.50000,4024.83325,0,0,0.00000,0.00000,NaN
426,0.00000,100,0,100,100,100,93.11840,396.84088,938.16669,3998.16675,0,0.11200,0.11200,0,0.00000,0,0.98517,100,NaN,NaN,100,100,1,938.16669,3998.16675,0,0,0.00000,0.00000,NaN
427,0.00000,114,0,114,114,114,88.08944,397.76726,887.50000,4007.50000,0,0.11200,0.11200,0,0.00000,0,1.12309,114,NaN,NaN,100,114,1,887.50000,4007.50000,0,0,0.00000,0.00000,NaN
428,0.00000,356,0,356,356,356,88.48647,401.60516,891.50000,4046.16675,0,0.11200,0.11200,0,0.00000,0,3.50720,356,NaN,NaN,100,356,1,891.50000,4046.16675,0,0,0.00000,0.00000,NaN
429,0.00000,373,0,373,373,373,83.19283,398.95833,838.16669,4019.50000,0,0.11200,0.11200,0,0.00000,0,3.67468,373,NaN,NaN,100,373,1,838.16669,4019.50000,0,0,0.00000,0.00000,NaN
430,0.00000,333,0,333,333,333,80.14899,400.01707,807.50000,4030.16675,0,0.11200,0.11200,0,0.00000,0,3.28061,333,NaN,NaN,100,333,1,807.50000,4030.16675,0,0,0.00000,0.00000,NaN
431,0.00000,75,0,75,75,75,77.50217,399.62004,780.83337,4026.16675,0,0.11200,0.11200,0,0.00000,0,0.73888,75,NaN,NaN,100,75,1,780.83337,4026.16675,0,0,0.00000,0.00000,NaN
432,0.00000,85,0,85,85,85,74.85535,404.91367,754.16669,4079.50000,0,0.11200,0.11200,0,0.00000,0,0.83739,85,NaN,NaN,100,85,1,754.16669,4079.50000,0,0,0.00000,0.00000,NaN
433,0.00000,90,0,90,90,90,77.89919,409.67795,784.83337,4127.50000,0,0.11200,0.11200,0,0.00000,0,0.88665,90,NaN,NaN,100,90,1,784.83337,4127.50000,0,0,0.00000,0.00000,NaN
434,0.00000,156,0,156,156,156,78.82558,405.84005,794.16669,4088.83325,0,0.11200,0.11200,0,0.00000,0,1.53686,156,NaN,NaN,100,156,1,794.16669,4088.83325,0,0,0.00000,0.00000,NaN
435,0.00000,204,0,204,204,204,83.72219,409.54564,843.50000,4126.16699,0,0.11200,0.11200,0,0.00000,0,2.00975,204,NaN,NaN,100,204,1,843.50000,4126.16699,0,0,0.00000,0.00000,NaN
436,0.00000,536,0,536,536,536,82.26645,405.31070,828.83337,4083.50000,0,0.11200,0.11200,0,0.00000,0,5.28051,536,NaN,NaN,100,536,1,828.83337,4083.50000,0,0,0.00000,0.00000,NaN
437,0.00000,372,0,372,372,372,84.64858,405.31070,852.83337,4083.50000,0,0.11200,0.11200,0,0.00000,0,3.66483,372,NaN,NaN,100,372,1,852.83337,4083.50000,0,0,0.00000,0.00000,NaN
438,0.00000,118,0,118,118,118,87.29540,406.50177,879.50000,4095.50000,0,0.11200,0.11200,0,0.00000,0,1.16250,118,NaN,NaN,100,118,1,879.50000,4095.50000,0,0,0.00000,0.00000,NaN
439,0.00000,422,0,422,422,422,88.08944,408.22217,887.50000,4112.83301,0,0.11200,0.11200,0,0.00000,0,4.15742,422,NaN,NaN,100,422,1,887.50000,4112.83301,0,0,0.00000,0.00000,NaN
440,0.00000,1206,0,1206,1206,1206,90.33924,408.22217,910.16669,4112.83301,0,0.11200,0.11200,0,0.00000,0,11.88115,1206,NaN,NaN,100,1206,1,910.16669,4112.83301,0,0,0.00000,0.00000,NaN
441,0.00000,388,0,388,388,388,91.66265,409.54564,923.50000,4126.16699,0,0.11200,0.11200,0,0.00000,0,3.82246,388,NaN,NaN,100,388,1,923.50000,4126.16699,0,0,0.00000,0.00000,NaN
442,0.00000,394,0,394,394,394,95.50054,410.07497,962.16669,4131.50000,0,0.11200,0.11200,0,0.00000,0,3.88157,394,NaN,NaN,100,394,1,962.16669,4131.50000,0,0,0.00000,0.00000,NaN
443,0.00000,310,0,310,310,310,90.60393,411.79537,912.83337,4148.83301,0,0.11200,0.11200,0,0.00000,0,3.05403,310,NaN,NaN,100,310,1,912.83337,4148.83301,0,0,0.00000,0.00000,NaN
444,0.00000,61,0,61,61,61,81.34006,413.11884,819.50000,4162.16699,0,0.11200,0.11200,0,0.00000,0,0.60095,61,NaN,NaN,100,61,1,819.50000,4162.16699,0,0,0.00000,0.00000,NaN
445,0.00000,69,0,69,69,69,76.31110,413.91289,768.83337,4170.16699,0,0.11200,0.11200,0,0.00000,0,0.67977,69,NaN,NaN,100,69,1,768.83337,4170.16699,0,0,0.00000,0.00000,NaN
446,0.00000,88,0,88,88,88,84.51624,413.64818,851.50000,4167.50000,0,0.11200,0.11200,0,0.00000,0,0.86695,88,NaN,NaN,100,88,1,851.50000,4167.50000,0,0,0.00000,0.00000,NaN
447,0.00000,95,0,95,95,95,83.06049,417.22138,836.83337,4203.50000,0,0.11200,0.11200,0,0.00000,0,0.93591,95,NaN,NaN,100,95,1,836.83337,4203.50000,0,0,0.00000,0.00000,NaN
448,0.00000,91,0,91,91,91,85.31028,415.89800,859.50000,4190.16699,0,0.11200,0.11200,0,0.00000,0,0.89650,91,NaN,NaN,100,91,1,859.50000,4190.16699,0,0,0.00000,0.00000,NaN
449,0.00000,87,0,87,87,87,91.13329,415.23627,918.16669,4183.50000,0,0.11200,0.11200,0,0.00000,0,0.85710,87,NaN,NaN,100,87,1,918.16669,4183.50000,0,0,0.00000,0.00000,NaN
450,0.00000,84,0,84,84,84,91.26563,421.45632,919.50000,4246.16699,0,0.11200,0.11200,0,0.00000,0,0.82754,84,NaN,NaN,100,84,1,919.50000,4246.16699,0,0,0.00000,0.00000,NaN
451,0.00000,82,0,82,82,82,87.42774,423.83846,880.83337,4270.16699,0,0.11200,0.11200,0,0.00000,0,0.80784,82,NaN,NaN,100,82,1,880.83337,4270.16699,0,0,0.00000,0.00000,NaN
452,0.00000,88,0,88,88,88,84.25156,424.63251,848.83337,4278.16699,0,0.11200,0.11200,0,0.00000,0,0.86695,88,NaN,NaN,100,88,1,848.83337,4278.16699,0,0,0.00000,0.00000,NaN
453,0.00000,156,0,156,156,156,93.78011,424.89712,944.83337,4280.83301,0,0.11200,0.11200,0,0.00000,0,1.53686,156,NaN,NaN,100,156,1,944.83337,4280.83301,0,0,0.00000,0.00000,NaN
454,0.00000,52,0,52,52,52,98.94141,422.51499,996.83337,4256.83301,0,0.11200,0.11200,0,0.00000,0,0.51229,52,NaN,NaN,100,52,1,996.83337,4256.83301,0,0,0.00000,0.00000,NaN
455,0.00000,100,0,100,100,100,84.78092,428.60269,854.16669,4318.16650,0,0.11200,0.11200,0,0.00000,0,0.98517,100,NaN,NaN,100,100,1,854.16669,4318.16650,0,0,0.00000,0.00000,NaN
456,0.00000,194,0,194,194,194,87.42774,428.07336,880.83337,4312.83350,0,0.11200,0.11200,0,0.00000,0,1.91123,194,NaN,NaN,100,194,1,880.83337,4312.83350,0,0,0.00000,0.00000,NaN
457,0.00000,20,0,20,20,20,85.31028,434.42572,859.50000,4376.83350,0,0.11200,0.11200,0,0.00000,0,0.19703,20,NaN,NaN,100,20,1,859.50000,4376.83350,0,0,0.00000,0.00000,NaN
458,0.00000,844,0,844,844,844,91.13329,405.84005,918.16669,4088.83325,0,0.11200,0.11200,0,0.00000,0,8.31483,844,NaN,NaN,100,844,1,918.16669,4088.83325,0,0,0.00000,0.00000,NaN
459,0.00000,485,0,485,485,485,91.13329,407.42812,918.16669,4104.83301,0,0.11200,0.11200,0,0.00000,0,4.77807,485,NaN,NaN,100,485,1,918.16669,4104.83301,0,0,0.00000,0.00000,NaN
460,0.00000,176,0,176,176,176,89.28051,404.91367,899.50000,4079.50000,0,0.11200,0.11200,0,0.00000,0,1.73390,176,NaN,NaN,100,176,1,899.50000,4079.50000,0,0,0.00000,0.00000,NaN
461,0.00000,115,0,115,115,115,87.69242,396.57619,883.50000,3995.50000,0,0.11200,0.11200,0,0.00000,0,1.13295,115,NaN,NaN,100,115,1,883.50000,3995.50000,0,0,0.00000,0.00000,NaN
462,0.00000,122,0,122,122,122,64.66510,395.91448,651.50000,3988.83325,0,0.11200,0.11200,0,0.00000,0,1.20191,122,NaN,NaN,100,122,1,651.50000,3988.83325,0,0,0.00000,0.00000,NaN
463,0.00000,61,0,61,61,61,65.19446,389.95914,656.83337,3928.83325,0,0.11200,0.11200,0,0.00000,0,0.60095,61,NaN,NaN,100,61,1,656.83337,3928.83325,0,0,0.00000,0.00000,NaN
464,0.00000,288,0,288,288,288,96.55927,372.49013,972.83337,3752.83325,0,0.11200,0.11200,0,0.00000,0,2.83729,288,NaN,NaN,100,288,1,972.83337,3752.83325,0,0,0.00000,0.00000,NaN
465,0.00000,189,0,189,189,189,100.00013,371.82844,1007.50000,3746.16675,0,0.11200,0.11200,0,0.00000,0,1.86197,189,NaN,NaN,100,189,1,1007.50000,3746.16675,0,0,0.00000,0.00000,NaN
466,0.00000,65,0,65,65,65,103.83801,369.84333,1046.16663,3726.16675,0,0.11200,0.11200,0,0.00000,0,0.64036,65,NaN,NaN,100,65,1,1046.16663,3726.16675,0,0,0.00000,0.00000,NaN
467,0.00000,158,0,158,158,158,107.80824,368.25524,1086.16663,3710.16675,0,0.11200,0.11200,0,0.00000,0,1.55657,158,NaN,NaN,100,158,1,1086.16663,3710.16675,0,0,0.00000,0.00000,NaN
468,0.00000,94,0,94,94,94,107.94059,371.29906,1087.50000,3740.83325,0,0.11200,0.11200,0,0.00000,0,0.92606,94,NaN,NaN,100,94,1,1087.50000,3740.83325,0,0,0.00000,0.00000,NaN
469,0.00000,111,0,111,111,111,104.23504,373.94589,1050.16663,3767.50000,0,0.11200,0.11200,0,0.00000,0,1.09354,111,NaN,NaN,100,111,1,1050.16663,3767.50000,0,0,0.00000,0.00000,NaN
470,0.00000,86,0,86,86,86,101.05886,376.85738,1018.16669,3796.83325,0,0.11200,0.11200,0,0.00000,0,0.84725,86,NaN,NaN,100,86,1,1018.16669,3796.83325,0,0,0.00000,0.00000,NaN
471,0.00000,62,0,62,62,62,102.64694,379.90123,1034.16663,3827.50000,0,0.11200,0.11200,0,0.00000,0,0.61081,62,NaN,NaN,100,62,1,1034.16663,3827.50000,0,0,0.00000,0.00000,NaN
472,0.00000,193,0,193,193,193,106.48483,379.23952,1072.83325,3820.83325,0,0.11200,0.11200,0,0.00000,0,1.90138,193,NaN,NaN,100,193,1,1072.83325,3820.83325,0,0,0.00000,0.00000,NaN
473,0.00000,248,0,248,248,248,111.64612,376.59272,1124.83325,3794.16675,0,0.11200,0.11200,0,0.00000,0,2.44322,248,NaN,NaN,100,248,1,1124.83325,3794.16675,0,0,0.00000,0.00000,NaN
474,0.00000,255,0,255,255,255,112.83719,372.75482,1136.83325,3755.50000,0,0.11200,0.11200,0,0.00000,0,2.51218,255,NaN,NaN,100,255,1,1136.83325,3755.50000,0,0,0.00000,0.00000,NaN
475,0.00000,89,0,89,89,89,113.23422,368.25524,1140.83325,3710.16675,0,0.11200,0.11200,0,0.00000,0,0.87680,89,NaN,NaN,100,89,1,1140.83325,3710.16675,0,0,0.00000,0.00000,NaN
476,0.00000,44,0,44,44,44,111.11677,375.00463,1119.50000,3778.16675,0,0.11200,0.11200,0,0.00000,0,0.43347,44,NaN,NaN,100,44,1,1119.50000,3778.16675,0,0,0.00000,0.00000,NaN
477,0.00000,5,0,5,5,5,114.55763,378.04845,1154.16663,3808.83325,0,0.11200,0.11200,0,0.00000,0,0.04926,5,NaN,NaN,100,5,1,1154.16663,3808.83325,0,0,0.00000,0.00000,NaN
478,0.00000,187,0,187,187,187,112.30784,379.90123,1131.50000,3827.50000,0,0.11200,0.11200,0,0.00000,0,1.84227,187,NaN,NaN,100,187,1,1131.50000,3827.50000,0,0,0.00000,0.00000,NaN
479,0.00000,41,0,41,41,41,110.98442,382.41570,1118.16663,3852.83325,0,0.11200,0.11200,0,0.00000,0,0.40392,41,NaN,NaN,100,41,1,1118.16663,3852.83325,0,0,0.00000,0.00000,NaN
480,0.00000,338,0,338,338,338,105.16143,383.07742,1059.50000,3859.50000,0,0.11200,0.11200,0,0.00000,0,3.32987,338,NaN,NaN,100,338,1,1059.50000,3859.50000,0,0,0.00000,0.00000,NaN
481,0.00000,251,0,251,251,251,105.16143,385.59189,1059.50000,3884.83325,0,0.11200,0.11200,0,0.00000,0,2.47278,251,NaN,NaN,100,251,1,1059.50000,3884.83325,0,0,0.00000,0.00000,NaN
482,0.00000,81,0,81,81,81,107.54356,387.84169,1083.50000,3907.50000,0,0.11200,0.11200,0,0.00000,0,0.79799,81,NaN,NaN,100,81,1,1083.50000,3907.50000,0,0,0.00000,0.00000,NaN
483,0.00000,261,0,261,261,261,111.77847,387.84169,1126.16663,3907.50000,0,0.11200,0.11200,0,0.00000,0,2.57129,261,NaN,NaN,100,261,1,1126.16663,3907.50000,0,0,0.00000,0.00000,NaN
484,0.00000,96,0,96,96,96,108.60229,391.41490,1094.16663,3943.50000,0,0.11200,0.11200,0,0.00000,0,0.94576,96,NaN,NaN,100,96,1,1094.16663,3943.50000,0,0,0.00000,0.00000,NaN
485,0.00000,93,0,93,93,93,104.76440,390.48852,1055.50000,3934.16675,0,0.11200,0.11200,0,0.00000,0,0.91621,93,NaN,NaN,100,93,1,1055.50000,3934.16675,0,0,0.00000,0.00000,NaN
486,0.00000,149,0,149,149,149,100.13247,391.81192,1008.83337,3947.50000,0,0.11200,0.11200,0,0.00000,0,1.46790,149,NaN,NaN,100,149,1,1008.83337,3947.50000,0,0,0.00000,0.00000,NaN
487,0.00000,92,0,92,92,92,102.91162,395.25279,1036.83325,3982.16675,0,0.11200,0.11200,0,0.00000,0,0.90636,92,NaN,NaN,100,92,1,1036.83325,3982.16675,0,0,0.00000,0.00000,NaN
488,0.00000,111,0,111,111,111,106.88185,395.12044,1076.83325,3980.83325,0,0.11200,0.11200,0,0.00000,0,1.09354,111,NaN,NaN,100,111,1,1076.83325,3980.83325,0,0,0.00000,0.00000,NaN
489,0.00000,72,0,72,72,72,111.38145,396.17917,1122.16663,3991.50000,0,0.11200,0.11200,0,0.00000,0,0.70932,72,NaN,NaN,100,72,1,1122.16663,3991.50000,0,0,0.00000,0.00000,NaN
490,0.00000,166,0,166,166,166,110.19038,399.09066,1110.16663,4020.83325,0,0.11200,0.11200,0,0.00000,0,1.63538,166,NaN,NaN,100,166,1,1110.16663,4020.83325,0,0,0.00000,0.00000,NaN
491,0.00000,120,0,120,120,120,116.41040,396.31150,1172.83325,3992.83325,0,0.11200,0.11200,0,0.00000,0,1.18220,120,NaN,NaN,100,120,1,1172.83325,3992.83325,0,0,0.00000,0.00000,NaN
492,0.00000,93,0,93,93,93,118.66020,399.48769,1195.50000,4024.83325,0,0.11200,0.11200,0,0.00000,0,0.91621,93,NaN,NaN,100,93,1,1195.50000,4024.83325,0,0,0.00000,0.00000,NaN
493,0.00000,168,0,168,168,168,116.54274,391.94425,1174.16663,3948.83325,0,0.11200,0.11200,0,0.00000,0,1.65508,168,NaN,NaN,100,168,1,1174.16663,3948.83325,0,0,0.00000,0.00000,NaN
494,0.00000,128,0,128,128,128,120.51297,389.95914,1214.16663,3928.83325,0,0.11200,0.11200,0,0.00000,0,1.26102,128,NaN,NaN,100,128,1,1214.16663,3928.83325,0,0,0.00000,0.00000,NaN
495,0.00000,127,0,127,127,127,122.36574,386.91531,1232.83325,3898.16675,0,0.11200,0.11200,0,0.00000,0,1.25117,127,NaN,NaN,100,127,1,1232.83325,3898.16675,0,0,0.00000,0.00000,NaN
496,0.00000,66,0,66,66,66,121.17467,382.81273,1220.83325,3856.83325,0,0.11200,0.11200,0,0.00000,0,0.65021,66,NaN,NaN,100,66,1,1220.83325,3856.83325,0,0,0.00000,0.00000,NaN
497,0.00000,28,0,28,28,28,126.33597,382.41570,1272.83325,3852.83325,0,0.11200,0.11200,0,0.00000,0,0.27585,28,NaN,NaN,100,28,1,1272.83325,3852.83325,0,0,0.00000,0.00000,NaN
498,0.00000,719,0,719,719,719,126.07129,378.31314,1270.16663,3811.50000,0,0.11200,0.11200,0,0.00000,0,7.08337,719,NaN,NaN,100,719,1,1270.16663,3811.50000,0,0,0.00000,0.00000,NaN
499,0.00000,20,0,20,20,20,128.98280,381.48933,1299.50000,3843.50000,0,0.11200,0.11200,0,0.00000,0,0.19703,20,NaN,NaN,100,20,1,1299.50000,3843.50000,0,0,0.00000,0.00000,NaN
500,0.00000,35,0,35,35,35,127.65938,372.49013,1286.16663,3752.83325,0,0.11200,0.11200,0,0.00000,0,0.34481,35,NaN,NaN,100,35,1,1286.16663,3752.83325,0,0,0.00000,0.00000,NaN
501,0.00000,111,0,111,111,111,128.71811,368.78459,1296.83325,3715.50000,0,0.11200,0.11200,0,0.00000,0,1.09354,111,NaN,NaN,100,111,1,1296.83325,3715.50000,0,0,0.00000,0.00000,NaN
502,0.00000,42,0,42,42,42,124.61555,367.72586,1255.50000,3704.83325,0,0.11200,0.11200,0,0.00000,0,0.41377,42,NaN,NaN,100,42,1,1255.50000,3704.83325,0,0,0.00000,0.00000,NaN
503,0.00000,51,0,51,51,51,125.93895,366.79948,1268.83325,3695.50000,0,0.11200,0.11200,0,0.00000,0,0.50244,51,NaN,NaN,100,51,1,1268.83325,3695.50000,0,0,0.00000,0.00000,NaN
504,0.00000,152,0,152,152,152,128.85045,363.62330,1298.16663,3663.50000,0,0.11200,0.11200,0,0.00000,0,1.49746,152,NaN,NaN,100,152,1,1298.16663,3663.50000,0,0,0.00000,0.00000,NaN
505,0.00000,139,0,139,139,139,129.24747,361.90287,1302.16663,3646.16675,0,0.11200,0.11200,0,0.00000,0,1.36939,139,NaN,NaN,100,139,1,1302.16663,3646.16675,0,0,0.00000,0.00000,NaN
506,0.00000,168,0,168,168,168,125.14490,362.69692,1260.83325,3654.16675,0,0.11200,0.11200,0,0.00000,0,1.65508,168,NaN,NaN,100,168,1,1260.83325,3654.16675,0,0,0.00000,0.00000,NaN
507,0.00000,57,0,57,57,57,122.36574,360.84414,1232.83325,3635.50000,0,0.11200,0.11200,0,0.00000,0,0.56155,57,NaN,NaN,100,57,1,1232.83325,3635.50000,0,0,0.00000,0.00000,NaN
508,0.00000,98,0,98,98,98,118.52786,356.87391,1194.16663,3595.50000,0,0.11200,0.11200,0,0.00000,0,0.96547,98,NaN,NaN,100,98,1,1194.16663,3595.50000,0,0,0.00000,0.00000,NaN
509,0.00000,70,0,70,70,70,121.30702,352.37433,1222.16663,3550.16675,0,0.11200,0.11200,0,0.00000,0,0.68962,70,NaN,NaN,100,70,1,1222.16663,3550.16675,0,0,0.00000,0.00000,NaN
510,0.00000,69,0,69,69,69,126.86534,352.50666,1278.16663,3551.50000,0,0.11200,0.11200,0,0.00000,0,0.67977,69,NaN,NaN,100,69,1,1278.16663,3551.50000,0,0,0.00000,0.00000,NaN
511,0.00000,183,0,183,183,183,126.33597,357.00624,1272.83325,3596.83325,0,0.11200,0.11200,0,0.00000,0,1.80286,183,NaN,NaN,100,183,1,1272.83325,3596.83325,0,0,0.00000,0.00000,NaN
512,0.00000,210,0,210,210,210,129.64450,356.87391,1306.16663,3595.50000,0,0.11200,0.11200,0,0.00000,0,2.06886,210,NaN,NaN,100,210,1,1306.16663,3595.50000,0,0,0.00000,0.00000,NaN
513,0.00000,157,0,157,157,157,116.14572,359.78540,1170.16663,3624.83325,0,0.11200,0.11200,0,0.00000,0,1.54672,157,NaN,NaN,100,157,1,1170.16663,3624.83325,0,0,0.00000,0.00000,NaN
514,0.00000,316,0,316,316,316,109.66101,362.69692,1104.83325,3654.16675,0,0.11200,0.11200,0,0.00000,0,3.11314,316,NaN,NaN,100,316,1,1104.83325,3654.16675,0,0,0.00000,0.00000,NaN
515,0.00000,473,0,473,473,473,112.30784,362.56456,1131.50000,3652.83325,0,0.11200,0.11200,0,0.00000,0,4.65985,473,NaN,NaN,100,473,1,1131.50000,3652.83325,0,0,0.00000,0.00000,NaN
516,0.00000,275,0,275,275,275,112.30784,366.53479,1131.50000,3692.83325,0,0.11200,0.11200,0,0.00000,0,2.70922,275,NaN,NaN,100,275,1,1131.50000,3692.83325,0,0,0.00000,0.00000,NaN
517,0.00000,105,0,105,105,105,113.10188,371.03440,1139.50000,3738.16675,0,0.11200,0.11200,0,0.00000,0,1.03443,105,NaN,NaN,100,105,1,1139.50000,3738.16675,0,0,0.00000,0.00000,NaN
518,0.00000,252,0,252,252,252,111.77847,371.29906,1126.16663,3740.83325,0,0.11200,0.11200,0,0.00000,0,2.48263,252,NaN,NaN,100,252,1,1126.16663,3740.83325,0,0,0.00000,0.00000,NaN
519,0.00000,93,0,93,93,93,111.38145,373.94589,1122.16663,3767.50000,0,0.11200,0.11200,0,0.00000,0,0.91621,93,NaN,NaN,100,93,1,1122.16663,3767.50000,0,0,0.00000,0.00000,NaN
520,0.00000,58,0,58,58,58,108.86696,373.68120,1096.83325,3764.83325,0,0.11200,0.11200,0,0.00000,0,0.57140,58,NaN,NaN,100,58,1,1096.83325,3764.83325,0,0,0.00000,0.00000,NaN
521,0.00000,119,0,119,119,119,108.33761,378.31314,1091.50000,3811.50000,0,0.11200,0.11200,0,0.00000,0,1.17235,119,NaN,NaN,100,119,1,1091.50000,3811.50000,0,0,0.00000,0.00000,NaN
522,0.00000,199,0,199,199,199,112.30784,381.62166,1131.50000,3844.83325,0,0.11200,0.11200,0,0.00000,0,1.96049,199,NaN,NaN,100,199,1,1131.50000,3844.83325,0,0,0.00000,0.00000,NaN
523,0.00000,37,0,37,37,37,114.42528,382.54806,1152.83325,3854.16675,0,0.11200,0.11200,0,0.00000,0,0.36451,37,NaN,NaN,100,37,1,1152.83325,3854.16675,0,0,0.00000,0.00000,NaN
524,0.00000,132,0,132,132,132,108.73463,400.01707,1095.50000,4030.16675,0,0.11200,0.11200,0,0.00000,0,1.30042,132,NaN,NaN,100,132,1,1095.50000,4030.16675,0,0,0.00000,0.00000,NaN
525,0.00000,288,0,288,288,288,105.55845,404.11963,1063.50000,4071.50000,0,0.11200,0.11200,0,0.00000,0,2.83729,288,NaN,NaN,100,288,1,1063.50000,4071.50000,0,0,0.00000,0.00000,NaN
526,0.00000,47,0,47,47,47,110.71975,404.78134,1115.50000,4078.16675,0,0.11200,0.11200,0,0.00000,0,0.46303,47,NaN,NaN,100,47,1,1115.50000,4078.16675,0,0,0.00000,0.00000,NaN
527,0.00000,104,0,104,104,104,110.71975,410.07497,1115.50000,4131.50000,0,0.11200,0.11200,0,0.00000,0,1.02458,104,NaN,NaN,100,104,1,1115.50000,4131.50000,0,0,0.00000,0.00000,NaN
528,0.00000,213,0,213,213,213,115.61635,408.08986,1164.83325,4111.50000,0,0.11200,0.11200,0,0.00000,0,2.09841,213,NaN,NaN,100,213,1,1164.83325,4111.50000,0,0,0.00000,0.00000,NaN
529,0.00000,179,0,179,179,179,114.95465,412.98644,1158.16663,4160.83301,0,0.11200,0.11200,0,0.00000,0,1.76345,179,NaN,NaN,100,179,1,1158.16663,4160.83301,0,0,0.00000,0.00000,NaN
530,0.00000,50,0,50,50,50,114.29295,416.16262,1151.50000,4192.83301,0,0.11200,0.11200,0,0.00000,0,0.49258,50,NaN,NaN,100,50,1,1151.50000,4192.83301,0,0,0.00000,0.00000,NaN
531,0.00000,158,0,158,158,158,110.85208,419.60352,1116.83325,4227.50000,0,0.11200,0.11200,0,0.00000,0,1.55657,158,NaN,NaN,100,158,1,1116.83325,4227.50000,0,0,0.00000,0.00000,NaN
532,0.00000,113,0,113,113,113,106.88185,410.47199,1076.83325,4135.50000,0,0.11200,0.11200,0,0.00000,0,1.11324,113,NaN,NaN,100,113,1,1076.83325,4135.50000,0,0,0.00000,0.00000,NaN
533,0.00000,34,0,34,34,34,102.24992,409.14862,1030.16663,4122.16699,0,0.11200,0.11200,0,0.00000,0,0.33496,34,NaN,NaN,100,34,1,1030.16663,4122.16699,0,0,0.00000,0.00000,NaN
534,0.00000,52,0,52,52,52,103.83801,411.79537,1046.16663,4148.83301,0,0.11200,0.11200,0,0.00000,0,0.51229,52,NaN,NaN,100,52,1,1046.16663,4148.83301,0,0,0.00000,0.00000,NaN
535,0.00000,252,0,252,252,252,100.13247,407.42812,1008.83337,4104.83301,0,0.11200,0.11200,0,0.00000,0,2.48263,252,NaN,NaN,100,252,1,1008.83337,4104.83301,0,0,0.00000,0.00000,NaN
536,0.00000,460,0,460,460,460,102.77929,401.07578,1035.50000,4040.83325,0,0.11200,0.11200,0,0.00000,0,4.53178,460,NaN,NaN,100,460,1,1035.50000,4040.83325,0,0,0.00000,0.00000,NaN
537,0.00000,545,0,545,545,545,104.23504,404.78134,1050.16663,4078.16675,0,0.11200,0.11200,0,0.00000,0,5.36917,545,NaN,NaN,100,545,1,1050.16663,4078.16675,0,0,0.00000,0.00000,NaN
538,0.00000,76,0,76,76,76,107.41122,422.25037,1082.16663,4254.16699,0,0.11200,0.11200,0,0.00000,0,0.74873,76,NaN,NaN,100,76,1,1082.16663,4254.16699,0,0,0.00000,0.00000,NaN
539,0.00000,109,0,109,109,109,103.44099,423.83846,1042.16663,4270.16699,0,0.11200,0.11200,0,0.00000,0,1.07383,109,NaN,NaN,100,109,1,1042.16663,4270.16699,0,0,0.00000,0.00000,NaN
540,0.00000,130,0,130,130,130,104.36738,423.30903,1051.50000,4264.83301,0,0.11200,0.11200,0,0.00000,0,1.28072,130,NaN,NaN,100,130,1,1051.50000,4264.83301,0,0,0.00000,0.00000,NaN
541,0.00000,57,0,57,57,57,101.19120,425.42650,1019.50000,4286.16650,0,0.11200,0.11200,0,0.00000,0,0.56155,57,NaN,NaN,100,57,1,1019.50000,4286.16650,0,0,0.00000,0.00000,NaN
542,0.00000,55,0,55,55,55,100.92652,426.22055,1016.83337,4294.16650,0,0.11200,0.11200,0,0.00000,0,0.54184,55,NaN,NaN,100,55,1,1016.83337,4294.16650,0,0,0.00000,0.00000,NaN
543,0.00000,138,0,138,138,138,101.58822,423.44144,1023.50000,4266.16699,0,0.11200,0.11200,0,0.00000,0,1.35953,138,NaN,NaN,100,138,1,1023.50000,4266.16699,0,0,0.00000,0.00000,NaN
544,0.00000,88,0,88,88,88,95.10352,400.54642,958.16669,4035.50000,0,0.11200,0.11200,0,0.00000,0,0.86695,88,NaN,NaN,100,88,1,958.16669,4035.50000,0,0,0.00000,0.00000,NaN
545,0.00000,304,0,304,304,304,107.01420,389.82681,1078.16663,3927.50000,0,0.11200,0.11200,0,0.00000,0,2.99492,304,NaN,NaN,100,304,1,1078.16663,3927.50000,0,0,0.00000,0.00000,NaN
546,0.00000,274,0,274,274,274,113.23422,385.59189,1140.83325,3884.83325,0,0.11200,0.11200,0,0.00000,0,2.69936,274,NaN,NaN,100,274,1,1140.83325,3884.83325,0,0,0.00000,0.00000,NaN
547,0.00000,65,0,65,65,65,70.75278,386.12127,712.83337,3890.16675,0,0.11200,0.11200,0,0.00000,0,0.64036,65,NaN,NaN,100,65,1,712.83337,3890.16675,0,0,0.00000,0.00000,NaN
548,0.00000,111,0,111,111,111,132.12589,331.19976,1331.16663,3336.83325,0,0.11200,0.11200,0,0.00000,0,1.09354,111,NaN,NaN,100,111,1,1331.16663,3336.83325,0,0,0.00000,0.00000,NaN
549,0.00000,168,0,168,168,168,134.50803,334.37594,1355.16663,3368.83325,0,0.11200,0.11200,0,0.00000,0,1.65508,168,NaN,NaN,100,168,1,1355.16663,3368.83325,0,0,0.00000,0.00000,NaN
550,0.00000,124,0,124,124,124,136.09612,341.65471,1371.16663,3442.16675,0,0.11200,0.11200,0,0.00000,0,1.22161,124,NaN,NaN,100,124,1,1371.16663,3442.16675,0,0,0.00000,0.00000,NaN
551,0.00000,202,0,202,202,202,137.41953,346.15429,1384.50000,3487.50000,0,0.11200,0.11200,0,0.00000,0,1.99004,202,NaN,NaN,100,202,1,1384.50000,3487.50000,0,0,0.00000,0.00000,NaN
552,0.00000,124,0,124,124,124,133.58164,349.85983,1345.83325,3524.83325,0,0.11200,0.11200,0,0.00000,0,1.22161,124,NaN,NaN,100,124,1,1345.83325,3524.83325,0,0,0.00000,0.00000,NaN
553,0.00000,106,0,106,106,106,130.53780,352.50666,1315.16663,3551.50000,0,0.11200,0.11200,0,0.00000,0,1.04428,106,NaN,NaN,100,106,1,1315.16663,3551.50000,0,0,0.00000,0.00000,NaN
554,0.00000,38,0,38,38,38,130.27312,352.90368,1312.50000,3555.50000,0,0.11200,0.11200,0,0.00000,0,0.37436,38,NaN,NaN,100,38,1,1312.50000,3555.50000,0,0,0.00000,0.00000,NaN
555,0.00000,166,0,166,166,166,134.90505,353.03601,1359.16663,3556.83325,0,0.11200,0.11200,0,0.00000,0,1.63538,166,NaN,NaN,100,166,1,1359.16663,3556.83325,0,0,0.00000,0.00000,NaN
556,0.00000,84,0,84,84,84,137.15484,359.52074,1381.83325,3622.16675,0,0.11200,0.11200,0,0.00000,0,0.82754,84,NaN,NaN,100,84,1,1381.83325,3622.16675,0,0,0.00000,0.00000,NaN
557,0.00000,144,0,144,144,144,145.09530,362.43223,1461.83325,3651.50000,0,0.11200,0.11200,0,0.00000,0,1.41864,144,NaN,NaN,100,144,1,1461.83325,3651.50000,0,0,0.00000,0.00000,NaN
558,0.00000,408,0,408,408,408,141.12507,362.03521,1421.83325,3647.50000,0,0.11200,0.11200,0,0.00000,0,4.01949,408,NaN,NaN,100,408,1,1421.83325,3647.50000,0,0,0.00000,0.00000,NaN
559,0.00000,78,0,78,78,78,138.08123,366.40246,1391.16663,3691.50000,0,0.11200,0.11200,0,0.00000,0,0.76843,78,NaN,NaN,100,78,1,1391.16663,3691.50000,0,0,0.00000,0.00000,NaN
560,0.00000,53,0,53,53,53,138.34591,372.09311,1393.83325,3748.83325,0,0.11200,0.11200,0,0.00000,0,0.52214,53,NaN,NaN,100,53,1,1393.83325,3748.83325,0,0,0.00000,0.00000,NaN
561,0.00000,163,0,163,163,163,140.86039,368.91693,1419.16663,3716.83325,0,0.11200,0.11200,0,0.00000,0,1.60583,163,NaN,NaN,100,163,1,1419.16663,3716.83325,0,0,0.00000,0.00000,NaN
562,0.00000,405,0,405,405,405,140.72805,375.26929,1417.83325,3780.83325,0,0.11200,0.11200,0,0.00000,0,3.98994,405,NaN,NaN,100,405,1,1417.83325,3780.83325,0,0,0.00000,0.00000,NaN
563,0.00000,332,0,332,332,332,136.09612,375.13696,1371.16663,3779.50000,0,0.11200,0.11200,0,0.00000,0,3.27076,332,NaN,NaN,100,332,1,1371.16663,3779.50000,0,0,0.00000,0.00000,NaN
564,0.00000,181,0,181,181,181,139.13996,378.44548,1401.83325,3812.83325,0,0.11200,0.11200,0,0.00000,0,1.78316,181,NaN,NaN,100,181,1,1401.83325,3812.83325,0,0,0.00000,0.00000,NaN
565,0.00000,99,0,99,99,99,142.97785,378.31314,1440.50000,3811.50000,0,0.11200,0.11200,0,0.00000,0,0.97532,99,NaN,NaN,100,99,1,1440.50000,3811.50000,0,0,0.00000,0.00000,NaN
566,0.00000,54,0,54,54,54,139.27230,384.13615,1403.16663,3870.16675,0,0.11200,0.11200,0,0.00000,0,0.53199,54,NaN,NaN,100,54,1,1403.16663,3870.16675,0,0,0.00000,0.00000,NaN
567,0.00000,77,0,77,77,77,133.97866,384.26849,1349.83325,3871.50000,0,0.11200,0.11200,0,0.00000,0,0.75858,77,NaN,NaN,100,77,1,1349.83325,3871.50000,0,0,0.00000,0.00000,NaN
568,0.00000,31,0,31,31,31,136.22846,393.00299,1372.50000,3959.50000,0,0.11200,0.11200,0,0.00000,0,0.30540,31,NaN,NaN,100,31,1,1372.50000,3959.50000,0,0,0.00000,0.00000,NaN
569,0.00000,39,0,39,39,39,129.34673,389.03276,1303.16663,3919.50000,0,0.11200,0.11200,0,0.00000,0,0.38422,39,NaN,NaN,100,39,1,1303.16663,3919.50000,0,0,0.00000,0.00000,NaN
570,0.00000,187,0,187,187,187,131.59652,376.32803,1325.83325,3791.50000,0,0.11200,0.11200,0,0.00000,0,1.84227,187,NaN,NaN,100,187,1,1325.83325,3791.50000,0,0,0.00000,0.00000,NaN
571,0.00000,179,0,179,179,179,134.11100,378.44548,1351.16663,3812.83325,0,0.11200,0.11200,0,0.00000,0,1.76345,179,NaN,NaN,100,179,1,1351.16663,3812.83325,0,0,0.00000,0.00000,NaN
572,0.00000,67,0,67,67,67,148.43692,370.76971,1495.50000,3735.50000,0,0.11200,0.11200,0,0.00000,0,0.66006,67,NaN,NaN,100,67,1,1495.50000,3735.50000,0,0,0.00000,0.00000,NaN
573,0.00000,96,0,96,96,96,149.09862,366.27013,1502.16663,3690.16675,0,0.11200,0.11200,0,0.00000,0,0.94576,96,NaN,NaN,100,96,1,1502.16663,3690.16675,0,0,0.00000,0.00000,NaN
574,0.00000,28,0,28,28,28,122.49809,379.50421,1234.16663,3823.50000,0,0.11200,0.11200,0,0.00000,0,0.27585,28,NaN,NaN,100,28,1,1234.16663,3823.50000,0,0,0.00000,0.00000,NaN
575,0.00000,146,0,146,146,146,120.38063,364.02032,1212.83325,3667.50000,0,0.11200,0.11200,0,0.00000,0,1.43835,146,NaN,NaN,100,146,1,1212.83325,3667.50000,0,0,0.00000,0.00000,NaN
576,0.00000,25,0,25,25,25,120.64532,365.60841,1215.50000,3683.50000,0,0.11200,0.11200,0,0.00000,0,0.24629,25,NaN,NaN,100,25,1,1215.50000,3683.50000,0,0,0.00000,0.00000,NaN
577,0.00000,102,0,102,102,102,131.76196,371.56375,1327.50000,3743.50000,0,0.11200,0.11200,0,0.00000,0,1.00487,102,NaN,NaN,100,102,1,1327.50000,3743.50000,0,0,0.00000,0.00000,NaN
578,0.00000,126,0,126,126,126,135.86452,370.50502,1368.83325,3732.83325,0,0.11200,0.11200,0,0.00000,0,1.24131,126,NaN,NaN,100,126,1,1368.83325,3732.83325,0,0,0.00000,0.00000,NaN
579,0.00000,191,0,191,191,191,133.48238,369.04928,1344.83325,3718.16675,0,0.11200,0.11200,0,0.00000,0,1.88167,191,NaN,NaN,100,191,1,1344.83325,3718.16675,0,0,0.00000,0.00000,NaN
580,0.00000,314,0,314,314,314,132.55600,365.74075,1335.50000,3684.83325,0,0.11200,0.11200,0,0.00000,0,3.09343,314,NaN,NaN,100,314,1,1335.50000,3684.83325,0,0,0.00000,0.00000,NaN
581,0.00000,142,0,142,142,142,144.99604,365.34372,1460.83325,3680.83325,0,0.11200,0.11200,0,0.00000,0,1.39894,142,NaN,NaN,100,142,1,1460.83325,3680.83325,0,0,0.00000,0.00000,NaN
582,0.00000,136,0,136,136,136,117.07211,386.12127,1179.50000,3890.16675,0,0.11200,0.11200,0,0.00000,0,1.33983,136,NaN,NaN,100,136,1,1179.50000,3890.16675,0,0,0.00000,0.00000,NaN
583,0.00000,182,0,182,182,182,118.66020,384.40082,1195.50000,3872.83325,0,0.11200,0.11200,0,0.00000,0,1.79301,182,NaN,NaN,100,182,1,1195.50000,3872.83325,0,0,0.00000,0.00000,NaN
584,0.00000,127,0,127,127,127,115.88104,389.69447,1167.50000,3926.16675,0,0.11200,0.11200,0,0.00000,0,1.25117,127,NaN,NaN,100,127,1,1167.50000,3926.16675,0,0,0.00000,0.00000,NaN
585,0.00000,87,0,87,87,87,112.17549,392.07661,1130.16663,3950.16675,0,0.11200,0.11200,0,0.00000,0,0.85710,87,NaN,NaN,100,87,1,1130.16663,3950.16675,0,0,0.00000,0.00000,NaN
586,0.00000,264,0,264,264,264,126.73299,377.38676,1276.83325,3802.16675,0,0.11200,0.11200,0,0.00000,0,2.60085,264,NaN,NaN,100,264,1,1276.83325,3802.16675,0,0,0.00000,0.00000,NaN
587,0.00000,81,0,81,81,81,136.65856,391.81192,1376.83325,3947.50000,0,0.11200,0.11200,0,0.00000,0,0.79799,81,NaN,NaN,100,81,1,1376.83325,3947.50000,0,0,0.00000,0.00000,NaN
588,0.00000,34,0,34,34,34,132.29131,392.20894,1332.83325,3951.50000,0,0.11200,0.11200,0,0.00000,0,0.33496,34,NaN,NaN,100,34,1,1332.83325,3951.50000,0,0,0.00000,0.00000,NaN
589,0.00000,87,0,87,87,87,98.47821,411.72926,992.16669,4148.16699,0,0.11200,0.11200,0,0.00000,0,0.85710,87,NaN,NaN,100,87,1,992.16669,4148.16699,0,0,0.00000,0.00000,NaN
590,0.00000,159,0,159,159,159,96.36076,413.44966,970.83337,4165.50000,0,0.11200,0.11200,0,0.00000,0,1.56642,159,NaN,NaN,100,159,1,970.83337,4165.50000,0,0,0.00000,0.00000,NaN
591,0.00000,31,0,31,31,31,89.34668,431.44805,900.16669,4346.83350,0,0.11200,0.11200,0,0.00000,0,0.30540,31,NaN,NaN,100,31,1,900.16669,4346.83350,0,0,0.00000,0.00000,NaN
592,0.00000,281,0,281,281,281,89.21435,411.33224,898.83337,4144.16699,0,0.11200,0.11200,0,0.00000,0,2.76833,281,NaN,NaN,100,281,1,898.83337,4144.16699,0,0,0.00000,0.00000,NaN
593,0.00000,334,0,334,334,334,85.24412,408.81770,858.83337,4118.83301,0,0.11200,0.11200,0,0.00000,0,3.29047,334,NaN,NaN,100,334,1,858.83337,4118.83301,0,0,0.00000,0.00000,NaN
594,0.00000,72,0,72,72,72,81.67091,410.67051,822.83337,4137.50000,0,0.11200,0.11200,0,0.00000,0,0.70932,72,NaN,NaN,100,72,1,822.83337,4137.50000,0,0,0.00000,0.00000,NaN
595,0.00000,160,0,160,160,160,82.72964,389.49596,833.50000,3924.16675,0,0.11200,0.11200,0,0.00000,0,1.57627,160,NaN,NaN,100,160,1,833.50000,3924.16675,0,0,0.00000,0.00000,NaN
596,0.00000,114,0,114,114,114,84.71475,384.20231,853.50000,3870.83325,0,0.11200,0.11200,0,0.00000,0,1.12309,114,NaN,NaN,100,114,1,853.50000,3870.83325,0,0,0.00000,0.00000,NaN
597,0.00000,1048,0,1048,1048,1048,85.24412,401.00962,858.83337,4040.16675,0,0.11200,0.11200,0,0.00000,0,10.32458,1048,NaN,NaN,100,1048,1,858.83337,4040.16675,0,0,0.00000,0.00000,NaN
598,0.00000,422,0,422,422,422,87.22923,404.18581,878.83337,4072.16675,0,0.11200,0.11200,0,0.00000,0,4.15742,422,NaN,NaN,100,422,1,878.83337,4072.16675,0,0,0.00000,0.00000,NaN
599,0.00000,223,0,223,223,223,91.86116,406.30325,925.50000,4093.50000,0,0.11200,0.11200,0,0.00000,0,2.19693,223,NaN,NaN,100,223,1,925.50000,4093.50000,0,0,0.00000,0.00000,NaN
600,0.00000,379,0,379,379,379,95.83139,409.47944,965.50000,4125.50000,0,0.11200,0.11200,0,0.00000,0,3.73379,379,NaN,NaN,100,379,1,965.50000,4125.50000,0,0,0.00000,0.00000,NaN
601,0.00000,79,0,79,79,79,105.88929,426.28675,1066.83325,4294.83350,0,0.11200,0.11200,0,0.00000,0,0.77828,79,NaN,NaN,100,79,1,1066.83325,4294.83350,0,0,0.00000,0.00000,NaN
602,0.00000,350,0,350,350,350,108.27143,416.62585,1090.83325,4197.50000,0,0.11200,0.11200,0,0.00000,0,3.44809,350,NaN,NaN,100,350,1,1090.83325,4197.50000,0,0,0.00000,0.00000,NaN
603,0.00000,66,0,66,66,66,102.44843,414.90545,1032.16663,4180.16699,0,0.11200,0.11200,0,0.00000,0,0.65021,66,NaN,NaN,100,66,1,1032.16663,4180.16699,0,0,0.00000,0.00000,NaN
604,0.00000,330,0,330,330,330,105.35994,414.37602,1061.50000,4174.83301,0,0.11200,0.11200,0,0.00000,0,3.25106,330,NaN,NaN,100,330,1,1061.50000,4174.83301,0,0,0.00000,0.00000,NaN
605,0.00000,80,0,80,80,80,101.65439,412.65562,1024.16663,4157.50000,0,0.11200,0.11200,0,0.00000,0,0.78814,80,NaN,NaN,100,80,1,1024.16663,4157.50000,0,0,0.00000,0.00000,NaN
606,0.00000,66,0,66,66,66,92.39053,419.14029,930.83337,4222.83301,0,0.11200,0.11200,0,0.00000,0,0.65021,66,NaN,NaN,100,66,1,930.83337,4222.83301,0,0,0.00000,0.00000,NaN
607,0.00000,86,0,86,86,86,88.28796,418.34625,889.50000,4214.83301,0,0.11200,0.11200,0,0.00000,0,0.84725,86,NaN,NaN,100,86,1,889.50000,4214.83301,0,0,0.00000,0.00000,NaN
608,0.00000,202,0,202,202,202,86.83221,420.72838,874.83337,4238.83301,0,0.11200,0.11200,0,0.00000,0,1.99004,202,NaN,NaN,100,202,1,874.83337,4238.83301,0,0,0.00000,0.00000,NaN
609,0.00000,132,0,132,132,132,69.49554,463.11062,700.16669,4665.83350,0,0.11200,0.11200,0,0.00000,0,1.30042,132,NaN,NaN,100,132,1,700.16669,4665.83350,0,0,0.00000,0.00000,NaN
610,0.00000,66,0,66,66,66,75.71557,461.65484,762.83337,4651.16650,0,0.11200,0.11200,0,0.00000,0,0.65021,66,NaN,NaN,100,66,1,762.83337,4651.16650,0,0,0.00000,0.00000,NaN
611,0.00000,91,0,91,91,91,73.59811,459.14039,741.50000,4625.83350,0,0.11200,0.11200,0,0.00000,0,0.89650,91,NaN,NaN,100,91,1,741.50000,4625.83350,0,0,0.00000,0.00000,NaN
612,0.00000,84,0,84,84,84,76.50961,457.15528,770.83337,4605.83350,0,0.11200,0.11200,0,0.00000,0,0.82754,84,NaN,NaN,100,84,1,770.83337,4605.83350,0,0,0.00000,0.00000,NaN
613,0.00000,187,0,187,187,187,79.95048,458.08163,805.50000,4615.16650,0,0.11200,0.11200,0,0.00000,0,1.84227,187,NaN,NaN,100,187,1,805.50000,4615.16650,0,0,0.00000,0.00000,NaN
614,0.00000,89,0,89,89,89,77.56834,460.33146,781.50000,4637.83350,0,0.11200,0.11200,0,0.00000,0,0.87680,89,NaN,NaN,100,89,1,781.50000,4637.83350,0,0,0.00000,0.00000,NaN
615,0.00000,48,0,48,48,48,81.00920,461.39017,816.16669,4648.50000,0,0.11200,0.11200,0,0.00000,0,0.47288,48,NaN,NaN,100,48,1,816.16669,4648.50000,0,0,0.00000,0.00000,NaN
616,0.00000,51,0,51,51,51,75.05386,464.56636,756.16669,4680.50000,0,0.11200,0.11200,0,0.00000,0,0.50244,51,NaN,NaN,100,51,1,756.16669,4680.50000,0,0,0.00000,0.00000,NaN
617,0.00000,242,0,242,242,242,44.74778,468.80125,450.83331,4723.16650,0,0.11200,0.11200,0,0.00000,0,2.38411,242,NaN,NaN,100,242,1,450.83331,4723.16650,0,0,0.00000,0.00000,NaN
618,0.00000,69,0,69,69,69,48.05631,478.85918,484.16666,4824.50000,0,0.11200,0.11200,0,0.00000,0,0.67977,69,NaN,NaN,100,69,1,484.16666,4824.50000,0,0,0.00000,0.00000,NaN
619,0.00000,2,0,2,2,2,47.52694,483.62345,478.83331,4872.50000,0,0.11200,0.11200,0,0.00000,0,0.01970,2,NaN,NaN,100,2,1,478.83331,4872.50000,0,0,0.00000,0.00000,NaN
620,0.00000,16,0,16,16,16,45.54183,472.90384,458.83331,4764.50000,0,0.11200,0.11200,0,0.00000,0,0.15763,16,NaN,NaN,100,16,1,458.83331,4764.50000,0,0,0.00000,0.00000,NaN
621,0.00000,91,0,91,91,91,42.36564,487.32902,426.83331,4909.83350,0,0.11200,0.11200,0,0.00000,0,0.89650,91,NaN,NaN,100,91,1,426.83331,4909.83350,0,0,0.00000,0.00000,NaN
622,0.00000,949,0,949,949,949,70.42193,488.78475,709.50000,4924.50000,0,0.11200,0.11200,0,0.00000,0,9.34926,949,NaN,NaN,100,949,1,709.50000,4924.50000,0,0,0.00000,0.00000,NaN
623,0.00000,8,0,8,8,8,90.00839,471.71277,906.83337,4752.50000,0,0.11200,0.11200,0,0.00000,0,0.07881,8,NaN,NaN,100,8,1,906.83337,4752.50000,0,0,0.00000,0.00000,NaN
624,0.00000,18,0,18,18,18,100.59566,479.78558,1013.50000,4833.83350,0,0.11200,0.11200,0,0.00000,0,0.17733,18,NaN,NaN,100,18,1,1013.50000,4833.83350,0,0,0.00000,0.00000,NaN
625,0.00000,11,0,11,11,11,106.15398,487.85835,1069.50000,4915.16650,0,0.11200,0.11200,0,0.00000,0,0.10837,11,NaN,NaN,100,11,1,1069.50000,4915.16650,0,0,0.00000,0.00000,NaN
626,0.00000,136,0,136,136,136,113.30039,458.21399,1141.50000,4616.50000,0,0.11200,0.11200,0,0.00000,0,1.33983,136,NaN,NaN,100,136,1,1141.50000,4616.50000,0,0,0.00000,0.00000,NaN
627,0.00000,84,0,84,84,84,111.44761,454.90545,1122.83325,4583.16650,0,0.11200,0.11200,0,0.00000,0,0.82754,84,NaN,NaN,100,84,1,1122.83325,4583.16650,0,0,0.00000,0.00000,NaN
628,0.00000,251,0,251,251,251,107.87441,453.31736,1086.83325,4567.16650,0,0.11200,0.11200,0,0.00000,0,2.47278,251,NaN,NaN,100,251,1,1086.83325,4567.16650,0,0,0.00000,0.00000,NaN
629,0.00000,144,0,144,144,144,105.62462,452.25865,1064.16663,4556.50000,0,0.11200,0.11200,0,0.00000,0,1.41864,144,NaN,NaN,100,144,1,1064.16663,4556.50000,0,0,0.00000,0.00000,NaN
630,0.00000,78,0,78,78,78,107.34505,457.68461,1081.50000,4611.16650,0,0.11200,0.11200,0,0.00000,0,0.76843,78,NaN,NaN,100,78,1,1081.50000,4611.16650,0,0,0.00000,0.00000,NaN
631,0.00000,40,0,40,40,40,101.91908,456.22888,1026.83337,4596.50000,0,0.11200,0.11200,0,0.00000,0,0.39407,40,NaN,NaN,100,40,1,1026.83337,4596.50000,0,0,0.00000,0.00000,NaN
632,0.00000,265,0,265,265,265,102.18375,465.22804,1029.50000,4687.16650,0,0.11200,0.11200,0,0.00000,0,2.61070,265,NaN,NaN,100,265,1,1029.50000,4687.16650,0,0,0.00000,0.00000,NaN
633,0.00000,8,0,8,8,8,105.49227,460.72848,1062.83325,4641.83350,0,0.11200,0.11200,0,0.00000,0,0.07881,8,NaN,NaN,100,8,1,1062.83325,4641.83350,0,0,0.00000,0.00000,NaN
634,0.00000,93,0,93,93,93,100.59566,460.86079,1013.50000,4643.16650,0,0.11200,0.11200,0,0.00000,0,0.91621,93,NaN,NaN,100,93,1,1013.50000,4643.16650,0,0,0.00000,0.00000,NaN
635,0.00000,17,0,17,17,17,128.12257,453.44972,1290.83325,4568.50000,0,0.11200,0.11200,0,0.00000,0,0.16748,17,NaN,NaN,100,17,1,1290.83325,4568.50000,0,0,0.00000,0.00000,NaN
636,0.00000,50,0,50,50,50,101.38971,452.92034,1021.50000,4563.16650,0,0.11200,0.11200,0,0.00000,0,0.49258,50,NaN,NaN,100,50,1,1021.50000,4563.16650,0,0,0.00000,0.00000,NaN
637,0.00000,173,0,173,173,173,77.83302,455.69950,784.16669,4591.16650,0,0.11200,0.11200,0,0.00000,0,1.70434,173,NaN,NaN,100,173,1,784.16669,4591.16650,0,0,0.00000,0.00000,NaN
638,0.00000,122,0,122,122,122,84.08613,495.33563,847.16669,4990.50000,0,0.11200,0.11200,0,0.00000,0,1.20191,122,NaN,NaN,100,122,1,847.16669,4990.50000,0,0,0.00000,0.00000,NaN
639,0.00000,27,0,27,27,27,102.08450,501.55564,1028.50000,5053.16650,0,0.11200,0.11200,0,0.00000,0,0.26600,27,NaN,NaN,100,27,1,1028.50000,5053.16650,0,0,0.00000,0.00000,NaN
640,0.00000,41,0,41,41,41,108.56920,498.51181,1093.83325,5022.50000,0,0.11200,0.11200,0,0.00000,0,0.40392,41,NaN,NaN,100,41,1,1093.83325,5022.50000,0,0,0.00000,0.00000,NaN
641,0.00000,71,0,71,71,71,113.86284,509.89311,1147.16663,5137.16650,0,0.11200,0.11200,0,0.00000,0,0.69947,71,NaN,NaN,100,71,1,1147.16663,5137.16650,0,0,0.00000,0.00000,NaN
642,0.00000,110,0,110,110,110,109.89261,517.96593,1107.16663,5218.50000,0,0.11200,0.11200,0,0.00000,0,1.08369,110,NaN,NaN,100,110,1,1107.16663,5218.50000,0,0,0.00000,0.00000,NaN
643,0.00000,133,0,133,133,133,109.62793,517.30424,1104.50000,5211.83350,0,0.11200,0.11200,0,0.00000,0,1.31028,133,NaN,NaN,100,133,1,1104.50000,5211.83350,0,0,0.00000,0.00000,NaN
644,0.00000,106,0,106,106,106,113.99518,498.24714,1148.50000,5019.83350,0,0.11200,0.11200,0,0.00000,0,1.04428,106,NaN,NaN,100,106,1,1148.50000,5019.83350,0,0,0.00000,0.00000,NaN
645,0.00000,57,0,57,57,57,115.05391,493.74754,1159.16663,4974.50000,0,0.11200,0.11200,0,0.00000,0,0.56155,57,NaN,NaN,100,57,1,1159.16663,4974.50000,0,0,0.00000,0.00000,NaN
646,0.00000,67,0,67,67,67,116.90668,490.57135,1177.83325,4942.50000,0,0.11200,0.11200,0,0.00000,0,0.66006,67,NaN,NaN,100,67,1,1177.83325,4942.50000,0,0,0.00000,0.00000,NaN
647,0.00000,118,0,118,118,118,111.87773,492.95349,1127.16663,4966.50000,0,0.11200,0.11200,0,0.00000,0,1.16250,118,NaN,NaN,100,118,1,1127.16663,4966.50000,0,0,0.00000,0.00000,NaN
648,0.00000,79,0,79,79,79,113.86284,491.10073,1147.16663,4947.83350,0,0.11200,0.11200,0,0.00000,0,0.77828,79,NaN,NaN,100,79,1,1147.16663,4947.83350,0,0,0.00000,0.00000,NaN
649,0.00000,72,0,72,72,72,115.71561,489.90966,1165.83325,4935.83350,0,0.11200,0.11200,0,0.00000,0,0.70932,72,NaN,NaN,100,72,1,1165.83325,4935.83350,0,0,0.00000,0.00000,NaN
650,0.00000,74,0,74,74,74,111.21602,508.17271,1120.50000,5119.83350,0,0.11200,0.11200,0,0.00000,0,0.72903,74,NaN,NaN,100,74,1,1120.50000,5119.83350,0,0,0.00000,0.00000,NaN
651,0.00000,135,0,135,135,135,113.86284,521.00975,1147.16663,5249.16650,0,0.11200,0.11200,0,0.00000,0,1.32998,135,NaN,NaN,100,135,1,1147.16663,5249.16650,0,0,0.00000,0.00000,NaN
652,0.00000,137,0,137,137,137,116.77434,519.95104,1176.50000,5238.50000,0,0.11200,0.11200,0,0.00000,0,1.34968,137,NaN,NaN,100,137,1,1176.50000,5238.50000,0,0,0.00000,0.00000,NaN
653,0.00000,103,0,103,103,103,117.03902,522.46554,1179.16663,5263.83350,0,0.11200,0.11200,0,0.00000,0,1.01472,103,NaN,NaN,100,103,1,1179.16663,5263.83350,0,0,0.00000,0.00000,NaN
654,0.00000,51,0,51,51,51,109.62793,523.12723,1104.50000,5270.50000,0,0.11200,0.11200,0,0.00000,0,0.50244,51,NaN,NaN,100,51,1,1104.50000,5270.50000,0,0,0.00000,0.00000,NaN
655,0.00000,69,0,69,69,69,105.39301,527.49448,1061.83325,5314.50000,0,0.11200,0.11200,0,0.00000,0,0.67977,69,NaN,NaN,100,69,1,1061.83325,5314.50000,0,0,0.00000,0.00000,NaN
656,0.00000,220,0,220,220,220,95.07043,531.72937,957.83337,5357.16650,0,0.11200,0.11200,0,0.00000,0,2.16737,220,NaN,NaN,100,220,1,957.83337,5357.16650,0,0,0.00000,0.00000,NaN
657,0.00000,0,0,0,0,0,103.40790,532.12639,1041.83325,5361.16650,0,0.11200,0.11200,0,0.00000,0,0.00000,0,NaN,NaN,0,0,1,1041.83325,5361.16650,0,0,0.00000,0.00000,NaN
658,0.00000,123,0,123,123,123,113.06879,537.15538,1139.16663,5411.83350,0,0.11200,0.11200,0,0.00000,0,1.21176,123,NaN,NaN,100,123,1,1139.16663,5411.83350,0,0,0.00000,0.00000,NaN
659,0.00000,40,0,40,40,40,112.40709,528.81790,1132.50000,5327.83350,0,0.11200,0.11200,0,0.00000,0,0.39407,40,NaN,NaN,100,40,1,1132.50000,5327.83350,0,0,0.00000,0.00000,NaN
660,0.00000,94,0,94,94,94,111.87773,514.92210,1127.16663,5187.83350,0,0.11200,0.11200,0,0.00000,0,0.92606,94,NaN,NaN,100,94,1,1127.16663,5187.83350,0,0,0.00000,0.00000,NaN
661,0.00000,53,0,53,53,53,132.39057,452.85418,1333.83325,4562.50000,0,0.11200,0.11200,0,0.00000,0,0.52214,53,NaN,NaN,100,53,1,1333.83325,4562.50000,0,0,0.00000,0.00000,NaN
662,0.00000,90,0,90,90,90,129.21439,488.58624,1301.83325,4922.50000,0,0.11200,0.11200,0,0.00000,0,0.88665,90,NaN,NaN,100,90,1,1301.83325,4922.50000,0,0,0.00000,0.00000,NaN
663,0.00000,36,0,36,36,36,133.58164,488.32157,1345.83325,4919.83350,0,0.11200,0.11200,0,0.00000,0,0.35466,36,NaN,NaN,100,36,1,1345.83325,4919.83350,0,0,0.00000,0.00000,NaN
664,0.00000,30,0,30,30,30,125.24416,487.26281,1261.83325,4909.16650,0,0.11200,0.11200,0,0.00000,0,0.29555,30,NaN,NaN,100,30,1,1261.83325,4909.16650,0,0,0.00000,0.00000,NaN
665,0.00000,12,0,12,12,12,104.99599,521.67149,1057.83325,5255.83350,0,0.11200,0.11200,0,0.00000,0,0.11822,12,NaN,NaN,100,12,1,1057.83325,5255.83350,0,0,0.00000,0.00000,NaN
666,0.00000,268,0,268,268,268,135.16973,518.09829,1361.83325,5219.83350,0,0.11200,0.11200,0,0.00000,0,2.64025,268,NaN,NaN,100,268,1,1361.83325,5219.83350,0,0,0.00000,0.00000,NaN
667,0.00000,73,0,73,73,73,137.15484,521.80380,1381.83325,5257.16650,0,0.11200,0.11200,0,0.00000,0,0.71917,73,NaN,NaN,100,73,1,1381.83325,5257.16650,0,0,0.00000,0.00000,NaN
668,0.00000,50,0,50,50,50,135.46750,538.31335,1364.83325,5423.50000,0,0.11200,0.11200,0,0.00000,0,0.49258,50,NaN,NaN,100,50,1,1364.83325,5423.50000,0,0,0.00000,0.00000,NaN
669,0.00000,23,0,23,23,23,126.60066,545.98914,1275.50000,5500.83350,0,0.11200,0.11200,0,0.00000,0,0.22659,23,NaN,NaN,100,23,1,1275.50000,5500.83350,0,0,0.00000,0.00000,NaN
670,0.00000,128,0,128,128,128,135.99686,545.19510,1370.16663,5492.83350,0,0.11200,0.11200,0,0.00000,0,1.26102,128,NaN,NaN,100,128,1,1370.16663,5492.83350,0,0,0.00000,0.00000,NaN
671,0.00000,59,0,59,59,59,130.96791,539.76908,1319.50000,5438.16650,0,0.11200,0.11200,0,0.00000,0,0.58125,59,NaN,NaN,100,59,1,1319.50000,5438.16650,0,0,0.00000,0.00000,NaN
672,0.00000,46,0,46,46,46,139.70241,540.69549,1407.50000,5447.50000,0,0.11200,0.11200,0,0.00000,0,0.45318,46,NaN,NaN,100,46,1,1407.50000,5447.50000,0,0,0.00000,0.00000,NaN
673,0.00000,57,0,57,57,57,141.29050,536.46059,1423.50000,5404.83350,0,0.11200,0.11200,0,0.00000,0,0.56155,57,NaN,NaN,100,57,1,1423.50000,5404.83350,0,0,0.00000,0.00000,NaN
674,0.00000,57,0,57,57,57,141.29050,536.46059,1423.50000,5404.83350,0,0.11200,0.11200,0,0.00000,0,0.56155,57,NaN,NaN,100,57,1,1423.50000,5404.83350,0,0,0.00000,0.00000,NaN
675,0.00000,98,0,98,98,98,140.62879,526.93204,1416.83325,5308.83350,0,0.11200,0.11200,0,0.00000,0,0.96547,98,NaN,NaN,100,98,1,1416.83325,5308.83350,0,0,0.00000,0.00000,NaN
676,0.00000,137,0,137,137,137,143.01093,528.78480,1440.83325,5327.50000,0,0.11200,0.11200,0,0.00000,0,1.34968,137,NaN,NaN,100,137,1,1440.83325,5327.50000,0,0,0.00000,0.00000,NaN
677,0.00000,37,0,37,37,37,144.99604,538.44571,1460.83325,5424.83350,0,0.11200,0.11200,0,0.00000,0,0.36451,37,NaN,NaN,100,37,1,1460.83325,5424.83350,0,0,0.00000,0.00000,NaN
678,0.00000,37,0,37,37,37,144.99604,538.44571,1460.83325,5424.83350,0,0.11200,0.11200,0,0.00000,0,0.36451,37,NaN,NaN,100,37,1,1460.83325,5424.83350,0,0,0.00000,0.00000,NaN
679,0.00000,31,0,31,31,31,143.67264,542.94527,1447.50000,5470.16650,0,0.11200,0.11200,0,0.00000,0,0.30540,31,NaN,NaN,100,31,1,1447.50000,5470.16650,0,0,0.00000,0.00000,NaN
680,0.00000,130,0,130,130,130,138.37900,543.20998,1394.16663,5472.83350,0,0.11200,0.11200,0,0.00000,0,1.28072,130,NaN,NaN,100,130,1,1394.16663,5472.83350,0,0,0.00000,0.00000,NaN
681,0.00000,130,0,130,130,130,138.37900,543.20998,1394.16663,5472.83350,0,0.11200,0.11200,0,0.00000,0,1.28072,130,NaN,NaN,100,130,1,1394.16663,5472.83350,0,0,0.00000,0.00000,NaN
682,0.00000,41,0,41,41,41,130.17387,527.99076,1311.50000,5319.50000,0,0.11200,0.11200,0,0.00000,0,0.40392,41,NaN,NaN,100,41,1,1311.50000,5319.50000,0,0,0.00000,0.00000,NaN
683,0.00000,41,0,41,41,41,130.17387,527.99076,1311.50000,5319.50000,0,0.11200,0.11200,0,0.00000,0,0.40392,41,NaN,NaN,100,41,1,1311.50000,5319.50000,0,0,0.00000,0.00000,NaN
684,0.00000,116,0,116,116,116,144.99604,510.65411,1460.83325,5144.83350,0,0.11200,0.11200,0,0.00000,0,1.14280,116,NaN,NaN,100,116,1,1460.83325,5144.83350,0,0,0.00000,0.00000,NaN
685,0.00000,70,0,70,70,70,134.27643,531.96098,1352.83325,5359.50000,0,0.11200,0.11200,0,0.00000,0,0.68962,70,NaN,NaN,100,70,1,1352.83325,5359.50000,0,0,0.00000,0.00000,NaN
686,0.00000,82,0,82,82,82,143.93732,544.66572,1450.16663,5487.50000,0,0.11200,0.11200,0,0.00000,0,0.80784,82,NaN,NaN,100,82,1,1450.16663,5487.50000,0,0,0.00000,0.00000,NaN
687,0.00000,33,0,33,33,33,144.73137,514.35962,1458.16663,5182.16650,0,0.11200,0.11200,0,0.00000,0,0.32511,33,NaN,NaN,100,33,1,1458.16663,5182.16650,0,0,0.00000,0.00000,NaN
688,0.00000,36,0,36,36,36,142.34923,518.85923,1434.16663,5227.50000,0,0.11200,0.11200,0,0.00000,0,0.35466,36,NaN,NaN,100,36,1,1434.16663,5227.50000,0,0,0.00000,0.00000,NaN
689,0.00000,65,0,65,65,65,139.04070,516.34474,1400.83325,5202.16650,0,0.11200,0.11200,0,0.00000,0,0.64036,65,NaN,NaN,100,65,1,1400.83325,5202.16650,0,0,0.00000,0.00000,NaN
690,0.00000,188,0,188,188,188,138.64368,548.10656,1396.83325,5522.16650,0,0.11200,0.11200,0,0.00000,0,1.85212,188,NaN,NaN,100,188,1,1396.83325,5522.16650,0,0,0.00000,0.00000,NaN
691,0.00000,21,0,21,21,21,120.64532,555.51769,1215.50000,5596.83350,0,0.11200,0.11200,0,0.00000,0,0.20689,21,NaN,NaN,100,21,1,1215.50000,5596.83350,0,0,0.00000,0.00000,NaN
692,0.00000,112,0,112,112,112,139.70241,520.71199,1407.50000,5246.16650,0,0.11200,0.11200,0,0.00000,0,1.10339,112,NaN,NaN,100,112,1,1407.50000,5246.16650,0,0,0.00000,0.00000,NaN
693,0.00000,112,0,112,112,112,139.70241,520.71199,1407.50000,5246.16650,0,0.11200,0.11200,0,0.00000,0,1.10339,112,NaN,NaN,100,112,1,1407.50000,5246.16650,0,0,0.00000,0.00000,NaN
694,0.00000,10,0,10,10,10,139.70241,511.05113,1407.50000,5148.83350,0,0.11200,0.11200,0,0.00000,0,0.09852,10,NaN,NaN,100,10,1,1407.50000,5148.83350,0,0,0.00000,0.00000,NaN
695,0.00000,27,0,27,27,27,149.49564,508.40428,1506.16663,5122.16650,0,0.11200,0.11200,0,0.00000,0,0.26600,27,NaN,NaN,100,27,1,1506.16663,5122.16650,0,0,0.00000,0.00000,NaN
696,0.00000,99,0,99,99,99,115.35167,469.89306,1162.16663,4734.16650,0,0.11200,0.11200,0,0.00000,0,0.97532,99,NaN,NaN,100,99,1,1162.16663,4734.16650,0,0,0.00000,0.00000,NaN
697,0.00000,66,0,66,66,66,129.24747,538.80963,1302.16663,5428.50000,0,0.11200,0.11200,0,0.00000,0,0.65021,66,NaN,NaN,100,66,1,1302.16663,5428.50000,0,0,0.00000,0.00000,NaN
698,0.00000,64,0,64,64,64,130.17387,535.63345,1311.50000,5396.50000,0,0.11200,0.11200,0,0.00000,0,0.63051,64,NaN,NaN,100,64,1,1311.50000,5396.50000,0,0,0.00000,0.00000,NaN
699,0.00000,192,0,192,192,192,142.87860,509.69460,1439.50000,5135.16650,0,0.11200,0.11200,0,0.00000,0,1.89153,192,NaN,NaN,100,192,1,1439.50000,5135.16650,0,0,0.00000,0.00000,NaN
700,0.00000,26,0,26,26,26,148.70159,515.91466,1498.16663,5197.83350,0,0.11200,0.11200,0,0.00000,0,0.25614,26,NaN,NaN,100,26,1,1498.16663,5197.83350,0,0,0.00000,0.00000,NaN
701,0.00000,11341,0,11341,11341,11341,121.30702,555.35223,1222.16663,5595.16650,0,0.11200,0.11200,0,0.00000,0,111.72809,11341,NaN,NaN,100,11341,2,1222.16663,5595.16650,0,0,0.00000,0.00000,NaN
702,0.00000,11341,0,11341,11341,11341,119.58658,552.70543,1204.83325,5568.50000,0,0.11200,0.11200,0,0.00000,0,111.72809,11341,NaN,NaN,100,11341,2,1204.83325,5568.50000,0,0,0.00000,0.00000,NaN
703,0.00000,12429,0,12429,12429,12429,139.43772,553.10245,1404.83325,5572.50000,0,0.11200,0.11200,0,0.00000,0,122.44673,12429,NaN,NaN,100,12429,2,1404.83325,5572.50000,0,0,0.00000,0.00000,NaN
704,0.00000,11618,0,11618,11618,11618,143.93732,543.17688,1450.16663,5472.50000,0,0.11200,0.11200,0,0.00000,0,114.45701,11618,NaN,NaN,100,11618,2,1450.16663,5472.50000,0,0,0.00000,0.00000,NaN
705,0.00000,9,0,9,9,9,133.87940,548.86756,1348.83325,5529.83350,0,0.11200,0.11200,0,0.00000,0,0.08867,9,NaN,NaN,100,9,1,1348.83325,5529.83350,0,0,0.00000,0.00000,NaN
706,0.00000,161,0,161,161,161,119.05723,552.04374,1199.50000,5561.83350,0,0.11200,0.11200,0,0.00000,0,1.58612,161,NaN,NaN,100,161,1,1199.50000,5561.83350,0,0,0.00000,0.00000,NaN
707,0.00000,73,0,73,73,73,111.24910,549.39689,1120.83325,5535.16650,0,0.11200,0.11200,0,0.00000,0,0.71917,73,NaN,NaN,100,73,1,1120.83325,5535.16650,0,0,0.00000,0.00000,NaN
708,0.00000,116,0,116,116,116,112.17549,538.41261,1130.16663,5424.50000,0,0.11200,0.11200,0,0.00000,0,1.14280,116,NaN,NaN,100,116,1,1130.16663,5424.50000,0,0,0.00000,0.00000,NaN
709,0.00000,55,0,55,55,55,112.44017,527.16361,1132.83325,5311.16650,0,0.11200,0.11200,0,0.00000,0,0.54184,55,NaN,NaN,100,55,1,1132.83325,5311.16650,0,0,0.00000,0.00000,NaN
710,0.00000,26,0,26,26,26,143.67264,522.92871,1447.50000,5268.50000,0,0.11200,0.11200,0,0.00000,0,0.25614,26,NaN,NaN,100,26,1,1447.50000,5268.50000,0,0,0.00000,0.00000,NaN
711,0.00000,18,0,18,18,18,146.31946,528.22237,1474.16663,5321.83350,0,0.11200,0.11200,0,0.00000,0,0.17733,18,NaN,NaN,100,18,1,1474.16663,5321.83350,0,0,0.00000,0.00000,NaN
712,0.00000,7,0,7,7,7,138.64368,533.51597,1396.83325,5375.16650,0,0.11200,0.11200,0,0.00000,0,0.06896,7,NaN,NaN,100,7,1,1396.83325,5375.16650,0,0,0.00000,0.00000,NaN
713,0.00000,11,0,11,11,11,131.62961,525.17849,1326.16663,5291.16650,0,0.11200,0.11200,0,0.00000,0,0.10837,11,NaN,NaN,100,11,1,1326.16663,5291.16650,0,0,0.00000,0.00000,NaN
714,0.00000,48,0,48,48,48,132.29131,521.20827,1332.83325,5251.16650,0,0.11200,0.11200,0,0.00000,0,0.47288,48,NaN,NaN,100,48,1,1332.83325,5251.16650,0,0,0.00000,0.00000,NaN
715,0.00000,339,0,339,339,339,138.24666,519.75253,1392.83325,5236.50000,0,0.11200,0.11200,0,0.00000,0,3.33973,339,NaN,NaN,100,339,1,1392.83325,5236.50000,0,0,0.00000,0.00000,NaN
716,0.00000,27,0,27,27,27,143.27562,514.72359,1443.50000,5185.83350,0,0.11200,0.11200,0,0.00000,0,0.26600,27,NaN,NaN,100,27,1,1443.50000,5185.83350,0,0,0.00000,0.00000,NaN
717,0.00000,1,0,1,1,1,135.59984,565.93954,1366.16663,5701.83350,0,0.11200,0.11200,0,0.00000,0,0.00985,1,NaN,NaN,100,1,1,1366.16663,5701.83350,0,0,0.00000,0.00000,NaN
718,0.00000,36,0,36,36,36,139.17305,571.10084,1402.16663,5753.83350,0,0.11200,0.11200,0,0.00000,0,0.35466,36,NaN,NaN,100,36,1,1402.16663,5753.83350,0,0,0.00000,0.00000,NaN
719,0.00000,15,0,15,15,15,134.93814,570.17443,1359.50000,5744.50000,0,0.11200,0.11200,0,0.00000,0,0.14778,15,NaN,NaN,100,15,1,1359.50000,5744.50000,0,0,0.00000,0.00000,NaN
720,0.00000,25,0,25,25,25,144.46669,569.38039,1455.50000,5736.50000,0,0.11200,0.11200,0,0.00000,0,0.24629,25,NaN,NaN,100,25,1,1455.50000,5736.50000,0,0,0.00000,0.00000,NaN
721,0.00000,21,0,21,21,21,146.98116,505.32735,1480.83325,5091.16650,0,0.11200,0.11200,0,0.00000,0,0.20689,21,NaN,NaN,100,21,1,1480.83325,5091.16650,0,0,0.00000,0.00000,NaN
722,0.00000,218,0,218,218,218,110.71975,499.90139,1115.50000,5036.50000,0,0.11200,0.11200,0,0.00000,0,2.14767,218,NaN,NaN,100,218,1,1115.50000,5036.50000,0,0,0.00000,0.00000,NaN
723,0.00000,180,0,180,180,180,104.76440,536.69216,1055.50000,5407.16650,0,0.11200,0.11200,0,0.00000,0,1.77331,180,NaN,NaN,100,180,1,1055.50000,5407.16650,0,0,0.00000,0.00000,NaN
724,0.00000,90,0,90,90,90,107.94059,531.00153,1087.50000,5349.83350,0,0.11200,0.11200,0,0.00000,0,0.88665,90,NaN,NaN,100,90,1,1087.50000,5349.83350,0,0,0.00000,0.00000,NaN
725,0.00000,7,0,7,7,7,110.85208,544.50031,1116.83325,5485.83350,0,0.11200,0.11200,0,0.00000,0,0.06896,7,NaN,NaN,100,7,1,1116.83325,5485.83350,0,0,0.00000,0.00000,NaN
726,0.00000,124,0,124,124,124,142.08455,547.54413,1431.50000,5516.50000,0,0.11200,0.11200,0,0.00000,0,1.22161,124,NaN,NaN,100,124,1,1431.50000,5516.50000,0,0,0.00000,0.00000,NaN
727,0.00000,82,0,82,82,82,151.34841,530.86917,1524.83325,5348.50000,0,0.11200,0.11200,0,0.00000,0,0.80784,82,NaN,NaN,100,82,1,1524.83325,5348.50000,0,0,0.00000,0.00000,NaN
728,0.00000,32,0,32,32,32,146.98116,518.95849,1480.83325,5228.50000,0,0.11200,0.11200,0,0.00000,0,0.31525,32,NaN,NaN,100,32,1,1480.83325,5228.50000,0,0,0.00000,0.00000,NaN
729,0.00000,245,0,245,245,245,143.40795,512.07674,1444.83325,5159.16650,0,0.11200,0.11200,0,0.00000,0,2.41367,245,NaN,NaN,100,245,1,1444.83325,5159.16650,0,0,0.00000,0.00000,NaN
730,0.00000,28,0,28,28,28,148.56925,514.59123,1496.83325,5184.50000,0,0.11200,0.11200,0,0.00000,0,0.27585,28,NaN,NaN,100,28,1,1496.83325,5184.50000,0,0,0.00000,0.00000,NaN
731,0.00000,50,0,50,50,50,150.28969,565.80718,1514.16663,5700.50000,0,0.11200,0.11200,0,0.00000,0,0.49258,50,NaN,NaN,100,50,1,1514.16663,5700.50000,0,0,0.00000,0.00000,NaN
732,0.00000,33,0,33,33,33,70.85204,528.75170,713.83337,5327.16650,0,0.11200,0.11200,0,0.00000,0,0.32511,33,NaN,NaN,100,33,1,713.83337,5327.16650,0,0,0.00000,0.00000,NaN
733,0.00000,70,0,70,70,70,115.28551,606.00574,1161.50000,6105.50000,0,0.11200,0.11200,0,0.00000,0,0.68962,70,NaN,NaN,100,70,1,1161.50000,6105.50000,0,0,0.00000,0.00000,NaN
734,0.00000,0,0,0,0,0,142.68008,584.76502,1437.50000,5891.50000,0,0.11200,0.11200,0,0.00000,0,0.00000,0,NaN,NaN,0,0,1,1437.50000,5891.50000,0,0,0.00000,0.00000,NaN
735,0.00000,60,0,60,60,60,116.24498,610.00907,1171.16663,6145.83350,0,0.11200,0.11200,0,0.00000,0,0.59110,60,NaN,NaN,100,60,1,1171.16663,6145.83350,0,0,0.00000,0.00000,NaN
736,0.00000,23,0,23,23,23,139.70241,570.67071,1407.50000,5749.50000,0,0.11200,0.11200,0,0.00000,0,0.22659,23,NaN,NaN,100,23,1,1407.50000,5749.50000,0,0,0.00000,0.00000,NaN
737,0.00000,155,0,155,155,155,114.29295,606.00574,1151.50000,6105.50000,0,0.11200,0.11200,0,0.00000,0,1.52701,155,NaN,NaN,100,155,1,1151.50000,6105.50000,0,0,0.00000,0.00000,NaN
738,0.00000,58,0,58,58,58,134.90505,608.55329,1359.16663,6131.16650,0,0.11200,0.11200,0,0.00000,0,0.57140,58,NaN,NaN,100,58,1,1359.16663,6131.16650,0,0,0.00000,0.00000,NaN
739,0.00000,11925,0,11925,11925,11925,124.71480,590.95198,1256.50000,5953.83350,0,0.11200,0.11200,0,0.00000,0,117.48148,11925,NaN,NaN,100,11925,2,1256.50000,5953.83350,0,0,0.00000,0.00000,NaN
740,0.00000,11927,0,11927,11927,11927,113.20114,595.31923,1140.50000,5997.83350,0,0.11200,0.11200,0,0.00000,0,117.50118,11927,NaN,NaN,100,11927,2,1140.50000,5997.83350,0,0,0.00000,0.00000,NaN
741,0.00000,11348,0,11348,11348,11348,119.55350,602.46564,1204.50000,6069.83350,0,0.11200,0.11200,0,0.00000,0,111.79705,11348,NaN,NaN,100,11348,2,1204.50000,6069.83350,0,0,0.00000,0.00000,NaN
742,0.00000,10414,0,10414,10414,10414,114.92156,602.06862,1157.83325,6065.83350,0,0.11200,0.11200,0,0.00000,0,102.59556,10414,NaN,NaN,100,10414,2,1157.83325,6065.83350,0,0,0.00000,0.00000,NaN
743,0.00000,10415,0,10415,10415,10415,112.53943,604.18604,1133.83325,6087.16650,0,0.11200,0.11200,0,0.00000,0,102.60542,10415,NaN,Infinity,100,10415,2,1133.83325,6087.16650,0,0,0.00000,0.00000,NaN
744,0.00000,9715,0,9715,9715,9715,114.65689,610.00907,1155.16663,6145.83350,0,0.11200,0.11200,0,0.00000,0,95.70923,9715,NaN,NaN,100,9715,2,1155.16663,6145.83350,0,0,0.00000,0.00000,NaN
745,0.00000,10899,0,10899,10899,10899,127.75864,614.37633,1287.16663,6189.83350,0,0.11200,0.11200,0,0.00000,0,107.37364,10899,NaN,NaN,100,10899,2,1287.16663,6189.83350,0,0,0.00000,0.00000,NaN
746,0.00000,10901,0,10901,10901,10901,135.56675,617.42015,1365.83325,6220.50000,0,0.11200,0.11200,0,0.00000,0,107.39334,10901,NaN,NaN,100,10901,2,1365.83325,6220.50000,0,0,0.00000,0.00000,NaN
747,0.00000,10896,0,10896,10896,10896,133.84633,608.55329,1348.50000,6131.16650,0,0.11200,0.11200,0,0.00000,0,107.34408,10896,NaN,NaN,100,10896,2,1348.50000,6131.16650,0,0,0.00000,0.00000,NaN
748,0.00000,11353,0,11353,11353,11353,141.38976,624.30190,1424.50000,6289.83350,0,0.11200,0.11200,0,0.00000,0,111.84631,11353,NaN,NaN,100,11353,2,1424.50000,6289.83350,0,0,0.00000,0.00000,NaN
749,0.00000,10282,0,10282,10282,10282,141.91912,629.59550,1429.83325,6343.16650,0,0.11200,0.11200,0,0.00000,0,101.29514,10282,NaN,NaN,100,10282,2,1429.83325,6343.16650,0,0,0.00000,0.00000,NaN
750,0.00000,11221,0,11221,11221,11221,145.75701,615.17037,1468.50000,6197.83350,0,0.11200,0.11200,0,0.00000,0,110.54588,11221,NaN,NaN,100,11221,2,1468.50000,6197.83350,0,0,0.00000,0.00000,NaN
751,0.00000,9716,0,9716,9716,9716,146.28637,610.00907,1473.83325,6145.83350,0,0.11200,0.11200,0,0.00000,0,95.71908,9716,NaN,NaN,100,9716,2,1473.83325,6145.83350,0,0,0.00000,0.00000,NaN
752,0.00000,10897,0,10897,10897,10897,151.58001,605.90649,1527.16663,6104.50000,0,0.11200,0.11200,0,0.00000,0,107.35393,10897,NaN,NaN,100,10897,2,1527.16663,6104.50000,0,0,0.00000,0.00000,NaN
753,0.00000,10281,0,10281,10281,10281,147.74213,605.50947,1488.50000,6100.50000,0,0.11200,0.11200,0,0.00000,0,101.28529,10281,NaN,Infinity,100,10281,2,1488.50000,6100.50000,0,0,0.00000,0.00000,NaN
754,0.00000,0,0,0,0,0,148.40383,629.33084,1495.16663,6340.50000,0,0.11200,0.11200,0,0.00000,0,0.00000,0,NaN,NaN,0,0,2,1495.16663,6340.50000,0,0,0.00000,0.00000,NaN
755,0.00000,9847,0,9847,9847,9847,148.27148,627.87510,1493.83325,6325.83350,0,0.11200,0.11200,0,0.00000,0,97.00965,9847,NaN,Infinity,100,9847,2,1493.83325,6325.83350,0,0,0.00000,0.00000,NaN
756,0.00000,10118,0,10118,10118,10118,109.62793,619.53762,1104.50000,6241.83350,0,0.11200,0.11200,0,0.00000,0,99.67946,10118,NaN,NaN,100,10118,2,1104.50000,6241.83350,0,0,0.00000,0.00000,NaN
757,0.00000,11928,0,11928,11928,11928,114.39221,621.78740,1152.50000,6264.50000,0,0.11200,0.11200,0,0.00000,0,117.51103,11928,NaN,NaN,100,11928,2,1152.50000,6264.50000,0,0,0.00000,0.00000,NaN
758,0.00000,9594,0,9594,9594,9594,119.28881,624.03718,1201.83325,6287.16650,0,0.11200,0.11200,0,0.00000,0,94.51717,9594,NaN,NaN,100,9594,2,1201.83325,6287.16650,0,0,0.00000,0.00000,NaN
759,0.00000,10416,0,10416,10416,10416,124.05309,626.94870,1249.83325,6316.50000,0,0.11200,0.11200,0,0.00000,0,102.61527,10416,NaN,NaN,100,10416,2,1249.83325,6316.50000,0,0,0.00000,0.00000,NaN
760,0.00000,12058,0,12058,12058,12058,128.02332,631.18359,1289.83325,6359.16650,0,0.11200,0.11200,0,0.00000,0,118.79175,12058,NaN,NaN,100,12058,2,1289.83325,6359.16650,0,0,0.00000,0.00000,NaN
761,0.00000,10905,0,10905,10905,10905,131.33184,634.75680,1323.16663,6395.16650,0,0.11200,0.11200,0,0.00000,0,107.43275,10905,NaN,NaN,100,10905,2,1323.16663,6395.16650,0,0,0.00000,0.00000,NaN
762,0.00000,10905,0,10905,10905,10905,131.33184,634.75680,1323.16663,6395.16650,0,0.11200,0.11200,0,0.00000,0,107.43275,10905,NaN,NaN,100,10905,2,1323.16663,6395.16650,0,0,0.00000,0.00000,NaN
763,0.00000,10282,0,10282,10282,10282,140.19869,630.52191,1412.50000,6352.50000,0,0.11200,0.11200,0,0.00000,0,101.29514,10282,NaN,NaN,100,10282,2,1412.50000,6352.50000,0,0,0.00000,0.00000,NaN
764,0.00000,11630,0,11630,11630,11630,143.24253,584.33490,1443.16663,5887.16650,0,0.11200,0.11200,0,0.00000,0,114.57523,11630,NaN,NaN,100,11630,2,1443.16663,5887.16650,0,0,0.00000,0.00000,NaN
765,0.00000,11630,0,11630,11630,11630,143.24253,584.33490,1443.16663,5887.16650,0,0.11200,0.11200,0,0.00000,0,114.57523,11630,NaN,NaN,100,11630,2,1443.16663,5887.16650,0,0,0.00000,0.00000,NaN
766,0.00000,11771,0,11771,11771,11771,146.81574,582.61450,1479.16663,5869.83350,0,0.11200,0.11200,0,0.00000,0,115.96432,11771,NaN,NaN,100,11771,2,1479.16663,5869.83350,0,0,0.00000,0.00000,NaN
767,0.00000,11771,0,11771,11771,11771,146.81574,582.61450,1479.16663,5869.83350,0,0.11200,0.11200,0,0.00000,0,115.96432,11771,NaN,NaN,100,11771,2,1479.16663,5869.83350,0,0,0.00000,0.00000,NaN
768,0.00000,11346,0,11346,11346,11346,139.40465,582.87916,1404.50000,5872.50000,0,0.11200,0.11200,0,0.00000,0,111.77735,11346,NaN,NaN,100,11346,2,1404.50000,5872.50000,0,0,0.00000,0.00000,NaN
769,0.00000,10113,0,10113,10113,10113,142.84551,598.89243,1439.16663,6033.83350,0,0.11200,0.11200,0,0.00000,0,99.63020,10113,NaN,Infinity,100,10113,2,1439.16663,6033.83350,0,0,0.00000,0.00000,NaN
770,0.00000,10413,0,10413,10413,10413,146.94808,598.76008,1480.50000,6032.50000,0,0.11200,0.11200,0,0.00000,0,102.58571,10413,NaN,Infinity,100,10413,2,1480.50000,6032.50000,0,0,0.00000,0.00000,NaN
771,0.00000,11766,0,11766,11766,11766,139.40465,571.23314,1404.50000,5755.16650,0,0.11200,0.11200,0,0.00000,0,115.91506,11766,NaN,NaN,100,11766,2,1404.50000,5755.16650,0,0,0.00000,0.00000,NaN
772,0.00000,21,0,21,21,21,138.21358,583.01152,1392.50000,5873.83350,0,0.11200,0.11200,0,0.00000,0,0.20689,21,NaN,NaN,100,21,1,1392.50000,5873.83350,0,0,0.00000,0.00000,NaN
773,0.00000,39,0,39,39,39,144.30125,584.20259,1453.83325,5885.83350,0,0.11200,0.11200,0,0.00000,0,0.38422,39,NaN,NaN,100,39,1,1453.83325,5885.83350,0,0,0.00000,0.00000,NaN
774,0.00000,35,0,35,35,35,146.55106,583.67321,1476.50000,5880.50000,0,0.11200,0.11200,0,0.00000,0,0.34481,35,NaN,NaN,100,35,1,1476.50000,5880.50000,0,0,0.00000,0.00000,NaN
775,0.00000,31,0,31,31,31,151.84469,605.64182,1529.83325,6101.83350,0,0.11200,0.11200,0,0.00000,0,0.30540,31,NaN,NaN,100,31,1,1529.83325,6101.83350,0,0,0.00000,0.00000,NaN
776,0.00000,45,0,45,45,45,145.88934,596.90732,1469.83325,6013.83350,0,0.11200,0.11200,0,0.00000,0,0.44333,45,NaN,NaN,100,45,1,1469.83325,6013.83350,0,0,0.00000,0.00000,NaN
777,0.00000,74,0,74,74,74,142.58083,597.83368,1436.50000,6023.16650,0,0.11200,0.11200,0,0.00000,0,0.72903,74,NaN,NaN,100,74,1,1436.50000,6023.16650,0,0,0.00000,0.00000,NaN
778,0.00000,5,0,5,5,5,114.12752,602.99497,1149.83325,6075.16650,0,0.11200,0.11200,0,0.00000,0,0.04926,5,NaN,NaN,100,5,1,1149.83325,6075.16650,0,0,0.00000,0.00000,NaN
779,0.00000,77,0,77,77,77,112.27475,605.24480,1131.16663,6097.83350,0,0.11200,0.11200,0,0.00000,0,0.75858,77,NaN,NaN,100,77,1,1131.16663,6097.83350,0,0,0.00000,0.00000,NaN
780,0.00000,1,0,1,1,1,108.56920,601.67159,1093.83325,6061.83350,0,0.11200,0.11200,0,0.00000,0,0.00985,1,NaN,NaN,100,1,1,1093.83325,6061.83350,0,0,0.00000,0.00000,NaN
781,0.00000,44,0,44,44,44,119.42116,602.46564,1203.16663,6069.83350,0,0.11200,0.11200,0,0.00000,0,0.43347,44,NaN,NaN,100,44,1,1203.16663,6069.83350,0,0,0.00000,0.00000,NaN
782,0.00000,131,0,131,131,131,113.99518,594.92221,1148.50000,5993.83350,0,0.11200,0.11200,0,0.00000,0,1.29057,131,NaN,NaN,100,131,1,1148.50000,5993.83350,0,0,0.00000,0.00000,NaN
783,0.00000,40,0,40,40,40,139.80167,553.89650,1408.50000,5580.50000,0,0.11200,0.11200,0,0.00000,0,0.39407,40,NaN,NaN,100,40,1,1408.50000,5580.50000,0,0,0.00000,0.00000,NaN
784,0.00000,15,0,15,15,15,114.52454,568.32168,1153.83325,5725.83350,0,0.11200,0.11200,0,0.00000,0,0.14778,15,NaN,NaN,100,15,1,1153.83325,5725.83350,0,0,0.00000,0.00000,NaN
785,0.00000,113,0,113,113,113,135.96377,618.08184,1369.83325,6227.16650,0,0.11200,0.11200,0,0.00000,0,1.11324,113,NaN,NaN,100,113,1,1369.83325,6227.16650,0,0,0.00000,0.00000,NaN
786,0.00000,152,0,152,152,152,119.05723,639.35566,1199.50000,6441.50000,0,0.11200,0.11200,0,0.00000,0,1.49746,152,NaN,NaN,100,152,1,1199.50000,6441.50000,0,0,0.00000,0.00000,NaN
787,0.00000,44,0,44,44,44,142.28306,625.85689,1433.50000,6305.50000,0,0.11200,0.11200,0,0.00000,0,0.43347,44,NaN,NaN,100,44,1,1433.50000,6305.50000,0,0,0.00000,0.00000,NaN
788,0.00000,36,0,36,36,36,143.24253,629.33084,1443.16663,6340.50000,0,0.11200,0.11200,0,0.00000,0,0.35466,36,NaN,NaN,100,36,1,1443.16663,6340.50000,0,0,0.00000,0.00000,NaN
789,0.00000,20,0,20,20,20,148.40383,628.00741,1495.16663,6327.16650,0,0.11200,0.11200,0,0.00000,0,0.19703,20,NaN,NaN,100,20,1,1495.16663,6327.16650,0,0,0.00000,0.00000,NaN
790,0.00000,7,0,7,7,7,146.15403,615.30268,1472.50000,6199.16650,0,0.11200,0.11200,0,0.00000,0,0.06896,7,NaN,NaN,100,7,1,1472.50000,6199.16650,0,0,0.00000,0.00000,NaN
791,0.00000,260,0,260,260,260,113.99518,621.78740,1148.50000,6264.50000,0,0.11200,0.11200,0,0.00000,0,2.56144,260,NaN,NaN,100,260,1,1148.50000,6264.50000,0,0,0.00000,0.00000,NaN
792,0.00000,86,0,86,86,86,108.03984,620.86100,1088.50000,6255.16650,0,0.11200,0.11200,0,0.00000,0,0.84725,86,NaN,NaN,100,86,1,1088.50000,6255.16650,0,0,0.00000,0.00000,NaN
793,0.00000,19,0,19,19,19,122.99436,626.28701,1239.16663,6309.83350,0,0.11200,0.11200,0,0.00000,0,0.18718,19,NaN,NaN,100,19,1,1239.16663,6309.83350,0,0,0.00000,0.00000,NaN
794,0.00000,36,0,36,36,36,128.28801,630.52191,1292.50000,6352.50000,0,0.11200,0.11200,0,0.00000,0,0.35466,36,NaN,NaN,100,36,1,1292.50000,6352.50000,0,0,0.00000,0.00000,NaN
795,0.00000,37,0,37,37,37,131.19950,635.02151,1321.83325,6397.83350,0,0.11200,0.11200,0,0.00000,0,0.36451,37,NaN,NaN,100,37,1,1321.83325,6397.83350,0,0,0.00000,0.00000,NaN
796,0.00000,16,0,16,16,16,127.49396,614.77335,1284.50000,6193.83350,0,0.11200,0.11200,0,0.00000,0,0.15763,16,NaN,NaN,100,16,1,1284.50000,6193.83350,0,0,0.00000,0.00000,NaN
797,0.00000,135,0,135,135,135,121.04234,640.18281,1219.50000,6449.83350,0,0.11200,0.11200,0,0.00000,0,1.32998,135,NaN,NaN,100,135,1,1219.50000,6449.83350,0,0,0.00000,0.00000,NaN
798,0.00000,58,0,58,58,58,119.32190,641.77090,1202.16663,6465.83350,0,0.11200,0.11200,0,0.00000,0,0.57140,58,NaN,NaN,100,58,1,1202.16663,6465.83350,0,0,0.00000,0.00000,NaN
799,0.00000,54,0,54,54,54,130.70322,652.09350,1316.83325,6569.83350,0,0.11200,0.11200,0,0.00000,0,0.53199,54,NaN,NaN,100,54,1,1316.83325,6569.83350,0,0,0.00000,0.00000,NaN
800,0.00000,5,0,5,5,5,124.35086,651.56412,1252.83325,6564.50000,0,0.11200,0.11200,0,0.00000,0,0.04926,5,NaN,NaN,100,5,1,1252.83325,6564.50000,0,0,0.00000,0.00000,NaN
801,0.00000,189,0,189,189,189,140.76114,630.12488,1418.16663,6348.50000,0,0.11200,0.11200,0,0.00000,0,1.86197,189,NaN,NaN,100,189,1,1418.16663,6348.50000,0,0,0.00000,0.00000,NaN
802,0.00000,11,0,11,11,11,141.02581,661.75435,1420.83325,6667.16650,0,0.11200,0.11200,0,0.00000,0,0.10837,11,NaN,NaN,100,11,1,1420.83325,6667.16650,0,0,0.00000,0.00000,NaN
803,0.00000,227,0,227,227,227,119.25574,640.54673,1201.50000,6453.50000,0,0.11200,0.11200,0,0.00000,0,2.23634,227,NaN,NaN,100,227,1,1201.50000,6453.50000,0,0,0.00000,0.00000,NaN
804,0.00000,138,0,138,138,138,96.95629,653.68159,976.83337,6585.83350,0,0.11200,0.11200,0,0.00000,0,1.35953,138,NaN,NaN,100,138,1,976.83337,6585.83350,0,0,0.00000,0.00000,NaN
805,0.00000,0,0,0,0,0,119.18956,634.35978,1200.83325,6391.16650,0,0.11200,0.11200,0,0.00000,0,0.00000,0,NaN,NaN,0,0,1,1200.83325,6391.16650,0,0,0.00000,0.00000,NaN
806,0.00000,32,0,32,32,32,123.42448,590.55496,1243.50000,5949.83350,0,0.11200,0.11200,0,0.00000,0,0.31525,32,NaN,NaN,100,32,1,1243.50000,5949.83350,0,0,0.00000,0.00000,NaN
807,0.00000,8,0,8,8,8,118.39551,577.18849,1192.83325,5815.16650,0,0.11200,0.11200,0,0.00000,0,0.07881,8,NaN,NaN,100,8,1,1192.83325,5815.16650,0,0,0.00000,0.00000,NaN
808,0.00000,37,0,37,37,37,119.71893,581.29107,1206.16663,5856.50000,0,0.11200,0.11200,0,0.00000,0,0.36451,37,NaN,NaN,100,37,1,1206.16663,5856.50000,0,0,0.00000,0.00000,NaN
809,0.00000,120,0,120,120,120,80.71144,495.93116,813.16669,4996.50000,0,0.11200,0.11200,0,0.00000,0,1.18220,120,NaN,NaN,100,120,1,813.16669,4996.50000,0,0,0.00000,0.00000,NaN
810,0.00000,21,0,21,21,21,77.53526,496.98987,781.16669,5007.16650,0,0.11200,0.11200,0,0.00000,0,0.20689,21,NaN,NaN,100,21,1,781.16669,5007.16650,0,0,0.00000,0.00000,NaN
811,0.00000,10,0,10,10,10,82.96124,488.25537,835.83337,4919.16650,0,0.11200,0.11200,0,0.00000,0,0.09852,10,NaN,NaN,100,10,1,835.83337,4919.16650,0,0,0.00000,0.00000,NaN
812,0.00000,48,0,48,48,48,97.38640,486.27026,981.16669,4899.16650,0,0.11200,0.11200,0,0.00000,0,0.47288,48,NaN,NaN,100,48,1,981.16669,4899.16650,0,0,0.00000,0.00000,NaN
813,0.00000,69,0,69,69,69,98.31278,490.63751,990.50000,4943.16650,0,0.11200,0.11200,0,0.00000,0,0.67977,69,NaN,NaN,100,69,1,990.50000,4943.16650,0,0,0.00000,0.00000,NaN
814,0.00000,33,0,33,33,33,99.63620,499.76903,1003.83337,5035.16650,0,0.11200,0.11200,0,0.00000,0,0.32511,33,NaN,NaN,100,33,1,1003.83337,5035.16650,0,0,0.00000,0.00000,NaN
815,0.00000,109,0,109,109,109,99.50385,502.41588,1002.50000,5061.83350,0,0.11200,0.11200,0,0.00000,0,1.07383,109,NaN,NaN,100,109,1,1002.50000,5061.83350,0,0,0.00000,0.00000,NaN
816,0.00000,68,0,68,68,68,103.73876,513.00314,1045.16663,5168.50000,0,0.11200,0.11200,0,0.00000,0,0.66992,68,NaN,NaN,100,68,1,1045.16663,5168.50000,0,0,0.00000,0.00000,NaN
817,0.00000,76,0,76,76,76,117.63456,506.65078,1185.16663,5104.50000,0,0.11200,0.11200,0,0.00000,0,0.74873,76,NaN,NaN,100,76,1,1185.16663,5104.50000,0,0,0.00000,0.00000,NaN
818,0.00000,54,0,54,54,54,117.63456,510.35634,1185.16663,5141.83350,0,0.11200,0.11200,0,0.00000,0,0.53199,54,NaN,NaN,100,54,1,1185.16663,5141.83350,0,0,0.00000,0.00000,NaN
819,0.00000,38,0,38,38,38,116.44349,515.64995,1173.16663,5195.16650,0,0.11200,0.11200,0,0.00000,0,0.37436,38,NaN,NaN,100,38,1,1173.16663,5195.16650,0,0,0.00000,0.00000,NaN
820,0.00000,108,0,108,108,108,118.69328,518.56146,1195.83325,5224.50000,0,0.11200,0.11200,0,0.00000,0,1.06398,108,NaN,NaN,100,108,1,1195.83325,5224.50000,0,0,0.00000,0.00000,NaN
821,0.00000,83,0,83,83,83,117.89923,474.22726,1187.83325,4777.83350,0,0.11200,0.11200,0,0.00000,0,0.81769,83,NaN,NaN,100,83,1,1187.83325,4777.83350,0,0,0.00000,0.00000,NaN
822,0.00000,34,0,34,34,34,99.37151,461.78720,1001.16669,4652.50000,0,0.11200,0.11200,0,0.00000,0,0.33496,34,NaN,NaN,100,34,1,1001.16669,4652.50000,0,0,0.00000,0.00000,NaN
823,0.00000,147,0,147,147,147,112.70486,512.10984,1135.50000,5159.50000,0,0.11200,0.11200,0,0.00000,0,1.44820,147,NaN,NaN,100,147,1,1135.50000,5159.50000,0,0,0.00000,0.00000,NaN
824,0.00000,19,0,19,19,19,86.79912,489.04942,874.50000,4927.16650,0,0.11200,0.11200,0,0.00000,0,0.18718,19,NaN,NaN,100,19,1,874.50000,4927.16650,0,0,0.00000,0.00000,NaN
825,0.00000,28,0,28,28,28,137.08868,473.30086,1381.16663,4768.50000,0,0.11200,0.11200,0,0.00000,0,0.27585,28,NaN,NaN,100,28,1,1381.16663,4768.50000,0,0,0.00000,0.00000,NaN
826,0.00000,65,0,65,65,65,132.19206,468.53658,1331.83325,4720.50000,0,0.11200,0.11200,0,0.00000,0,0.64036,65,NaN,NaN,100,65,1,1331.83325,4720.50000,0,0,0.00000,0.00000,NaN
827,0.00000,21,0,21,21,21,132.72142,464.43400,1337.16663,4679.16650,0,0.11200,0.11200,0,0.00000,0,0.20689,21,NaN,NaN,100,21,1,1337.16663,4679.16650,0,0,0.00000,0.00000,NaN
828,0.00000,39,0,39,39,39,108.86696,518.92538,1096.83325,5228.16650,0,0.11200,0.11200,0,0.00000,0,0.38422,39,NaN,NaN,100,39,1,1096.83325,5228.16650,0,0,0.00000,0.00000,NaN
829,0.00000,39,0,39,39,39,116.80742,525.41011,1176.83325,5293.50000,0,0.11200,0.11200,0,0.00000,0,0.38422,39,NaN,NaN,100,39,1,1176.83325,5293.50000,0,0,0.00000,0.00000,NaN
830,0.00000,24,0,24,24,24,124.74788,532.68888,1256.83325,5366.83350,0,0.11200,0.11200,0,0.00000,0,0.23644,24,NaN,NaN,100,24,1,1256.83325,5366.83350,0,0,0.00000,0.00000,NaN
831,0.00000,46,0,46,46,46,143.67264,534.54163,1447.50000,5385.50000,0,0.11200,0.11200,0,0.00000,0,0.45318,46,NaN,NaN,100,46,1,1447.50000,5385.50000,0,0,0.00000,0.00000,NaN
832,0.00000,3,0,3,3,3,140.36411,490.86912,1414.16663,4945.50000,0,0.11200,0.11200,0,0.00000,0,0.02956,3,NaN,NaN,100,3,1,1414.16663,4945.50000,0,0,0.00000,0.00000,NaN
833,0.00000,122,0,122,122,122,24.16877,329.77710,243.50000,3322.50000,0,0.11200,0.11200,0,0.00000,0,1.20191,122,NaN,NaN,100,122,1,243.50000,3322.50000,0,0,0.00000,0.00000,NaN
834,0.00000,93,0,93,93,93,23.24238,327.26263,234.16667,3297.16675,0,0.11200,0.11200,0,0.00000,0,0.91621,93,NaN,NaN,100,93,1,234.16667,3297.16675,0,0,0.00000,0.00000,NaN
835,0.00000,9,0,9,9,9,28.00665,345.12866,282.16666,3477.16675,0,0.11200,0.11200,0,0.00000,0,0.08867,9,NaN,NaN,100,9,1,282.16666,3477.16675,0,0,0.00000,0.00000,NaN
836,0.00000,109,0,109,109,109,58.18039,315.61661,586.16669,3179.83325,0,0.11200,0.11200,0,0.00000,0,1.07383,109,NaN,NaN,100,109,1,586.16669,3179.83325,0,0,0.00000,0.00000,NaN
837,0.00000,109,0,109,109,109,65.32680,309.26425,658.16669,3115.83325,0,0.11200,0.11200,0,0.00000,0,1.07383,109,NaN,NaN,100,109,1,658.16669,3115.83325,0,0,0.00000,0.00000,NaN
838,0.00000,1,0,1,1,1,79.35494,309.52894,799.50000,3118.50000,0,0.11200,0.11200,0,0.00000,0,0.00985,1,NaN,NaN,100,1,1,799.50000,3118.50000,0,0,0.00000,0.00000,NaN
839,0.00000,14,0,14,14,14,75.12003,312.44043,756.83337,3147.83325,0,0.11200,0.11200,0,0.00000,0,0.13792,14,NaN,NaN,100,14,1,756.83337,3147.83325,0,0,0.00000,0.00000,NaN
840,0.00000,11,0,11,11,11,86.36901,294.83909,870.16669,2970.50000,0,0.11200,0.11200,0,0.00000,0,0.10837,11,NaN,NaN,100,11,1,870.16669,2970.50000,0,0,0.00000,0.00000,NaN
841,0.00000,254,0,254,254,254,39.45415,337.61830,397.50000,3401.50000,0,0.11200,0.11200,0,0.00000,0,2.50233,254,NaN,NaN,100,254,1,397.50000,3401.50000,0,0,0.00000,0.00000,NaN
842,0.00000,7,0,7,7,7,96.29458,312.17576,970.16669,3145.16675,0,0.11200,0.11200,0,0.00000,0,0.06896,7,NaN,NaN,100,7,1,970.16669,3145.16675,0,0,0.00000,0.00000,NaN
843,0.00000,26,0,26,26,26,113.39965,278.29646,1142.50000,2803.83325,0,0.11200,0.11200,0,0.00000,0,0.25614,26,NaN,NaN,100,26,1,1142.50000,2803.83325,0,0,0.00000,0.00000,NaN
844,0.00000,24,0,24,24,24,115.25242,281.20798,1161.16663,2833.16675,0,0.11200,0.11200,0,0.00000,0,0.23644,24,NaN,NaN,100,24,1,1161.16663,2833.16675,0,0,0.00000,0.00000,NaN
845,0.00000,88,0,88,88,88,112.07624,285.04585,1129.16663,2871.83325,0,0.11200,0.11200,0,0.00000,0,0.86695,88,NaN,NaN,100,88,1,1129.16663,2871.83325,0,0,0.00000,0.00000,NaN
846,0.00000,31,0,31,31,31,104.26812,274.06157,1050.50000,2761.16675,0,0.11200,0.11200,0,0.00000,0,0.30540,31,NaN,NaN,100,31,1,1050.50000,2761.16675,0,0,0.00000,0.00000,NaN
847,0.00000,39,0,39,39,39,100.29790,272.73814,1010.50000,2747.83325,0,0.11200,0.11200,0,0.00000,0,0.38422,39,NaN,NaN,100,39,1,1010.50000,2747.83325,0,0,0.00000,0.00000,NaN
848,0.00000,104,0,104,104,104,93.81319,276.31135,945.16669,2783.83325,0,0.11200,0.11200,0,0.00000,0,1.02458,104,NaN,NaN,100,104,1,945.16669,2783.83325,0,0,0.00000,0.00000,NaN
849,0.00000,54,0,54,54,54,94.21021,267.17982,949.16669,2691.83325,0,0.11200,0.11200,0,0.00000,0,0.53199,54,NaN,NaN,100,54,1,949.16669,2691.83325,0,0,0.00000,0.00000,NaN
850,0.00000,39,0,39,39,39,97.51874,265.59173,982.50000,2675.83325,0,0.11200,0.11200,0,0.00000,0,0.38422,39,NaN,NaN,100,39,1,982.50000,2675.83325,0,0,0.00000,0.00000,NaN
851,0.00000,16,0,16,16,16,99.10683,261.22448,998.50000,2631.83325,0,0.11200,0.11200,0,0.00000,0,0.15763,16,NaN,NaN,100,16,1,998.50000,2631.83325,0,0,0.00000,0.00000,NaN
852,0.00000,64,0,64,64,64,94.34255,256.85723,950.50000,2587.83325,0,0.11200,0.11200,0,0.00000,0,0.63051,64,NaN,NaN,100,64,1,950.50000,2587.83325,0,0,0.00000,0.00000,NaN
853,0.00000,82,0,82,82,82,99.50385,256.59256,1002.50000,2585.16675,0,0.11200,0.11200,0,0.00000,0,0.80784,82,NaN,NaN,100,82,1,1002.50000,2585.16675,0,0,0.00000,0.00000,NaN
854,0.00000,60,0,60,60,60,116.17881,266.25345,1170.50000,2682.50000,0,0.11200,0.11200,0,0.00000,0,0.59110,60,NaN,NaN,100,60,1,1170.50000,2682.50000,0,0,0.00000,0.00000,NaN
855,0.00000,128,0,128,128,128,111.28219,298.67699,1121.16663,3009.16675,0,0.11200,0.11200,0,0.00000,0,1.26102,128,NaN,NaN,100,128,1,1121.16663,3009.16675,0,0,0.00000,0.00000,NaN
856,0.00000,156,0,156,156,156,110.75282,300.52974,1115.83325,3027.83325,0,0.11200,0.11200,0,0.00000,0,1.53686,156,NaN,NaN,100,156,1,1115.83325,3027.83325,0,0,0.00000,0.00000,NaN
857,0.00000,33,0,33,33,33,99.90087,296.03016,1006.50000,2982.50000,0,0.11200,0.11200,0,0.00000,0,0.32511,33,NaN,NaN,100,33,1,1006.50000,2982.50000,0,0,0.00000,0.00000,NaN
858,0.00000,11,0,11,11,11,102.15067,294.30973,1029.16663,2965.16675,0,0.11200,0.11200,0,0.00000,0,0.10837,11,NaN,NaN,100,11,1,1029.16663,2965.16675,0,0,0.00000,0.00000,NaN
859,0.00000,33,0,33,33,33,128.58577,286.20384,1295.50000,2883.50000,0,0.11200,0.11200,0,0.00000,0,0.32511,33,NaN,NaN,100,33,1,1295.50000,2883.50000,0,0,0.00000,0.00000,NaN
860,0.00000,184,0,184,184,184,130.73631,294.04504,1317.16663,2962.50000,0,0.11200,0.11200,0,0.00000,0,1.81271,184,NaN,NaN,100,184,1,1317.16663,2962.50000,0,0,0.00000,0.00000,NaN
861,0.00000,24,0,24,24,24,74.62376,265.45940,751.83337,2674.50000,0,0.11200,0.11200,0,0.00000,0,0.23644,24,NaN,NaN,100,24,1,751.83337,2674.50000,0,0,0.00000,0.00000,NaN
862,0.00000,102,0,102,102,102,112.34091,229.99203,1131.83325,2317.16675,0,0.11200,0.11200,0,0.00000,0,1.00487,102,NaN,NaN,100,102,1,1131.83325,2317.16675,0,0,0.00000,0.00000,NaN
863,0.00000,114,0,114,114,114,154.92161,267.84154,1560.83325,2698.50000,0,0.11200,0.11200,0,0.00000,0,1.12309,114,NaN,NaN,100,114,1,1560.83325,2698.50000,0,0,0.00000,0.00000,NaN
864,0.00000,31,0,31,31,31,102.64694,211.86132,1034.16663,2134.50000,0,0.11200,0.11200,0,0.00000,0,0.30540,31,NaN,NaN,100,31,1,1034.16663,2134.50000,0,0,0.00000,0.00000,NaN
865,0.00000,244,0,244,244,244,128.32108,215.83154,1292.83325,2174.50000,0,0.11200,0.11200,0,0.00000,0,2.40381,244,NaN,NaN,100,244,1,1292.83325,2174.50000,0,0,0.00000,0.00000,NaN
866,0.00000,21,0,21,21,21,126.20364,236.47673,1271.50000,2382.50000,0,0.11200,0.11200,0,0.00000,0,0.20689,21,NaN,NaN,100,21,1,1271.50000,2382.50000,0,0,0.00000,0.00000,NaN
867,0.00000,96,0,96,96,96,152.93650,207.36171,1540.83325,2089.16650,0,0.11200,0.11200,0,0.00000,0,0.94576,96,NaN,NaN,100,96,1,1540.83325,2089.16650,0,0,0.00000,0.00000,NaN
868,0.00000,76,0,76,76,76,157.17142,207.49406,1583.50000,2090.50000,0,0.11200,0.11200,0,0.00000,0,0.74873,76,NaN,NaN,100,76,1,1583.50000,2090.50000,0,0,0.00000,0.00000,NaN
869,0.00000,32,0,32,32,32,155.58333,201.67107,1567.50000,2031.83337,0,0.11200,0.11200,0,0.00000,0,0.31525,32,NaN,NaN,100,32,1,1567.50000,2031.83337,0,0,0.00000,0.00000,NaN
870,0.00000,48,0,48,48,48,128.18875,471.81202,1291.50000,4753.50000,0,0.11200,0.11200,0,0.00000,0,0.47288,48,NaN,NaN,100,48,1,1291.50000,4753.50000,0,0,0.00000,0.00000,NaN
871,0.00000,96,0,96,96,96,135.73219,439.45466,1367.50000,4427.50000,0,0.11200,0.11200,0,0.00000,0,0.94576,96,NaN,NaN,100,96,1,1367.50000,4427.50000,0,0,0.00000,0.00000,NaN
872,0.00000,213,0,213,213,213,139.30539,443.42489,1403.50000,4467.50000,0,0.11200,0.11200,0,0.00000,0,2.09841,213,NaN,NaN,100,213,1,1403.50000,4467.50000,0,0,0.00000,0.00000,NaN
873,0.00000,69,0,69,69,69,116.87360,436.47699,1177.50000,4397.50000,0,0.11200,0.11200,0,0.00000,0,0.67977,69,NaN,NaN,100,69,1,1177.50000,4397.50000,0,0,0.00000,0.00000,NaN
874,0.00000,67,0,67,67,67,103.97036,441.24126,1047.50000,4445.50000,0,0.11200,0.11200,0,0.00000,0,0.66006,67,NaN,NaN,100,67,1,1047.50000,4445.50000,0,0,0.00000,0.00000,NaN
875,0.00000,8,0,8,8,8,109.13165,442.23382,1099.50000,4455.50000,0,0.11200,0.11200,0,0.00000,0,0.07881,8,NaN,NaN,100,8,1,1099.50000,4455.50000,0,0,0.00000,0.00000,NaN
876,0.00000,106,0,106,106,106,107.14654,444.41745,1079.50000,4477.50000,0,0.11200,0.11200,0,0.00000,0,1.04428,106,NaN,NaN,100,106,1,1079.50000,4477.50000,0,0,0.00000,0.00000,NaN
877,0.00000,164,0,164,164,164,86.69986,413.05264,873.50000,4161.50000,0,0.11200,0.11200,0,0.00000,0,1.61568,164,NaN,NaN,100,164,1,873.50000,4161.50000,0,0,0.00000,0.00000,NaN
878,0.00000,168,0,168,168,168,87.09689,415.43478,877.50000,4185.50000,0,0.11200,0.11200,0,0.00000,0,1.65508,168,NaN,NaN,100,168,1,877.50000,4185.50000,0,0,0.00000,0.00000,NaN
879,0.00000,236,0,236,236,236,94.24330,415.83180,949.50000,4189.50000,0,0.11200,0.11200,0,0.00000,0,2.32500,236,NaN,NaN,100,236,1,949.50000,4189.50000,0,0,0.00000,0.00000,NaN
880,0.00000,139,0,139,139,139,93.84627,421.78714,945.50000,4249.50000,0,0.11200,0.11200,0,0.00000,0,1.36939,139,NaN,NaN,100,139,1,945.50000,4249.50000,0,0,0.00000,0.00000,NaN
881,0.00000,118,0,118,118,118,101.78673,418.21394,1025.50000,4213.50000,0,0.11200,0.11200,0,0.00000,0,1.16250,118,NaN,NaN,100,118,1,1025.50000,4213.50000,0,0,0.00000,0.00000,NaN
882,0.00000,19,0,19,19,19,96.02990,417.61840,967.50000,4207.50000,0,0.11200,0.11200,0,0.00000,0,0.18718,19,NaN,NaN,100,19,1,967.50000,4207.50000,0,0,0.00000,0.00000,NaN
883,0.00000,40,0,40,40,40,105.16143,399.55387,1059.50000,4025.50000,0,0.11200,0.11200,0,0.00000,0,0.39407,40,NaN,NaN,100,40,1,1059.50000,4025.50000,0,0,0.00000,0.00000,NaN
884,0.00000,108,0,108,108,108,109.72719,394.78959,1105.50000,3977.50000,0,0.11200,0.11200,0,0.00000,0,1.06398,108,NaN,NaN,100,108,1,1105.50000,3977.50000,0,0,0.00000,0.00000,NaN
885,0.00000,206,0,206,206,206,107.94059,393.99555,1087.50000,3969.50000,0,0.11200,0.11200,0,0.00000,0,2.02945,206,NaN,NaN,100,206,1,1087.50000,3969.50000,0,0,0.00000,0.00000,NaN
886,0.00000,361,0,361,361,361,80.14899,402.92856,807.50000,4059.50000,0,0.11200,0.11200,0,0.00000,0,3.55646,361,NaN,NaN,100,361,1,807.50000,4059.50000,0,0,0.00000,0.00000,NaN
887,0.00000,96,0,96,96,96,52.35739,394.98810,527.50000,3979.50000,0,0.11200,0.11200,0,0.00000,0,0.94576,96,NaN,NaN,100,96,1,527.50000,3979.50000,0,0,0.00000,0.00000,NaN
888,0.00000,105,0,105,105,105,55.53357,397.96577,559.50000,4009.50000,0,0.11200,0.11200,0,0.00000,0,1.03443,105,NaN,NaN,100,105,1,559.50000,4009.50000,0,0,0.00000,0.00000,NaN
889,0.00000,656,0,656,656,656,56.92315,392.40745,573.50000,3953.50000,0,0.11200,0.11200,0,0.00000,0,6.46271,656,NaN,NaN,100,656,1,573.50000,3953.50000,0,0,0.00000,0.00000,NaN
890,0.00000,700,0,700,700,700,62.08445,393.00299,625.50000,3959.50000,0,0.11200,0.11200,0,0.00000,0,6.89619,700,NaN,NaN,100,700,1,625.50000,3959.50000,0,0,0.00000,0.00000,NaN
891,0.00000,288,0,288,288,288,64.86361,393.99555,653.50000,3969.50000,0,0.11200,0.11200,0,0.00000,0,2.83729,288,NaN,NaN,100,288,1,653.50000,3969.50000,0,0,0.00000,0.00000,NaN
892,0.00000,433,0,433,433,433,74.59067,392.40745,751.50000,3953.50000,0,0.11200,0.11200,0,0.00000,0,4.26578,433,NaN,NaN,100,433,1,751.50000,3953.50000,0,0,0.00000,0.00000,NaN
893,0.00000,74,0,74,74,74,44.01991,371.16673,443.50000,3739.50000,0,0.11200,0.11200,0,0.00000,0,0.72903,74,NaN,NaN,100,74,1,443.50000,3739.50000,0,0,0.00000,0.00000,NaN
894,0.00000,45,0,45,45,45,47.39460,368.98311,477.50000,3717.50000,0,0.11200,0.11200,0,0.00000,0,0.44333,45,NaN,NaN,100,45,1,477.50000,3717.50000,0,0,0.00000,0.00000,NaN
895,0.00000,28,0,28,28,28,51.96036,369.77715,523.50000,3725.50000,0,0.11200,0.11200,0,0.00000,0,0.27585,28,NaN,NaN,100,28,1,523.50000,3725.50000,0,0,0.00000,0.00000,NaN
896,0.00000,466,0,466,466,466,53.15143,361.24116,535.50000,3639.50000,0,0.11200,0.11200,0,0.00000,0,4.59089,466,NaN,NaN,100,466,1,535.50000,3639.50000,0,0,0.00000,0.00000,NaN
897,0.00000,135,0,135,135,135,19.80151,381.68784,199.50000,3845.50000,0,0.11200,0.11200,0,0.00000,0,1.32998,135,NaN,NaN,100,135,1,199.50000,3845.50000,0,0,0.00000,0.00000,NaN
898,0.00000,61,0,61,61,61,14.83873,382.08486,149.50000,3849.50000,0,0.11200,0.11200,0,0.00000,0,0.60095,61,NaN,NaN,100,61,1,149.50000,3849.50000,0,0,0.00000,0.00000,NaN
899,0.00000,48,0,48,48,48,50.37227,335.83170,507.50000,3383.50000,0,0.11200,0.11200,0,0.00000,0,0.47288,48,NaN,NaN,100,48,1,507.50000,3383.50000,0,0,0.00000,0.00000,NaN
900,0.00000,79,0,79,79,79,87.69242,306.65052,883.50000,3089.50000,0,0.11200,0.11200,0,0.00000,0,0.77828,79,NaN,NaN,100,79,1,883.50000,3089.50000,0,0,0.00000,0.00000,NaN
901,0.00000,176,0,176,176,176,91.66265,306.45201,923.50000,3087.50000,0,0.11200,0.11200,0,0.00000,0,1.73390,176,NaN,NaN,100,176,1,923.50000,3087.50000,0,0,0.00000,0.00000,NaN
902,0.00000,21,0,21,21,21,92.05967,300.89369,927.50000,3031.50000,0,0.11200,0.11200,0,0.00000,0,0.20689,21,NaN,NaN,100,21,1,927.50000,3031.50000,0,0,0.00000,0.00000,NaN
903,0.00000,86,0,86,86,86,118.66020,226.65042,1195.50000,2283.50000,0,0.11200,0.11200,0,0.00000,0,0.84725,86,NaN,NaN,100,86,1,1195.50000,2283.50000,0,0,0.00000,0.00000,NaN
904,0.00000,58,0,58,58,58,84.11922,219.90103,847.50000,2215.50000,0,0.11200,0.11200,0,0.00000,0,0.57140,58,NaN,NaN,100,58,1,847.50000,2215.50000,0,0,0.00000,0.00000,NaN
905,0.00000,42,0,42,42,42,93.05223,242.33282,937.50000,2441.50000,0,0.11200,0.11200,0,0.00000,0,0.41377,42,NaN,NaN,100,42,1,937.50000,2441.50000,0,0,0.00000,0.00000,NaN
906,0.00000,303,0,303,303,303,113.69742,216.32782,1145.50000,2179.50000,0,0.11200,0.11200,0,0.00000,0,2.98506,303,NaN,NaN,100,303,1,1145.50000,2179.50000,0,0,0.00000,0.00000,NaN
907,0.00000,74,0,74,74,74,114.68997,213.54866,1155.50000,2151.50000,0,0.11200,0.11200,0,0.00000,0,0.72903,74,NaN,NaN,100,74,1,1155.50000,2151.50000,0,0,0.00000,0.00000,NaN
908,0.00000,37,0,37,37,37,117.46913,216.52633,1183.50000,2181.50000,0,0.11200,0.11200,0,0.00000,0,0.36451,37,NaN,NaN,100,37,1,1183.50000,2181.50000,0,0,0.00000,0.00000,NaN
909,0.00000,93,0,93,93,93,123.02745,216.12931,1239.50000,2177.50000,0,0.11200,0.11200,0,0.00000,0,0.91621,93,NaN,NaN,100,93,1,1239.50000,2177.50000,0,0,0.00000,0.00000,NaN
910,0.00000,310,0,310,310,310,136.12921,212.95313,1371.50000,2145.50000,0,0.11200,0.11200,0,0.00000,0,3.05403,310,NaN,NaN,100,310,1,1371.50000,2145.50000,0,0,0.00000,0.00000,NaN
911,0.00000,289,0,289,289,289,132.35749,211.56355,1333.50000,2131.50000,0,0.11200,0.11200,0,0.00000,0,2.84714,289,NaN,NaN,100,289,1,1333.50000,2131.50000,0,0,0.00000,0.00000,NaN
912,0.00000,104,0,104,104,104,129.18131,225.26084,1301.50000,2269.50000,0,0.11200,0.11200,0,0.00000,0,1.02458,104,NaN,NaN,100,104,1,1301.50000,2269.50000,0,0,0.00000,0.00000,NaN
913,0.00000,11,0,11,11,11,89.28051,221.88614,899.50000,2235.50000,0,0.11200,0.11200,0,0.00000,0,0.10837,11,NaN,NaN,100,11,1,899.50000,2235.50000,0,0,0.00000,0.00000,NaN
914,0.00000,10,0,10,10,10,89.28051,217.32038,899.50000,2189.50000,0,0.11200,0.11200,0,0.00000,0,0.09852,10,NaN,NaN,100,10,1,899.50000,2189.50000,0,0,0.00000,0.00000,NaN
915,0.00000,43,0,43,43,43,131.56345,252.05988,1325.50000,2539.50000,0,0.11200,0.11200,0,0.00000,0,0.42362,43,NaN,NaN,100,43,1,1325.50000,2539.50000,0,0,0.00000,0.00000,NaN
916,0.00000,268,0,268,268,268,155.18630,221.88614,1563.50000,2235.50000,0,0.11200,0.11200,0,0.00000,0,2.64025,268,NaN,NaN,100,268,1,1563.50000,2235.50000,0,0,0.00000,0.00000,NaN
917,0.00000,169,0,169,169,169,153.99524,221.48912,1551.50000,2231.50000,0,0.11200,0.11200,0,0.00000,0,1.66494,169,NaN,NaN,100,169,1,1551.50000,2231.50000,0,0,0.00000,0.00000,NaN
918,0.00000,259,0,259,259,259,154.19375,264.76461,1553.50000,2667.50000,0,0.11200,0.11200,0,0.00000,0,2.55159,259,NaN,NaN,100,259,1,1553.50000,2667.50000,0,0,0.00000,0.00000,NaN
919,0.00000,127,0,127,127,127,103.57333,240.94324,1043.50000,2427.50000,0,0.11200,0.11200,0,0.00000,0,1.25117,127,NaN,NaN,100,127,1,1043.50000,2427.50000,0,0,0.00000,0.00000,NaN
920,0.00000,117,0,117,117,117,108.73463,229.03255,1095.50000,2307.50000,0,0.11200,0.11200,0,0.00000,0,1.15265,117,NaN,NaN,100,117,1,1095.50000,2307.50000,0,0,0.00000,0.00000,NaN
921,0.00000,58,0,58,58,58,97.81650,282.82915,985.50000,2849.50000,0,0.11200,0.11200,0,0.00000,0,0.57140,58,NaN,NaN,100,58,1,985.50000,2849.50000,0,0,0.00000,0.00000,NaN
922,0.00000,83,0,83,83,83,139.50390,216.72485,1405.50000,2183.50000,0,0.11200,0.11200,0,0.00000,0,0.81769,83,NaN,NaN,100,83,1,1405.50000,2183.50000,0,0,0.00000,0.00000,NaN
923,0.00000,8,0,8,8,8,131.16642,238.95812,1321.50000,2407.50000,0,0.11200,0.11200,0,0.00000,0,0.07881,8,NaN,NaN,100,8,1,1321.50000,2407.50000,0,0,0.00000,0.00000,NaN
924,0.00000,53,0,53,53,53,94.64032,225.06233,953.50000,2267.50000,0,0.11200,0.11200,0,0.00000,0,0.52214,53,NaN,NaN,100,53,1,953.50000,2267.50000,0,0,0.00000,0.00000,NaN
925,0.00000,20,0,20,20,20,97.02246,228.23851,977.50000,2299.50000,0,0.11200,0.11200,0,0.00000,0,0.19703,20,NaN,NaN,100,20,1,977.50000,2299.50000,0,0,0.00000,0.00000,NaN
926,0.00000,15,0,15,15,15,99.00757,231.21618,997.50000,2329.50000,0,0.11200,0.11200,0,0.00000,0,0.14778,15,NaN,NaN,100,15,1,997.50000,2329.50000,0,0,0.00000,0.00000,NaN
927,0.00000,10,0,10,10,10,106.94803,221.09210,1077.50000,2227.50000,0,0.11200,0.11200,0,0.00000,0,0.09852,10,NaN,NaN,100,10,1,1077.50000,2227.50000,0,0,0.00000,0.00000,NaN
928,0.00000,69,0,69,69,69,107.34505,226.65042,1081.50000,2283.50000,0,0.11200,0.11200,0,0.00000,0,0.67977,69,NaN,NaN,100,69,1,1081.50000,2283.50000,0,0,0.00000,0.00000,NaN
