 ,Area,Mean,StdDev,Mode,Min,Max,X,Y,XM,YM,Perim.,Major,Minor,Angle,Circ.,Feret,IntDen,Median,Skew,Kurt,%Area,RawIntDen,Ch,FeretX,FeretY,FeretAngle,MinFeret,AR,Round,Solidity
1,0.00000,25390,0,25390,25390,25390,117.71727,21.24072,1186.00000,214.00000,0,0.11200,0.11200,0,0.00000,0,250.13457,25390,NaN,NaN,100,25390,1,1186.00000,214.00000,0,0,0.00000,0.00000,NaN
2,0.00000,15097,0,15097,15097,15097,112.70486,19.40449,1135.50000,195.50000,0,0.11200,0.11200,0,0.00000,0,148.73106,15097,NaN,NaN,100,15097,1,1135.50000,195.50000,0,0,0.00000,0.00000,NaN
3,0.00000,3431,0,3431,3431,3431,124.21852,19.60300,1251.50000,197.50000,0,0.11200,0.11200,0,0.00000,0,33.80117,3431,NaN,NaN,100,3431,1,1251.50000,197.50000,0,0,0.00000,0.00000,NaN
4,0.00000,37400,0,37400,37400,37400,115.08700,15.23575,1159.50000,153.50000,0,0.11200,0.11200,0,0.00000,0,368.45344,37400,NaN,NaN,100,37400,1,1159.50000,153.50000,0,0,0.00000,0.00000,NaN
5,0.00000,3431,0,3431,3431,3431,116.67509,17.22087,1175.50000,173.50000,0,0.11200,0.11200,0,0.00000,0,33.80117,3431,NaN,NaN,100,3431,1,1175.50000,173.50000,0,0,0.00000,0.00000,NaN
6,0.00000,21616,0,21616,21616,21616,115.28551,6.89827,1161.50000,69.50000,0,0.11200,0.11200,0,0.00000,0,212.95427,21616,NaN,NaN,100,21616,1,1161.50000,69.50000,0,0,0.00000,0.00000,NaN
7,0.00000,43919,0,43919,43919,43919,133.35005,19.60300,1343.50000,197.50000,0,0.11200,0.11200,0,0.00000,0,432.67665,43919,NaN,NaN,100,43919,1,1343.50000,197.50000,0,0,0.00000,0.00000,NaN
8,0.00000,52154,0,52154,52154,52154,137.51879,20.19854,1385.50000,203.50000,0,0.11200,0.11200,0,0.00000,0,513.80536,52154,NaN,NaN,100,52154,1,1385.50000,203.50000,0,0,0.00000,0.00000,NaN
9,0.00000,53869,0,53869,53869,53869,137.51879,23.97025,1385.50000,241.50000,0,0.11200,0.11200,0,0.00000,0,530.70102,53869,NaN,NaN,100,53869,1,1385.50000,241.50000,0,0,0.00000,0.00000,NaN
10,0.00000,65535,0,65535,65535,65535,128.58577,21.98514,1295.50000,221.50000,0,0.11200,0.11200,0,0.00000,0,645.63091,65535,NaN,NaN,100,65535,1,1295.50000,221.50000,0,0,0.00000,0.00000,NaN
11,0.00000,11666,0,11666,11666,11666,138.31283,50.17376,1393.50000,505.50000,0,0.11200,0.11200,0,0.00000,0,114.92989,11666,NaN,NaN,100,11666,1,1393.50000,505.50000,0,0,0.00000,0.00000,NaN
12,0.00000,3431,0,3431,3431,3431,141.48902,46.79907,1425.50000,471.50000,0,0.11200,0.11200,0,0.00000,0,33.80117,3431,NaN,NaN,100,3431,1,1425.50000,471.50000,0,0,0.00000,0.00000,NaN
13,0.00000,2744,0,2744,2744,2744,140.49646,40.84373,1415.50000,411.50000,0,0.11200,0.11200,0,0.00000,0,27.03305,2744,NaN,NaN,100,2744,1,1415.50000,411.50000,0,0,0.00000,0.00000,NaN
14,0.00000,1715,0,1715,1715,1715,139.70241,38.06457,1407.50000,383.50000,0,0.11200,0.11200,0,0.00000,0,16.89566,1715,NaN,NaN,100,1715,1,1407.50000,383.50000,0,0,0.00000,0.00000,NaN
15,0.00000,22302,0,22302,22302,22302,145.06222,41.43926,1461.50000,417.50000,0,0.11200,0.11200,0,0.00000,0,219.71253,22302,NaN,NaN,100,22302,1,1461.50000,417.50000,0,0,0.00000,0.00000,NaN
16,0.00000,18528,0,18528,18528,18528,146.84882,41.04224,1479.50000,413.50000,0,0.11200,0.11200,0,0.00000,0,182.53223,18528,NaN,NaN,100,18528,1,1479.50000,413.50000,0,0,0.00000,0.00000,NaN
17,0.00000,8578,0,8578,8578,8578,143.67264,38.06457,1447.50000,383.50000,0,0.11200,0.11200,0,0.00000,0,84.50785,8578,NaN,NaN,100,8578,1,1447.50000,383.50000,0,0,0.00000,0.00000,NaN
18,0.00000,7205,0,7205,7205,7205,146.45180,37.07201,1475.50000,373.50000,0,0.11200,0.11200,0,0.00000,0,70.98147,7205,NaN,NaN,100,7205,1,1475.50000,373.50000,0,0,0.00000,0.00000,NaN
19,0.00000,7548,0,7548,7548,7548,152.80417,39.45415,1539.50000,397.50000,0,0.11200,0.11200,0,0.00000,0,74.36060,7548,NaN,NaN,100,7548,1,1539.50000,397.50000,0,0,0.00000,0.00000,NaN
20,0.00000,9264,0,9264,9264,9264,147.64287,31.31518,1487.50000,315.50000,0,0.11200,0.11200,0,0.00000,0,91.26611,9264,NaN,NaN,100,9264,1,1487.50000,315.50000,0,0,0.00000,0.00000,NaN
21,0.00000,8921,0,8921,8921,8921,147.04734,28.33751,1481.50000,285.50000,0,0.11200,0.11200,0,0.00000,0,87.88698,8921,NaN,NaN,100,8921,1,1481.50000,285.50000,0,0,0.00000,0.00000,NaN
22,0.00000,2744,0,2744,2744,2744,152.20863,28.33751,1533.50000,285.50000,0,0.11200,0.11200,0,0.00000,0,27.03305,2744,NaN,NaN,100,2744,1,1533.50000,285.50000,0,0,0.00000,0.00000,NaN
23,0.00000,3774,0,3774,3774,3774,145.26073,32.50625,1463.50000,327.50000,0,0.11200,0.11200,0,0.00000,0,37.18030,3774,NaN,NaN,100,3774,1,1463.50000,327.50000,0,0,0.00000,0.00000,NaN
24,0.00000,13038,0,13038,13038,13038,148.03989,48.78418,1491.50000,491.50000,0,0.11200,0.11200,0,0.00000,0,128.44642,13038,NaN,NaN,100,13038,1,1491.50000,491.50000,0,0,0.00000,0.00000,NaN
25,0.00000,14067,0,14067,14067,14067,147.04734,54.54101,1481.50000,549.50000,0,0.11200,0.11200,0,0.00000,0,138.58381,14067,NaN,NaN,100,14067,1,1481.50000,549.50000,0,0,0.00000,0.00000,NaN
26,0.00000,21616,0,21616,21616,21616,139.50390,56.32762,1405.50000,567.50000,0,0.11200,0.11200,0,0.00000,0,212.95427,21616,NaN,NaN,100,21616,1,1405.50000,567.50000,0,0,0.00000,0.00000,NaN
27,0.00000,16126,0,16126,16126,16126,140.29795,61.29040,1413.50000,617.50000,0,0.11200,0.11200,0,0.00000,0,158.86845,16126,NaN,NaN,100,16126,1,1413.50000,617.50000,0,0,0.00000,0.00000,NaN
28,0.00000,13038,0,13038,13038,13038,143.87115,57.71720,1449.50000,581.50000,0,0.11200,0.11200,0,0.00000,0,128.44642,13038,NaN,NaN,100,13038,1,1449.50000,581.50000,0,0,0.00000,0.00000,NaN
29,0.00000,343,0,343,343,343,146.45180,59.90082,1475.50000,603.50000,0,0.11200,0.11200,0,0.00000,0,3.37913,343,NaN,NaN,100,343,1,1475.50000,603.50000,0,0,0.00000,0.00000,NaN
30,0.00000,4803,0,4803,4803,4803,145.06222,62.48147,1461.50000,629.50000,0,0.11200,0.11200,0,0.00000,0,47.31770,4803,NaN,NaN,100,4803,1,1461.50000,629.50000,0,0,0.00000,0.00000,NaN
31,0.00000,6176,0,6176,6176,6176,148.03989,65.65765,1491.50000,661.50000,0,0.11200,0.11200,0,0.00000,0,60.84408,6176,NaN,NaN,100,6176,1,1491.50000,661.50000,0,0,0.00000,0.00000,NaN
32,0.00000,29165,0,29165,29165,29165,137.91581,70.42193,1389.50000,709.50000,0,0.11200,0.11200,0,0.00000,0,287.32472,29165,NaN,NaN,100,29165,1,1389.50000,709.50000,0,0,0.00000,0.00000,NaN
33,0.00000,13724,0,13724,13724,13724,131.96047,73.20109,1329.50000,737.50000,0,0.11200,0.11200,0,0.00000,0,135.20468,13724,NaN,NaN,100,13724,1,1329.50000,737.50000,0,0,0.00000,0.00000,NaN
34,0.00000,4460,0,4460,4460,4460,155.38482,86.89838,1565.50000,875.50000,0,0.11200,0.11200,0,0.00000,0,43.93857,4460,NaN,NaN,100,4460,1,1565.50000,875.50000,0,0,0.00000,0.00000,NaN
35,0.00000,2744,0,2744,2744,2744,152.80417,88.48647,1539.50000,891.50000,0,0.11200,0.11200,0,0.00000,0,27.03305,2744,NaN,NaN,100,2744,1,1539.50000,891.50000,0,0,0.00000,0.00000,NaN
36,0.00000,18871,0,18871,18871,18871,95.03734,96.22841,957.50000,969.50000,0,0.11200,0.11200,0,0.00000,0,185.91136,18871,NaN,NaN,100,18871,1,957.50000,969.50000,0,0,0.00000,0.00000,NaN
37,0.00000,13381,0,13381,13381,13381,85.50880,95.63288,861.50000,963.50000,0,0.11200,0.11200,0,0.00000,0,131.82555,13381,NaN,NaN,100,13381,1,861.50000,963.50000,0,0,0.00000,0.00000,NaN
38,0.00000,10636,0,10636,10636,10636,82.72964,96.62543,833.50000,973.50000,0,0.11200,0.11200,0,0.00000,0,104.78264,10636,NaN,NaN,100,10636,1,833.50000,973.50000,0,0,0.00000,0.00000,NaN
39,0.00000,30194,0,30194,30194,30194,79.95048,92.65521,805.50000,933.50000,0,0.11200,0.11200,0,0.00000,0,297.46212,30194,NaN,NaN,100,30194,1,805.50000,933.50000,0,0,0.00000,0.00000,NaN
40,0.00000,21959,0,21959,21959,21959,80.94303,89.47902,815.50000,901.50000,0,0.11200,0.11200,0,0.00000,0,216.33340,21959,NaN,NaN,100,21959,1,815.50000,901.50000,0,0,0.00000,0.00000,NaN
41,0.00000,6862,0,6862,6862,6862,86.10433,75.98025,867.50000,765.50000,0,0.11200,0.11200,0,0.00000,0,67.60234,6862,NaN,NaN,100,6862,1,867.50000,765.50000,0,0,0.00000,0.00000,NaN
42,0.00000,11322,0,11322,11322,11322,83.12666,102.77929,837.50000,1035.50000,0,0.11200,0.11200,0,0.00000,0,111.54090,11322,NaN,NaN,100,11322,1,837.50000,1035.50000,0,0,0.00000,0.00000,NaN
43,0.00000,13038,0,13038,13038,13038,80.14899,106.15398,807.50000,1069.50000,0,0.11200,0.11200,0,0.00000,0,128.44642,13038,NaN,NaN,100,13038,1,807.50000,1069.50000,0,0,0.00000,0.00000,NaN
44,0.00000,14754,0,14754,14754,14754,152.80417,50.57078,1539.50000,509.50000,0,0.11200,0.11200,0,0.00000,0,145.35193,14754,NaN,NaN,100,14754,1,1539.50000,509.50000,0,0,0.00000,0.00000,NaN
45,0.00000,10636,0,10636,10636,10636,154.98779,56.32762,1561.50000,567.50000,0,0.11200,0.11200,0,0.00000,0,104.78264,10636,NaN,NaN,100,10636,1,1561.50000,567.50000,0,0,0.00000,0.00000,NaN
46,0.00000,9950,0,9950,9950,9950,151.61310,59.10678,1527.50000,595.50000,0,0.11200,0.11200,0,0.00000,0,98.02438,9950,NaN,NaN,100,9950,1,1527.50000,595.50000,0,0,0.00000,0.00000,NaN
47,0.00000,1372,0,1372,1372,1372,138.11432,78.75941,1391.50000,793.50000,0,0.11200,0.11200,0,0.00000,0,13.51653,1372,NaN,NaN,100,1372,1,1391.50000,793.50000,0,0,0.00000,0.00000,NaN
48,0.00000,9607,0,9607,9607,9607,143.07711,85.11177,1441.50000,857.50000,0,0.11200,0.11200,0,0.00000,0,94.64525,9607,NaN,NaN,100,9607,1,1441.50000,857.50000,0,0,0.00000,0.00000,NaN
49,0.00000,26763,0,26763,26763,26763,80.54601,93.64776,811.50000,943.50000,0,0.11200,0.11200,0,0.00000,0,263.66095,26763,NaN,NaN,100,26763,1,811.50000,943.50000,0,0,0.00000,0.00000,NaN
50,0.00000,21959,0,21959,21959,21959,79.55345,105.55845,801.50000,1063.50000,0,0.11200,0.11200,0,0.00000,0,216.33340,21959,NaN,NaN,100,21959,1,801.50000,1063.50000,0,0,0.00000,0.00000,NaN
51,0.00000,12009,0,12009,12009,12009,153.99524,43.02735,1551.50000,433.50000,0,0.11200,0.11200,0,0.00000,0,118.30902,12009,NaN,NaN,100,12009,1,1551.50000,433.50000,0,0,0.00000,0.00000,NaN
52,0.00000,2744,0,2744,2744,2744,153.99524,47.19609,1551.50000,475.50000,0,0.11200,0.11200,0,0.00000,0,27.03305,2744,NaN,NaN,100,2744,1,1551.50000,475.50000,0,0,0.00000,0.00000,NaN
53,0.00000,6519,0,6519,6519,6519,155.38482,66.65021,1565.50000,671.50000,0,0.11200,0.11200,0,0.00000,0,64.22321,6519,NaN,NaN,100,6519,1,1565.50000,671.50000,0,0,0.00000,0.00000,NaN
54,0.00000,11322,0,11322,11322,11322,152.20863,64.06956,1533.50000,645.50000,0,0.11200,0.11200,0,0.00000,0,111.54090,11322,NaN,NaN,100,11322,1,1533.50000,645.50000,0,0,0.00000,0.00000,NaN
55,0.00000,8234,0,8234,8234,8234,155.18630,63.07700,1563.50000,635.50000,0,0.11200,0.11200,0,0.00000,0,81.11887,8234,NaN,NaN,100,8234,1,1563.50000,635.50000,0,0,0.00000,0.00000,NaN
56,0.00000,29508,0,29508,29508,29508,93.44925,95.83139,941.50000,965.50000,0,0.11200,0.11200,0,0.00000,0,290.70385,29508,NaN,NaN,100,29508,1,941.50000,965.50000,0,0,0.00000,0.00000,NaN
57,0.00000,52154,0,52154,52154,52154,12.55585,245.01272,126.50000,2468.50000,0,0.11200,0.11200,0,0.00000,0,513.80536,52154,NaN,NaN,100,52154,1,126.50000,2468.50000,0,0,0.00000,0.00000,NaN
58,0.00000,65535,0,65535,65535,65535,11.96031,241.73728,120.50000,2435.50000,0,0.11200,0.11200,0,0.00000,0,645.63091,65535,NaN,NaN,100,65535,1,120.50000,2435.50000,0,0,0.00000,0.00000,NaN
59,0.00000,9264,0,9264,9264,9264,14.64022,241.73728,147.50000,2435.50000,0,0.11200,0.11200,0,0.00000,0,91.26611,9264,NaN,NaN,100,9264,1,147.50000,2435.50000,0,0,0.00000,0.00000,NaN
60,0.00000,52154,0,52154,52154,52154,14.93798,236.07971,150.50000,2378.50000,0,0.11200,0.11200,0,0.00000,0,513.80536,52154,NaN,NaN,100,52154,1,150.50000,2378.50000,0,0,0.00000,0.00000,NaN
61,0.00000,62791,0,62791,62791,62791,17.32012,234.59087,174.50000,2363.50000,0,0.11200,0.11200,0,0.00000,0,618.59786,62791,NaN,-Infinity,100,62791,1,174.50000,2363.50000,0,0,0.00000,0.00000,NaN
62,0.00000,65535,0,65535,65535,65535,22.67993,227.44446,228.50000,2291.50000,0,0.11200,0.11200,0,0.00000,0,645.63091,65535,NaN,NaN,100,65535,1,228.50000,2291.50000,0,0,0.00000,0.00000,NaN
63,0.00000,5146,0,5146,5146,5146,25.06207,223.57349,252.50000,2252.50000,0,0.11200,0.11200,0,0.00000,0,50.69683,5146,NaN,NaN,100,5146,1,252.50000,2252.50000,0,0,0.00000,0.00000,NaN
64,0.00000,21273,0,21273,21273,21273,29.23081,215.53378,294.50000,2171.50000,0,0.11200,0.11200,0,0.00000,0,209.57513,21273,NaN,NaN,100,21273,1,294.50000,2171.50000,0,0,0.00000,0.00000,NaN
65,0.00000,65535,0,65535,65535,65535,36.97275,203.62309,372.50000,2051.50000,0,0.11200,0.11200,0,0.00000,0,645.63091,65535,NaN,NaN,100,65535,1,372.50000,2051.50000,0,0,0.00000,0.00000,NaN
66,0.00000,65535,0,65535,65535,65535,8.08934,250.96807,81.50000,2528.50000,0,0.11200,0.11200,0,0.00000,0,645.63091,65535,NaN,NaN,100,65535,1,81.50000,2528.50000,0,0,0.00000,0.00000,NaN
67,0.00000,28478,0,28478,28478,28478,6.60050,255.73234,66.50000,2576.50000,0,0.11200,0.11200,0,0.00000,0,280.55660,28478,NaN,NaN,100,28478,1,66.50000,2576.50000,0,0,0.00000,0.00000,NaN
68,0.00000,65535,0,65535,65535,65535,6.89827,259.60331,69.50000,2615.50000,0,0.11200,0.11200,0,0.00000,0,645.63091,65535,NaN,NaN,100,65535,1,69.50000,2615.50000,0,0,0.00000,0.00000,NaN
69,0.00000,65535,0,65535,65535,65535,57.22092,226.25339,576.50000,2279.50000,0,0.11200,0.11200,0,0.00000,0,645.63091,65535,NaN,NaN,100,65535,1,576.50000,2279.50000,0,0,0.00000,0.00000,NaN
70,0.00000,28478,0,28478,28478,28478,90.86860,198.56105,915.50000,2000.50000,0,0.11200,0.11200,0,0.00000,0,280.55660,28478,NaN,NaN,100,28478,1,915.50000,2000.50000,0,0,0.00000,0.00000,NaN
71,0.00000,37400,0,37400,37400,37400,94.14404,200.94319,948.50000,2024.50000,0,0.11200,0.11200,0,0.00000,0,368.45344,37400,NaN,NaN,100,37400,1,948.50000,2024.50000,0,0,0.00000,0.00000,NaN
72,0.00000,29165,0,29165,29165,29165,100.00013,199.15658,1007.50000,2006.50000,0,0.11200,0.11200,0,0.00000,0,287.32472,29165,NaN,NaN,100,29165,1,1007.50000,2006.50000,0,0,0.00000,0.00000,NaN
73,0.00000,15097,0,15097,15097,15097,96.62543,220.99284,973.50000,2226.50000,0,0.11200,0.11200,0,0.00000,0,148.73106,15097,NaN,NaN,100,15097,1,973.50000,2226.50000,0,0,0.00000,0.00000,NaN
74,0.00000,9264,0,9264,9264,9264,100.59566,220.19880,1013.50000,2218.50000,0,0.11200,0.11200,0,0.00000,0,91.26611,9264,NaN,NaN,100,9264,1,1013.50000,2218.50000,0,0,0.00000,0.00000,NaN
75,0.00000,60389,0,60389,60389,60389,97.02246,216.42708,977.50000,2180.50000,0,0.11200,0.11200,0,0.00000,0,594.93408,60389,NaN,NaN,100,60389,1,977.50000,2180.50000,0,0,0.00000,0.00000,NaN
76,0.00000,32939,0,32939,32939,32939,108.73463,208.48662,1095.50000,2100.50000,0,0.11200,0.11200,0,0.00000,0,324.50502,32939,NaN,-Infinity,100,32939,1,1095.50000,2100.50000,0,0,0.00000,0.00000,NaN
77,0.00000,9264,0,9264,9264,9264,106.15398,204.91342,1069.50000,2064.50000,0,0.11200,0.11200,0,0.00000,0,91.26611,9264,NaN,NaN,100,9264,1,1069.50000,2064.50000,0,0,0.00000,0.00000,NaN
78,0.00000,8234,0,8234,8234,8234,101.98524,203.32532,1027.50000,2048.50000,0,0.11200,0.11200,0,0.00000,0,81.11887,8234,NaN,NaN,100,8234,1,1027.50000,2048.50000,0,0,0.00000,0.00000,NaN
79,0.00000,13038,0,13038,13038,13038,102.58078,208.88364,1033.50000,2104.50000,0,0.11200,0.11200,0,0.00000,0,128.44642,13038,NaN,NaN,100,13038,1,1033.50000,2104.50000,0,0,0.00000,0.00000,NaN
80,0.00000,30537,0,30537,30537,30537,107.74207,212.85387,1085.50000,2144.50000,0,0.11200,0.11200,0,0.00000,0,300.84125,30537,NaN,NaN,100,30537,1,1085.50000,2144.50000,0,0,0.00000,0.00000,NaN
81,0.00000,21959,0,21959,21959,21959,104.96291,214.64048,1057.50000,2162.50000,0,0.11200,0.11200,0,0.00000,0,216.33340,21959,NaN,NaN,100,21959,1,1057.50000,2162.50000,0,0,0.00000,0.00000,NaN
82,0.00000,6519,0,6519,6519,6519,110.32272,217.02261,1111.50000,2186.50000,0,0.11200,0.11200,0,0.00000,0,64.22321,6519,NaN,NaN,100,6519,1,1111.50000,2186.50000,0,0,0.00000,0.00000,NaN
83,0.00000,16469,0,16469,16469,16469,113.49891,217.41964,1143.50000,2190.50000,0,0.11200,0.11200,0,0.00000,0,162.24758,16469,NaN,Infinity,100,16469,1,1143.50000,2190.50000,0,0,0.00000,0.00000,NaN
84,0.00000,343,0,343,343,343,110.12421,217.02261,1109.50000,2186.50000,0,0.11200,0.11200,0,0.00000,0,3.37913,343,NaN,NaN,100,343,1,1109.50000,2186.50000,0,0,0.00000,0.00000,NaN
85,0.00000,30537,0,30537,30537,30537,114.88849,214.24345,1157.50000,2158.50000,0,0.11200,0.11200,0,0.00000,0,300.84125,30537,NaN,NaN,100,30537,1,1157.50000,2158.50000,0,0,0.00000,0.00000,NaN
86,0.00000,9264,0,9264,9264,9264,120.84383,206.10448,1217.50000,2076.50000,0,0.11200,0.11200,0,0.00000,0,91.26611,9264,NaN,NaN,100,9264,1,1217.50000,2076.50000,0,0,0.00000,0.00000,NaN
87,0.00000,19557,0,19557,19557,19557,124.02001,204.51639,1249.50000,2060.50000,0,0.11200,0.11200,0,0.00000,0,192.66962,19557,NaN,-Infinity,100,19557,1,1249.50000,2060.50000,0,0,0.00000,0.00000,NaN
88,0.00000,18528,0,18528,18528,18528,127.59322,201.53872,1285.50000,2030.50000,0,0.11200,0.11200,0,0.00000,0,182.53223,18528,NaN,NaN,100,18528,1,1285.50000,2030.50000,0,0,0.00000,0.00000,NaN
89,0.00000,8578,0,8578,8578,8578,134.50803,210.40556,1355.16663,2119.83325,0,0.11200,0.11200,0,0.00000,0,84.50785,8578,NaN,NaN,100,8578,1,1355.16663,2119.83325,0,0,0.00000,0.00000,NaN
90,0.00000,14067,0,14067,14067,14067,144.56594,210.00856,1456.50000,2115.83350,0,0.11200,0.11200,0,0.00000,0,138.58381,14067,NaN,NaN,100,14067,1,1456.50000,2115.83350,0,0,0.00000,0.00000,NaN
91,0.00000,9607,0,9607,9607,9607,154.88854,208.02344,1560.50000,2095.83350,0,0.11200,0.11200,0,0.00000,0,94.64525,9607,NaN,NaN,100,9607,1,1560.50000,2095.83350,0,0,0.00000,0.00000,NaN
92,0.00000,7205,0,7205,7205,7205,157.27067,207.36171,1584.50000,2089.16650,0,0.11200,0.11200,0,0.00000,0,70.98147,7205,NaN,NaN,100,7205,1,1584.50000,2089.16650,0,0,0.00000,0.00000,NaN
93,0.00000,5489,0,5489,5489,5489,151.44768,208.02344,1525.83337,2095.83350,0,0.11200,0.11200,0,0.00000,0,54.07596,5489,NaN,NaN,100,5489,1,1525.83337,2095.83350,0,0,0.00000,0.00000,NaN
94,0.00000,21959,0,21959,21959,21959,130.40547,219.40475,1313.83337,2210.50000,0,0.11200,0.11200,0,0.00000,0,216.33340,21959,NaN,NaN,100,21959,1,1313.83337,2210.50000,0,0,0.00000,0.00000,NaN
95,0.00000,12352,0,12352,12352,12352,142.44848,213.44941,1435.16663,2150.50000,0,0.11200,0.11200,0,0.00000,0,121.68815,12352,NaN,NaN,100,12352,1,1435.16663,2150.50000,0,0,0.00000,0.00000,NaN
96,0.00000,30194,0,30194,30194,30194,103.54026,223.24265,1043.16675,2249.16675,0,0.11200,0.11200,0,0.00000,0,297.46212,30194,NaN,NaN,100,30194,1,1043.16675,2249.16675,0,0,0.00000,0.00000,NaN
97,0.00000,33625,0,33625,33625,33625,103.40790,228.13925,1041.83325,2298.50000,0,0.11200,0.11200,0,0.00000,0,331.26328,33625,NaN,NaN,100,33625,1,1041.83325,2298.50000,0,0,0.00000,0.00000,NaN
98,0.00000,22645,0,22645,22645,22645,96.39384,228.13925,971.16669,2298.50000,0,0.11200,0.11200,0,0.00000,0,223.09166,22645,NaN,-Infinity,100,22645,1,971.16669,2298.50000,0,0,0.00000,0.00000,NaN
99,0.00000,13381,0,13381,13381,13381,103.67259,234.22693,1044.50000,2359.83325,0,0.11200,0.11200,0,0.00000,0,131.82555,13381,NaN,NaN,100,13381,1,1044.50000,2359.83325,0,0,0.00000,0.00000,NaN
100,0.00000,55585,0,55585,55585,55585,106.71644,233.82990,1075.16675,2355.83325,0,0.11200,0.11200,0,0.00000,0,547.60653,55585,NaN,-Infinity,100,55585,1,1075.16675,2355.83325,0,0,0.00000,0.00000,NaN
101,0.00000,20587,0,20587,20587,20587,111.61305,239.12356,1124.50000,2409.16675,0,0.11200,0.11200,0,0.00000,0,202.81687,20587,NaN,-Infinity,100,20587,1,1124.50000,2409.16675,0,0,0.00000,0.00000,NaN
102,0.00000,17842,0,17842,17842,17842,111.87773,235.41800,1127.16663,2371.83325,0,0.11200,0.11200,0,0.00000,0,175.77396,17842,NaN,NaN,100,17842,1,1127.16663,2371.83325,0,0,0.00000,0.00000,NaN
103,0.00000,18528,0,18528,18528,18528,115.71562,234.22693,1165.83337,2359.83325,0,0.11200,0.11200,0,0.00000,0,182.53223,18528,NaN,NaN,100,18528,1,1165.83337,2359.83325,0,0,0.00000,0.00000,NaN
104,0.00000,5489,0,5489,5489,5489,118.89180,230.38906,1197.83337,2321.16675,0,0.11200,0.11200,0,0.00000,0,54.07596,5489,NaN,NaN,100,5489,1,1197.83337,2321.16675,0,0,0.00000,0.00000,NaN
105,0.00000,33968,0,33968,33968,33968,118.89180,227.74223,1197.83337,2294.50000,0,0.11200,0.11200,0,0.00000,0,334.64242,33968,NaN,NaN,100,33968,1,1197.83337,2294.50000,0,0,0.00000,0.00000,NaN
106,0.00000,53869,0,53869,53869,53869,127.22928,237.00609,1281.83337,2387.83325,0,0.11200,0.11200,0,0.00000,0,530.70102,53869,NaN,NaN,100,53869,1,1281.83337,2387.83325,0,0,0.00000,0.00000,NaN
107,0.00000,31567,0,31567,31567,31567,119.95053,235.94738,1208.50000,2377.16675,0,0.11200,0.11200,0,0.00000,0,310.98849,31567,NaN,-Infinity,100,31567,1,1208.50000,2377.16675,0,0,0.00000,0.00000,NaN
108,0.00000,8234,0,8234,8234,8234,134.37569,230.65372,1353.83337,2323.83325,0,0.11200,0.11200,0,0.00000,0,81.11887,8234,NaN,NaN,100,8234,1,1353.83337,2323.83325,0,0,0.00000,0.00000,NaN
109,0.00000,21616,0,21616,21616,21616,138.61060,228.53628,1396.50000,2302.50000,0,0.11200,0.11200,0,0.00000,0,212.95427,21616,NaN,NaN,100,21616,1,1396.50000,2302.50000,0,0,0.00000,0.00000,NaN
110,0.00000,11666,0,11666,11666,11666,135.56676,224.56605,1365.83337,2262.50000,0,0.11200,0.11200,0,0.00000,0,114.92989,11666,NaN,NaN,100,11666,1,1365.83337,2262.50000,0,0,0.00000,0.00000,NaN
111,0.00000,24704,0,24704,24704,24704,133.71398,219.00773,1347.16663,2206.50000,0,0.11200,0.11200,0,0.00000,0,243.37630,24704,NaN,NaN,100,24704,1,1347.16663,2206.50000,0,0,0.00000,0.00000,NaN
112,0.00000,12009,0,12009,12009,12009,157.13833,224.16902,1583.16663,2258.50000,0,0.11200,0.11200,0,0.00000,0,118.30902,12009,NaN,NaN,100,12009,1,1583.16663,2258.50000,0,0,0.00000,0.00000,NaN
113,0.00000,7205,0,7205,7205,7205,153.56512,228.53628,1547.16663,2302.50000,0,0.11200,0.11200,0,0.00000,0,70.98147,7205,NaN,NaN,100,7205,1,1547.16663,2302.50000,0,0,0.00000,0.00000,NaN
114,0.00000,55585,0,55585,55585,55585,140.86039,250.50486,1419.16663,2523.83325,0,0.11200,0.11200,0,0.00000,0,547.60653,55585,NaN,-Infinity,100,55585,1,1419.16663,2523.83325,0,0,0.00000,0.00000,NaN
115,0.00000,21616,0,21616,21616,21616,138.08123,254.21043,1391.16663,2561.16675,0,0.11200,0.11200,0,0.00000,0,212.95427,21616,NaN,NaN,100,21616,1,1391.16663,2561.16675,0,0,0.00000,0.00000,NaN
116,0.00000,343,0,343,343,343,141.91913,254.21043,1429.83337,2561.16675,0,0.11200,0.11200,0,0.00000,0,3.37913,343,NaN,NaN,100,343,1,1429.83337,2561.16675,0,0,0.00000,0.00000,NaN
117,0.00000,24704,0,24704,24704,24704,119.81818,243.49081,1207.16663,2453.16675,0,0.11200,0.11200,0,0.00000,0,243.37630,24704,NaN,NaN,100,24704,1,1207.16663,2453.16675,0,0,0.00000,0.00000,NaN
118,0.00000,38429,0,38429,38429,38429,120.87692,247.72570,1217.83337,2495.83325,0,0.11200,0.11200,0,0.00000,0,378.59083,38429,NaN,NaN,100,38429,1,1217.83337,2495.83325,0,0,0.00000,0.00000,NaN
119,0.00000,25734,0,25734,25734,25734,118.75946,252.09296,1196.50000,2539.83325,0,0.11200,0.11200,0,0.00000,0,253.52355,25734,NaN,NaN,100,25734,1,1196.50000,2539.83325,0,0,0.00000,0.00000,NaN
120,0.00000,5146,0,5146,5146,5146,122.99436,254.34276,1239.16663,2562.50000,0,0.11200,0.11200,0,0.00000,0,50.69683,5146,NaN,NaN,100,5146,1,1239.16663,2562.50000,0,0,0.00000,0.00000,NaN
121,0.00000,13724,0,13724,13724,13724,127.49396,249.31380,1284.50000,2511.83325,0,0.11200,0.11200,0,0.00000,0,135.20468,13724,NaN,NaN,100,13724,1,1284.50000,2511.83325,0,0,0.00000,0.00000,NaN
122,0.00000,22302,0,22302,22302,22302,129.08205,245.87295,1300.50000,2477.16675,0,0.11200,0.11200,0,0.00000,0,219.71253,22302,NaN,NaN,100,22302,1,1300.50000,2477.16675,0,0,0.00000,0.00000,NaN
123,0.00000,20244,0,20244,20244,20244,112.27475,247.99039,1131.16663,2498.50000,0,0.11200,0.11200,0,0.00000,0,199.43774,20244,NaN,NaN,100,20244,1,1131.16663,2498.50000,0,0,0.00000,0.00000,NaN
124,0.00000,64163,0,64163,64163,64163,100.36407,253.81340,1011.16669,2557.16675,0,0.11200,0.11200,0,0.00000,0,632.11438,64163,NaN,NaN,100,64163,1,1011.16669,2557.16675,0,0,0.00000,0.00000,NaN
125,0.00000,26420,0,26420,26420,26420,98.64363,251.16658,993.83331,2530.50000,0,0.11200,0.11200,0,0.00000,0,260.28181,26420,NaN,NaN,100,26420,1,993.83331,2530.50000,0,0,0.00000,0.00000,NaN
126,0.00000,7891,0,7891,7891,7891,98.24661,239.78525,989.83331,2415.83325,0,0.11200,0.11200,0,0.00000,0,77.73973,7891,NaN,NaN,100,7891,1,989.83331,2415.83325,0,0,0.00000,0.00000,NaN
127,0.00000,11666,0,11666,11666,11666,96.12916,244.02017,968.50000,2458.50000,0,0.11200,0.11200,0,0.00000,0,114.92989,11666,NaN,NaN,100,11666,1,968.50000,2458.50000,0,0,0.00000,0.00000,NaN
128,0.00000,42890,0,42890,42890,42890,93.35000,241.50570,940.50000,2433.16675,0,0.11200,0.11200,0,0.00000,0,422.53925,42890,NaN,NaN,100,42890,1,940.50000,2433.16675,0,0,0.00000,0.00000,NaN
129,0.00000,17156,0,17156,17156,17156,118.89180,224.16902,1197.83337,2258.50000,0,0.11200,0.11200,0,0.00000,0,169.01570,17156,NaN,NaN,100,17156,1,1197.83337,2258.50000,0,0,0.00000,0.00000,NaN
130,0.00000,14411,0,14411,14411,14411,134.11100,233.82990,1351.16663,2355.83325,0,0.11200,0.11200,0,0.00000,0,141.97279,14411,NaN,NaN,100,14411,1,1351.16663,2355.83325,0,0,0.00000,0.00000,NaN
131,0.00000,12352,0,12352,12352,12352,154.22684,241.63803,1553.83337,2434.50000,0,0.11200,0.11200,0,0.00000,0,121.68815,12352,NaN,NaN,100,12352,1,1553.83337,2434.50000,0,0,0.00000,0.00000,NaN
132,0.00000,7205,0,7205,7205,7205,137.15485,246.66699,1381.83337,2485.16675,0,0.11200,0.11200,0,0.00000,0,70.98147,7205,NaN,NaN,100,7205,1,1381.83337,2485.16675,0,0,0.00000,0.00000,NaN
133,0.00000,23675,0,23675,23675,23675,104.33430,253.41638,1051.16675,2553.16675,0,0.11200,0.11200,0,0.00000,0,233.23891,23675,NaN,NaN,100,23675,1,1051.16675,2553.16675,0,0,0.00000,0.00000,NaN
134,0.00000,33282,0,33282,33282,33282,103.14323,250.50486,1039.16675,2523.83325,0,0.11200,0.11200,0,0.00000,0,327.88415,33282,NaN,NaN,100,33282,1,1039.16675,2523.83325,0,0,0.00000,0.00000,NaN
135,0.00000,19900,0,19900,19900,19900,110.28963,203.65619,1111.16663,2051.83350,0,0.11200,0.11200,0,0.00000,0,196.04875,19900,NaN,NaN,100,19900,1,1111.16663,2051.83350,0,0,0.00000,0.00000,NaN
136,0.00000,13038,0,13038,13038,13038,135.69910,198.23019,1367.16663,1997.16663,0,0.11200,0.11200,0,0.00000,0,128.44642,13038,NaN,NaN,100,13038,1,1367.16663,1997.16663,0,0,0.00000,0.00000,NaN
137,0.00000,17842,0,17842,17842,17842,138.08123,224.69838,1391.16663,2263.83325,0,0.11200,0.11200,0,0.00000,0,175.77396,17842,NaN,NaN,100,17842,1,1391.16663,2263.83325,0,0,0.00000,0.00000,NaN
138,0.00000,46321,0,46321,46321,46321,137.15485,222.84562,1381.83337,2245.16675,0,0.11200,0.11200,0,0.00000,0,456.34042,46321,NaN,NaN,100,46321,1,1381.83337,2245.16675,0,0,0.00000,0.00000,NaN
139,0.00000,27106,0,27106,27106,27106,124.97948,228.40394,1259.16663,2301.16675,0,0.11200,0.11200,0,0.00000,0,267.04008,27106,NaN,NaN,100,27106,1,1259.16663,2301.16675,0,0,0.00000,0.00000,NaN
140,0.00000,12352,0,12352,12352,12352,126.17055,227.47754,1271.16663,2291.83325,0,0.11200,0.11200,0,0.00000,0,121.68815,12352,NaN,NaN,100,12352,1,1271.16663,2291.83325,0,0,0.00000,0.00000,NaN
141,0.00000,7205,0,7205,7205,7205,92.82063,185.39313,935.16669,1867.83337,0,0.11200,0.11200,0,0.00000,0,70.98147,7205,NaN,NaN,100,7205,1,935.16669,1867.83337,0,0,0.00000,0.00000,NaN
142,0.00000,20930,0,20930,20930,20930,154.22684,190.15740,1553.83337,1915.83337,0,0.11200,0.11200,0,0.00000,0,206.19600,20930,NaN,Infinity,100,20930,1,1553.83337,1915.83337,0,0,0.00000,0.00000,NaN
143,0.00000,8578,0,8578,8578,8578,155.41791,227.74223,1565.83337,2294.50000,0,0.11200,0.11200,0,0.00000,0,84.50785,8578,NaN,NaN,100,8578,1,1565.83337,2294.50000,0,0,0.00000,0.00000,NaN
144,0.00000,15097,0,15097,15097,15097,156.47663,219.40475,1576.50000,2210.50000,0,0.11200,0.11200,0,0.00000,0,148.73106,15097,NaN,NaN,100,15097,1,1576.50000,2210.50000,0,0,0.00000,0.00000,NaN
145,0.00000,8578,0,8578,8578,8578,125.37650,165.01262,1263.16663,1662.50000,0,0.11200,0.11200,0,0.00000,0,84.50785,8578,NaN,NaN,100,8578,1,1263.16663,1662.50000,0,0,0.00000,0.00000,NaN
146,0.00000,27106,0,27106,27106,27106,39.45415,341.78704,397.50000,3443.50000,0,0.11200,0.11200,0,0.00000,0,267.04008,27106,NaN,NaN,100,27106,1,397.50000,3443.50000,0,0,0.00000,0.00000,NaN
147,0.00000,65535,0,65535,65535,65535,37.46903,345.36025,377.50000,3479.50000,0,0.11200,0.11200,0,0.00000,0,645.63091,65535,NaN,NaN,100,65535,1,377.50000,3479.50000,0,0,0.00000,0.00000,NaN
148,0.00000,20930,0,20930,20930,20930,39.45415,336.82426,397.50000,3393.50000,0,0.11200,0.11200,0,0.00000,0,206.19600,20930,NaN,Infinity,100,20930,1,397.50000,3393.50000,0,0,0.00000,0.00000,NaN
149,0.00000,49066,0,49066,49066,49066,43.42437,339.20639,437.50000,3417.50000,0,0.11200,0.11200,0,0.00000,0,483.38333,49066,NaN,NaN,100,49066,1,437.50000,3417.50000,0,0,0.00000,0.00000,NaN
150,0.00000,8578,0,8578,8578,8578,45.80651,344.16918,461.50000,3467.50000,0,0.11200,0.11200,0,0.00000,0,84.50785,8578,NaN,NaN,100,8578,1,461.50000,3467.50000,0,0,0.00000,0.00000,NaN
151,0.00000,26763,0,26763,26763,26763,49.37972,341.78704,497.50000,3443.50000,0,0.11200,0.11200,0,0.00000,0,263.66095,26763,NaN,NaN,100,26763,1,497.50000,3443.50000,0,0,0.00000,0.00000,NaN
152,0.00000,65535,0,65535,65535,65535,51.36483,338.61086,517.50000,3411.50000,0,0.11200,0.11200,0,0.00000,0,645.63091,65535,NaN,NaN,100,65535,1,517.50000,3411.50000,0,0,0.00000,0.00000,NaN
153,0.00000,44605,0,44605,44605,44605,33.10178,343.37513,333.50000,3459.50000,0,0.11200,0.11200,0,0.00000,0,439.43491,44605,NaN,NaN,100,44605,1,333.50000,3459.50000,0,0,0.00000,0.00000,NaN
154,0.00000,15440,0,15440,15440,15440,32.90327,347.54387,331.50000,3501.50000,0,0.11200,0.11200,0,0.00000,0,152.11019,15440,NaN,NaN,100,15440,1,331.50000,3501.50000,0,0,0.00000,0.00000,NaN
155,0.00000,27106,0,27106,27106,27106,28.73453,350.72006,289.50000,3533.50000,0,0.11200,0.11200,0,0.00000,0,267.04008,27106,NaN,NaN,100,27106,1,289.50000,3533.50000,0,0,0.00000,0.00000,NaN
156,0.00000,65535,0,65535,65535,65535,25.75686,353.69773,259.50000,3563.50000,0,0.11200,0.11200,0,0.00000,0,645.63091,65535,NaN,NaN,100,65535,1,259.50000,3563.50000,0,0,0.00000,0.00000,NaN
157,0.00000,41174,0,41174,41174,41174,20.99258,355.28582,211.50000,3579.50000,0,0.11200,0.11200,0,0.00000,0,405.63374,41174,NaN,-Infinity,100,41174,1,211.50000,3579.50000,0,0,0.00000,0.00000,NaN
158,0.00000,65535,0,65535,65535,65535,25.16132,350.52154,253.50000,3531.50000,0,0.11200,0.11200,0,0.00000,0,645.63091,65535,NaN,NaN,100,65535,1,253.50000,3531.50000,0,0,0.00000,0.00000,NaN
159,0.00000,26420,0,26420,26420,26420,25.75686,342.38258,259.50000,3449.50000,0,0.11200,0.11200,0,0.00000,0,260.28181,26420,NaN,NaN,100,26420,1,259.50000,3449.50000,0,0,0.00000,0.00000,NaN
160,0.00000,26420,0,26420,26420,26420,18.80896,338.61086,189.50000,3411.50000,0,0.11200,0.11200,0,0.00000,0,260.28181,26420,NaN,NaN,100,26420,1,189.50000,3411.50000,0,0,0.00000,0.00000,NaN
161,0.00000,34998,0,34998,34998,34998,13.25064,343.97067,133.50000,3465.50000,0,0.11200,0.11200,0,0.00000,0,344.78966,34998,NaN,Infinity,100,34998,1,133.50000,3465.50000,0,0,0.00000,0.00000,NaN
162,0.00000,30880,0,30880,30880,30880,13.25064,349.13196,133.50000,3517.50000,0,0.11200,0.11200,0,0.00000,0,304.22038,30880,NaN,NaN,100,30880,1,133.50000,3517.50000,0,0,0.00000,0.00000,NaN
163,0.00000,55585,0,55585,55585,55585,18.61045,348.13941,187.50000,3507.50000,0,0.11200,0.11200,0,0.00000,0,547.60653,55585,NaN,-Infinity,100,55585,1,187.50000,3507.50000,0,0,0.00000,0.00000,NaN
164,0.00000,31223,0,31223,31223,31223,4.51613,345.75727,45.50000,3483.50000,0,0.11200,0.11200,0,0.00000,0,307.59951,31223,NaN,NaN,100,31223,1,45.50000,3483.50000,0,0,0.00000,0.00000,NaN
165,0.00000,45978,0,45978,45978,45978,65.85616,331.86147,663.50000,3343.50000,0,0.11200,0.11200,0,0.00000,0,452.96129,45978,NaN,-Infinity,100,45978,1,663.50000,3343.50000,0,0,0.00000,0.00000,NaN
166,0.00000,65535,0,65535,65535,65535,65.45914,326.10464,659.50000,3285.50000,0,0.11200,0.11200,0,0.00000,0,645.63091,65535,NaN,NaN,100,65535,1,659.50000,3285.50000,0,0,0.00000,0.00000,NaN
167,0.00000,33625,0,33625,33625,33625,68.83384,329.87636,693.50000,3323.50000,0,0.11200,0.11200,0,0.00000,0,331.26328,33625,NaN,NaN,100,33625,1,693.50000,3323.50000,0,0,0.00000,0.00000,NaN
168,0.00000,51468,0,51468,51468,51468,69.62788,322.13441,701.50000,3245.50000,0,0.11200,0.11200,0,0.00000,0,507.04710,51468,NaN,NaN,100,51468,1,701.50000,3245.50000,0,0,0.00000,0.00000,NaN
169,0.00000,34998,0,34998,34998,34998,62.08445,317.17163,625.50000,3195.50000,0,0.11200,0.11200,0,0.00000,0,344.78966,34998,NaN,Infinity,100,34998,1,625.50000,3195.50000,0,0,0.00000,0.00000,NaN
170,0.00000,17842,0,17842,17842,17842,63.47403,313.20140,639.50000,3155.50000,0,0.11200,0.11200,0,0.00000,0,175.77396,17842,NaN,NaN,100,17842,1,639.50000,3155.50000,0,0,0.00000,0.00000,NaN
171,0.00000,16126,0,16126,16126,16126,55.13655,307.44457,555.50000,3097.50000,0,0.11200,0.11200,0,0.00000,0,158.86845,16126,NaN,NaN,100,16126,1,555.50000,3097.50000,0,0,0.00000,0.00000,NaN
172,0.00000,36713,0,36713,36713,36713,74.39216,316.37758,749.50000,3187.50000,0,0.11200,0.11200,0,0.00000,0,361.68532,36713,NaN,NaN,100,36713,1,749.50000,3187.50000,0,0,0.00000,0.00000,NaN
173,0.00000,65535,0,65535,65535,65535,74.19364,320.94334,747.50000,3233.50000,0,0.11200,0.11200,0,0.00000,0,645.63091,65535,NaN,NaN,100,65535,1,747.50000,3233.50000,0,0,0.00000,0.00000,NaN
174,0.00000,16812,0,16812,16812,16812,71.41448,313.39991,719.50000,3157.50000,0,0.11200,0.11200,0,0.00000,0,165.62672,16812,NaN,NaN,100,16812,1,719.50000,3157.50000,0,0,0.00000,0.00000,NaN
175,0.00000,61761,0,61761,61761,61761,82.53112,311.41479,831.50000,3137.50000,0,0.11200,0.11200,0,0.00000,0,608.45061,61761,NaN,-Infinity,100,61761,1,831.50000,3137.50000,0,0,0.00000,0.00000,NaN
176,0.00000,20244,0,20244,20244,20244,79.15643,313.79693,797.50000,3161.50000,0,0.11200,0.11200,0,0.00000,0,199.43774,20244,NaN,NaN,100,20244,1,797.50000,3161.50000,0,0,0.00000,0.00000,NaN
177,0.00000,35684,0,35684,35684,35684,60.69487,301.88625,611.50000,3041.50000,0,0.11200,0.11200,0,0.00000,0,351.54793,35684,NaN,NaN,100,35684,1,611.50000,3041.50000,0,0,0.00000,0.00000,NaN
178,0.00000,1029,0,1029,1029,1029,65.45914,289.97556,659.50000,2921.50000,0,0.11200,0.11200,0,0.00000,0,10.13740,1029,NaN,NaN,100,1029,1,659.50000,2921.50000,0,0,0.00000,0.00000,NaN
179,0.00000,10636,0,10636,10636,10636,76.17876,296.52644,767.50000,2987.50000,0,0.11200,0.11200,0,0.00000,0,104.78264,10636,NaN,NaN,100,10636,1,767.50000,2987.50000,0,0,0.00000,0.00000,NaN
180,0.00000,39801,0,39801,39801,39801,83.92070,299.70262,845.50000,3019.50000,0,0.11200,0.11200,0,0.00000,0,392.10736,39801,NaN,NaN,100,39801,1,845.50000,3019.50000,0,0,0.00000,0.00000,NaN
181,0.00000,23675,0,23675,23675,23675,84.31773,302.87880,849.50000,3051.50000,0,0.11200,0.11200,0,0.00000,0,233.23891,23675,NaN,NaN,100,23675,1,849.50000,3051.50000,0,0,0.00000,0.00000,NaN
182,0.00000,14411,0,14411,14411,14411,72.80406,306.25350,733.50000,3085.50000,0,0.11200,0.11200,0,0.00000,0,141.97279,14411,NaN,NaN,100,14411,1,733.50000,3085.50000,0,0,0.00000,0.00000,NaN
183,0.00000,45978,0,45978,45978,45978,97.41948,304.66541,981.50000,3069.50000,0,0.11200,0.11200,0,0.00000,0,452.96129,45978,NaN,-Infinity,100,45978,1,981.50000,3069.50000,0,0,0.00000,0.00000,NaN
184,0.00000,10979,0,10979,10979,10979,97.41948,305.06243,981.50000,3073.50000,0,0.11200,0.11200,0,0.00000,0,108.16177,10979,NaN,NaN,100,10979,1,981.50000,3073.50000,0,0,0.00000,0.00000,NaN
185,0.00000,46321,0,46321,46321,46321,94.24330,303.47434,949.50000,3057.50000,0,0.11200,0.11200,0,0.00000,0,456.34042,46321,NaN,NaN,100,46321,1,949.50000,3057.50000,0,0,0.00000,0.00000,NaN
186,0.00000,43919,0,43919,43919,43919,13.64766,323.72250,137.50000,3261.50000,0,0.11200,0.11200,0,0.00000,0,432.67665,43919,NaN,NaN,100,43919,1,137.50000,3261.50000,0,0,0.00000,0.00000,NaN
187,0.00000,29851,0,29851,29851,29851,7.89083,313.59842,79.50000,3159.50000,0,0.11200,0.11200,0,0.00000,0,294.08298,29851,NaN,NaN,100,29851,1,79.50000,3159.50000,0,0,0.00000,0.00000,NaN
188,0.00000,24018,0,24018,24018,24018,17.61789,359.85158,177.50000,3625.50000,0,0.11200,0.11200,0,0.00000,0,236.61804,24018,NaN,NaN,100,24018,1,177.50000,3625.50000,0,0,0.00000,0.00000,NaN
189,0.00000,65535,0,65535,65535,65535,91.26563,292.95323,919.50000,2951.50000,0,0.11200,0.11200,0,0.00000,0,645.63091,65535,NaN,NaN,100,65535,1,919.50000,2951.50000,0,0,0.00000,0.00000,NaN
190,0.00000,61075,0,61075,61075,61075,95.83139,296.52644,965.50000,2987.50000,0,0.11200,0.11200,0,0.00000,0,601.69235,61075,NaN,Infinity,100,61075,1,965.50000,2987.50000,0,0,0.00000,0.00000,NaN
191,0.00000,18528,0,18528,18528,18528,92.85372,288.58598,935.50000,2907.50000,0,0.11200,0.11200,0,0.00000,0,182.53223,18528,NaN,NaN,100,18528,1,935.50000,2907.50000,0,0,0.00000,0.00000,NaN
192,0.00000,11322,0,11322,11322,11322,84.91326,286.00533,855.50000,2881.50000,0,0.11200,0.11200,0,0.00000,0,111.54090,11322,NaN,NaN,100,11322,1,855.50000,2881.50000,0,0,0.00000,0.00000,NaN
193,0.00000,10293,0,10293,10293,10293,82.33261,281.63808,829.50000,2837.50000,0,0.11200,0.11200,0,0.00000,0,101.40351,10293,NaN,Infinity,100,10293,1,829.50000,2837.50000,0,0,0.00000,0.00000,NaN
194,0.00000,7548,0,7548,7548,7548,87.09689,273.49911,877.50000,2755.50000,0,0.11200,0.11200,0,0.00000,0,74.36060,7548,NaN,NaN,100,7548,1,877.50000,2755.50000,0,0,0.00000,0.00000,NaN
195,0.00000,1715,0,1715,1715,1715,89.67754,270.32293,903.50000,2723.50000,0,0.11200,0.11200,0,0.00000,0,16.89566,1715,NaN,NaN,100,1715,1,903.50000,2723.50000,0,0,0.00000,0.00000,NaN
196,0.00000,54213,0,54213,54213,54213,93.44925,276.67529,941.50000,2787.50000,0,0.11200,0.11200,0,0.00000,0,534.09001,54213,NaN,NaN,100,54213,1,941.50000,2787.50000,0,0,0.00000,0.00000,NaN
197,0.00000,46321,0,46321,46321,46321,95.03734,279.45445,957.50000,2815.50000,0,0.11200,0.11200,0,0.00000,0,456.34042,46321,NaN,NaN,100,46321,1,957.50000,2815.50000,0,0,0.00000,0.00000,NaN
198,0.00000,50781,0,50781,50781,50781,99.00757,276.27827,997.50000,2783.50000,0,0.11200,0.11200,0,0.00000,0,500.27899,50781,NaN,-Infinity,100,50781,1,997.50000,2783.50000,0,0,0.00000,0.00000,NaN
199,0.00000,28135,0,28135,28135,28135,100.19864,272.90358,1009.50000,2749.50000,0,0.11200,0.11200,0,0.00000,0,277.17747,28135,NaN,NaN,100,28135,1,1009.50000,2749.50000,0,0,0.00000,0.00000,NaN
200,0.00000,24361,0,24361,24361,24361,98.21353,272.90358,989.50000,2749.50000,0,0.11200,0.11200,0,0.00000,0,239.99717,24361,NaN,-Infinity,100,24361,1,989.50000,2749.50000,0,0,0.00000,0.00000,NaN
201,0.00000,20244,0,20244,20244,20244,97.61799,269.52888,983.50000,2715.50000,0,0.11200,0.11200,0,0.00000,0,199.43774,20244,NaN,NaN,100,20244,1,983.50000,2715.50000,0,0,0.00000,0.00000,NaN
202,0.00000,49409,0,49409,49409,49409,68.63532,310.62075,691.50000,3129.50000,0,0.11200,0.11200,0,0.00000,0,486.76246,49409,NaN,NaN,100,49409,1,691.50000,3129.50000,0,0,0.00000,0.00000,NaN
203,0.00000,37400,0,37400,37400,37400,104.16887,273.89614,1049.50000,2759.50000,0,0.11200,0.11200,0,0.00000,0,368.45344,37400,NaN,NaN,100,37400,1,1049.50000,2759.50000,0,0,0.00000,0.00000,NaN
204,0.00000,343,0,343,343,343,102.18375,281.04255,1029.50000,2831.50000,0,0.11200,0.11200,0,0.00000,0,3.37913,343,NaN,NaN,100,343,1,1029.50000,2831.50000,0,0,0.00000,0.00000,NaN
205,0.00000,21273,0,21273,21273,21273,102.58078,268.73484,1033.50000,2707.50000,0,0.11200,0.11200,0,0.00000,0,209.57513,21273,NaN,NaN,100,21273,1,1033.50000,2707.50000,0,0,0.00000,0.00000,NaN
206,0.00000,8234,0,8234,8234,8234,58.51124,332.85403,589.50000,3353.50000,0,0.11200,0.11200,0,0.00000,0,81.11887,8234,NaN,NaN,100,8234,1,589.50000,3353.50000,0,0,0.00000,0.00000,NaN
207,0.00000,65535,0,65535,65535,65535,30.91815,369.18162,311.50000,3719.50000,0,0.11200,0.11200,0,0.00000,0,645.63091,65535,NaN,NaN,100,65535,1,311.50000,3719.50000,0,0,0.00000,0.00000,NaN
208,0.00000,65535,0,65535,65535,65535,24.56579,367.39502,247.50000,3701.50000,0,0.11200,0.11200,0,0.00000,0,645.63091,65535,NaN,NaN,100,65535,1,247.50000,3701.50000,0,0,0.00000,0.00000,NaN
209,0.00000,65535,0,65535,65535,65535,24.76430,371.56375,249.50000,3743.50000,0,0.11200,0.11200,0,0.00000,0,645.63091,65535,NaN,NaN,100,65535,1,249.50000,3743.50000,0,0,0.00000,0.00000,NaN
210,0.00000,65535,0,65535,65535,65535,32.30773,375.13696,325.50000,3779.50000,0,0.11200,0.11200,0,0.00000,0,645.63091,65535,NaN,NaN,100,65535,1,325.50000,3779.50000,0,0,0.00000,0.00000,NaN
211,0.00000,47007,0,47007,47007,47007,41.04224,367.39502,413.50000,3701.50000,0,0.11200,0.11200,0,0.00000,0,463.09868,47007,NaN,Infinity,100,47007,1,413.50000,3701.50000,0,0,0.00000,0.00000,NaN
212,0.00000,25390,0,25390,25390,25390,52.35739,365.01288,527.50000,3677.50000,0,0.11200,0.11200,0,0.00000,0,250.13457,25390,NaN,NaN,100,25390,1,527.50000,3677.50000,0,0,0.00000,0.00000,NaN
213,0.00000,65535,0,65535,65535,65535,49.18120,360.64563,495.50000,3633.50000,0,0.11200,0.11200,0,0.00000,0,645.63091,65535,NaN,NaN,100,65535,1,495.50000,3633.50000,0,0,0.00000,0.00000,NaN
214,0.00000,65535,0,65535,65535,65535,63.87105,353.69773,643.50000,3563.50000,0,0.11200,0.11200,0,0.00000,0,645.63091,65535,NaN,NaN,100,65535,1,643.50000,3563.50000,0,0,0.00000,0.00000,NaN
215,0.00000,65535,0,65535,65535,65535,58.31273,354.29326,587.50000,3569.50000,0,0.11200,0.11200,0,0.00000,0,645.63091,65535,NaN,NaN,100,65535,1,587.50000,3569.50000,0,0,0.00000,0.00000,NaN
216,0.00000,21616,0,21616,21616,21616,106.94803,280.14924,1077.50000,2822.50000,0,0.11200,0.11200,0,0.00000,0,212.95427,21616,NaN,NaN,100,21616,1,1077.50000,2822.50000,0,0,0.00000,0.00000,NaN
217,0.00000,21616,0,21616,21616,21616,106.94803,280.14924,1077.50000,2822.50000,0,0.11200,0.11200,0,0.00000,0,212.95427,21616,NaN,NaN,100,21616,1,1077.50000,2822.50000,0,0,0.00000,0.00000,NaN
218,0.00000,26763,0,26763,26763,26763,123.92076,278.95818,1248.50000,2810.50000,0,0.11200,0.11200,0,0.00000,0,263.66095,26763,NaN,NaN,100,26763,1,1248.50000,2810.50000,0,0,0.00000,0.00000,NaN
219,0.00000,11322,0,11322,11322,11322,121.24085,282.53138,1221.50000,2846.50000,0,0.11200,0.11200,0,0.00000,0,111.54090,11322,NaN,NaN,100,11322,1,1221.50000,2846.50000,0,0,0.00000,0.00000,NaN
220,0.00000,19557,0,19557,19557,19557,120.94308,298.01527,1218.50000,3002.50000,0,0.11200,0.11200,0,0.00000,0,192.66962,19557,NaN,-Infinity,100,19557,1,1218.50000,3002.50000,0,0,0.00000,0.00000,NaN
221,0.00000,3088,0,3088,3088,3088,115.58328,299.80188,1164.50000,3020.50000,0,0.11200,0.11200,0,0.00000,0,30.42204,3088,NaN,NaN,100,3088,1,1164.50000,3020.50000,0,0,0.00000,0.00000,NaN
222,0.00000,13038,0,13038,13038,13038,116.77434,295.03760,1176.50000,2972.50000,0,0.11200,0.11200,0,0.00000,0,128.44642,13038,NaN,NaN,100,13038,1,1176.50000,2972.50000,0,0,0.00000,0.00000,NaN
223,0.00000,25734,0,25734,25734,25734,112.30784,296.22867,1131.50000,2984.50000,0,0.11200,0.11200,0,0.00000,0,253.52355,25734,NaN,NaN,100,25734,1,1131.50000,2984.50000,0,0,0.00000,0.00000,NaN
224,0.00000,61075,0,61075,61075,61075,142.68008,309.03266,1437.50000,3113.50000,0,0.11200,0.11200,0,0.00000,0,601.69235,61075,NaN,Infinity,100,61075,1,1437.50000,3113.50000,0,0,0.00000,0.00000,NaN
225,0.00000,29508,0,29508,29508,29508,145.06222,362.63074,1461.50000,3653.50000,0,0.11200,0.11200,0,0.00000,0,290.70385,29508,NaN,NaN,100,29508,1,1461.50000,3653.50000,0,0,0.00000,0.00000,NaN
226,0.00000,29508,0,29508,29508,29508,145.06222,362.63074,1461.50000,3653.50000,0,0.11200,0.11200,0,0.00000,0,290.70385,29508,NaN,NaN,100,29508,1,1461.50000,3653.50000,0,0,0.00000,0.00000,NaN
227,0.00000,44262,0,44262,44262,44262,140.00018,362.92851,1410.50000,3656.50000,0,0.11200,0.11200,0,0.00000,0,436.05578,44262,NaN,-Infinity,100,44262,1,1410.50000,3656.50000,0,0,0.00000,0.00000,NaN
228,0.00000,36713,0,36713,36713,36713,22.67993,399.25610,228.50000,4022.50000,0,0.11200,0.11200,0,0.00000,0,361.68532,36713,NaN,NaN,100,36713,1,228.50000,4022.50000,0,0,0.00000,0.00000,NaN
229,0.00000,65535,0,65535,65535,65535,21.78663,394.78959,219.50000,3977.50000,0,0.11200,0.11200,0,0.00000,0,645.63091,65535,NaN,NaN,100,65535,1,219.50000,3977.50000,0,0,0.00000,0.00000,NaN
230,0.00000,54213,0,54213,54213,54213,21.78663,396.27843,219.50000,3992.50000,0,0.11200,0.11200,0,0.00000,0,534.09001,54213,NaN,NaN,100,54213,1,219.50000,3992.50000,0,0,0.00000,0.00000,NaN
231,0.00000,33968,0,33968,33968,33968,19.40449,388.23871,195.50000,3911.50000,0,0.11200,0.11200,0,0.00000,0,334.64242,33968,NaN,NaN,100,33968,1,195.50000,3911.50000,0,0,0.00000,0.00000,NaN
232,0.00000,58330,0,58330,58330,58330,16.72459,390.91862,168.50000,3938.50000,0,0.11200,0.11200,0,0.00000,0,574.64944,58330,NaN,NaN,100,58330,1,168.50000,3938.50000,0,0,0.00000,0.00000,NaN
233,0.00000,65535,0,65535,65535,65535,18.51119,384.96328,186.50000,3878.50000,0,0.11200,0.11200,0,0.00000,0,645.63091,65535,NaN,NaN,100,65535,1,186.50000,3878.50000,0,0,0.00000,0.00000,NaN
234,0.00000,65535,0,65535,65535,65535,13.44915,383.47444,135.50000,3863.50000,0,0.11200,0.11200,0,0.00000,0,645.63091,65535,NaN,NaN,100,65535,1,135.50000,3863.50000,0,0,0.00000,0.00000,NaN
235,0.00000,65535,0,65535,65535,65535,10.76924,381.09230,108.50000,3839.50000,0,0.11200,0.11200,0,0.00000,0,645.63091,65535,NaN,NaN,100,65535,1,108.50000,3839.50000,0,0,0.00000,0.00000,NaN
236,0.00000,65535,0,65535,65535,65535,14.04468,379.90123,141.50000,3827.50000,0,0.11200,0.11200,0,0.00000,0,645.63091,65535,NaN,NaN,100,65535,1,141.50000,3827.50000,0,0,0.00000,0.00000,NaN
237,0.00000,65535,0,65535,65535,65535,15.53352,375.43473,156.50000,3782.50000,0,0.11200,0.11200,0,0.00000,0,645.63091,65535,NaN,NaN,100,65535,1,156.50000,3782.50000,0,0,0.00000,0.00000,NaN
238,0.00000,65535,0,65535,65535,65535,9.28041,377.51910,93.50000,3803.50000,0,0.11200,0.11200,0,0.00000,0,645.63091,65535,NaN,NaN,100,65535,1,93.50000,3803.50000,0,0,0.00000,0.00000,NaN
239,0.00000,65535,0,65535,65535,65535,26.84867,376.32803,270.50000,3791.50000,0,0.11200,0.11200,0,0.00000,0,645.63091,65535,NaN,NaN,100,65535,1,270.50000,3791.50000,0,0,0.00000,0.00000,NaN
240,0.00000,65535,0,65535,65535,65535,56.32762,374.54143,567.50000,3773.50000,0,0.11200,0.11200,0,0.00000,0,645.63091,65535,NaN,NaN,100,65535,1,567.50000,3773.50000,0,0,0.00000,0.00000,NaN
241,0.00000,23675,0,23675,23675,23675,53.05218,376.92356,534.50000,3797.50000,0,0.11200,0.11200,0,0.00000,0,233.23891,23675,NaN,NaN,100,23675,1,534.50000,3797.50000,0,0,0.00000,0.00000,NaN
242,0.00000,37057,0,37057,37057,37057,48.28790,374.24366,486.50000,3770.50000,0,0.11200,0.11200,0,0.00000,0,365.07431,37057,NaN,NaN,100,37057,1,486.50000,3770.50000,0,0,0.00000,0.00000,NaN
243,0.00000,25734,0,25734,25734,25734,51.86111,368.88385,522.50000,3716.50000,0,0.11200,0.11200,0,0.00000,0,253.52355,25734,NaN,NaN,100,25734,1,522.50000,3716.50000,0,0,0.00000,0.00000,NaN
244,0.00000,34655,0,34655,34655,34655,74.09439,388.04020,746.50000,3909.50000,0,0.11200,0.11200,0,0.00000,0,341.41053,34655,NaN,NaN,100,34655,1,746.50000,3909.50000,0,0,0.00000,0.00000,NaN
245,0.00000,17842,0,17842,17842,17842,71.51374,382.48188,720.50000,3853.50000,0,0.11200,0.11200,0,0.00000,0,175.77396,17842,NaN,NaN,100,17842,1,720.50000,3853.50000,0,0,0.00000,0.00000,NaN
246,0.00000,44605,0,44605,44605,44605,96.92320,372.35780,976.50000,3751.50000,0,0.11200,0.11200,0,0.00000,0,439.43491,44605,NaN,NaN,100,44605,1,976.50000,3751.50000,0,0,0.00000,0.00000,NaN
247,0.00000,53869,0,53869,53869,53869,101.68748,371.16673,1024.50000,3739.50000,0,0.11200,0.11200,0,0.00000,0,530.70102,53869,NaN,NaN,100,53869,1,1024.50000,3739.50000,0,0,0.00000,0.00000,NaN
248,0.00000,52840,0,52840,52840,52840,56.82389,394.59108,572.50000,3975.50000,0,0.11200,0.11200,0,0.00000,0,520.56363,52840,NaN,NaN,100,52840,1,572.50000,3975.50000,0,0,0.00000,0.00000,NaN
249,0.00000,55585,0,55585,55585,55585,59.80157,396.97322,602.50000,3999.50000,0,0.11200,0.11200,0,0.00000,0,547.60653,55585,NaN,-Infinity,100,55585,1,602.50000,3999.50000,0,0,0.00000,0.00000,NaN
250,0.00000,61418,0,61418,61418,61418,58.41199,399.55387,588.50000,4025.50000,0,0.11200,0.11200,0,0.00000,0,605.07148,61418,NaN,NaN,100,61418,1,588.50000,4025.50000,0,0,0.00000,0.00000,NaN
251,0.00000,65535,0,65535,65535,65535,55.43431,398.95833,558.50000,4019.50000,0,0.11200,0.11200,0,0.00000,0,645.63091,65535,NaN,NaN,100,65535,1,558.50000,4019.50000,0,0,0.00000,0.00000,NaN
252,0.00000,36713,0,36713,36713,36713,53.25069,402.73005,536.50000,4057.50000,0,0.11200,0.11200,0,0.00000,0,361.68532,36713,NaN,NaN,100,36713,1,536.50000,4057.50000,0,0,0.00000,0.00000,NaN
253,0.00000,65535,0,65535,65535,65535,64.36733,395.38513,648.50000,3983.50000,0,0.11200,0.11200,0,0.00000,0,645.63091,65535,NaN,NaN,100,65535,1,648.50000,3983.50000,0,0,0.00000,0.00000,NaN
254,0.00000,40488,0,40488,40488,40488,62.38221,396.17917,628.50000,3991.50000,0,0.11200,0.11200,0,0.00000,0,398.87548,40488,NaN,NaN,100,40488,1,628.50000,3991.50000,0,0,0.00000,0.00000,NaN
255,0.00000,27792,0,27792,27792,27792,73.10183,393.00299,736.50000,3959.50000,0,0.11200,0.11200,0,0.00000,0,273.79834,27792,NaN,NaN,100,27792,1,736.50000,3959.50000,0,0,0.00000,0.00000,NaN
256,0.00000,9607,0,9607,9607,9607,80.24824,405.90623,808.50000,4089.50000,0,0.11200,0.11200,0,0.00000,0,94.64525,9607,NaN,NaN,100,9607,1,808.50000,4089.50000,0,0,0.00000,0.00000,NaN
257,0.00000,30880,0,30880,30880,30880,82.63038,405.31070,832.50000,4083.50000,0,0.11200,0.11200,0,0.00000,0,304.22038,30880,NaN,NaN,100,30880,1,832.50000,4083.50000,0,0,0.00000,0.00000,NaN
258,0.00000,9264,0,9264,9264,9264,83.42443,409.47944,840.50000,4125.50000,0,0.11200,0.11200,0,0.00000,0,91.26611,9264,NaN,NaN,100,9264,1,840.50000,4125.50000,0,0,0.00000,0.00000,NaN
259,0.00000,12009,0,12009,12009,12009,89.18126,410.67051,898.50000,4137.50000,0,0.11200,0.11200,0,0.00000,0,118.30902,12009,NaN,NaN,100,12009,1,898.50000,4137.50000,0,0,0.00000,0.00000,NaN
260,0.00000,21616,0,21616,21616,21616,86.60061,413.84669,872.50000,4169.50000,0,0.11200,0.11200,0,0.00000,0,212.95427,21616,NaN,NaN,100,21616,1,872.50000,4169.50000,0,0,0.00000,0.00000,NaN
261,0.00000,57987,0,57987,57987,57987,86.00507,419.00798,866.50000,4221.50000,0,0.11200,0.11200,0,0.00000,0,571.27031,57987,NaN,NaN,100,57987,1,866.50000,4221.50000,0,0,0.00000,0.00000,NaN
262,0.00000,21273,0,21273,21273,21273,91.96042,420.59608,926.50000,4237.50000,0,0.11200,0.11200,0,0.00000,0,209.57513,21273,NaN,NaN,100,21273,1,926.50000,4237.50000,0,0,0.00000,0.00000,NaN
263,0.00000,15783,0,15783,15783,15783,91.76191,415.83180,924.50000,4189.50000,0,0.11200,0.11200,0,0.00000,0,155.48932,15783,NaN,NaN,100,15783,1,924.50000,4189.50000,0,0,0.00000,0.00000,NaN
264,0.00000,21616,0,21616,21616,21616,95.33511,409.28093,960.50000,4123.50000,0,0.11200,0.11200,0,0.00000,0,212.95427,21616,NaN,NaN,100,21616,1,960.50000,4123.50000,0,0,0.00000,0.00000,NaN
265,0.00000,20587,0,20587,20587,20587,72.70481,407.69283,732.50000,4107.50000,0,0.11200,0.11200,0,0.00000,0,202.81687,20587,NaN,-Infinity,100,20587,1,732.50000,4107.50000,0,0,0.00000,0.00000,NaN
266,0.00000,29508,0,29508,29508,29508,81.04229,401.53898,816.50000,4045.50000,0,0.11200,0.11200,0,0.00000,0,290.70385,29508,NaN,NaN,100,29508,1,816.50000,4045.50000,0,0,0.00000,0.00000,NaN
267,0.00000,34998,0,34998,34998,34998,88.38721,400.94345,890.50000,4039.50000,0,0.11200,0.11200,0,0.00000,0,344.78966,34998,NaN,Infinity,100,34998,1,890.50000,4039.50000,0,0,0.00000,0.00000,NaN
268,0.00000,41860,0,41860,41860,41860,108.03984,406.30325,1088.50000,4093.50000,0,0.11200,0.11200,0,0.00000,0,412.39200,41860,NaN,Infinity,100,41860,1,1088.50000,4093.50000,0,0,0.00000,0.00000,NaN
269,0.00000,36370,0,36370,36370,36370,112.01007,405.90623,1128.50000,4089.50000,0,0.11200,0.11200,0,0.00000,0,358.30619,36370,NaN,NaN,100,36370,1,1128.50000,4089.50000,0,0,0.00000,0.00000,NaN
270,0.00000,25734,0,25734,25734,25734,105.65770,403.32558,1064.50000,4063.50000,0,0.11200,0.11200,0,0.00000,0,253.52355,25734,NaN,NaN,100,25734,1,1064.50000,4063.50000,0,0,0.00000,0.00000,NaN
271,0.00000,25390,0,25390,25390,25390,102.48152,400.74493,1032.50000,4037.50000,0,0.11200,0.11200,0,0.00000,0,250.13457,25390,NaN,NaN,100,25390,1,1032.50000,4037.50000,0,0,0.00000,0.00000,NaN
272,0.00000,13381,0,13381,13381,13381,109.23091,399.75238,1100.50000,4027.50000,0,0.11200,0.11200,0,0.00000,0,131.82555,13381,NaN,NaN,100,13381,1,1100.50000,4027.50000,0,0,0.00000,0.00000,NaN
273,0.00000,18185,0,18185,18185,18185,111.21602,396.97322,1120.50000,3999.50000,0,0.11200,0.11200,0,0.00000,0,179.15310,18185,NaN,NaN,100,18185,1,1120.50000,3999.50000,0,0,0.00000,0.00000,NaN
274,0.00000,60732,0,60732,60732,60732,108.43686,394.78959,1092.50000,3977.50000,0,0.11200,0.11200,0,0.00000,0,598.31321,60732,NaN,NaN,100,60732,1,1092.50000,3977.50000,0,0,0.00000,0.00000,NaN
275,0.00000,2401,0,2401,2401,2401,109.23091,391.21639,1100.50000,3941.50000,0,0.11200,0.11200,0,0.00000,0,23.65392,2401,NaN,NaN,100,2401,1,1100.50000,3941.50000,0,0,0.00000,0.00000,NaN
276,0.00000,15097,0,15097,15097,15097,104.86366,390.02532,1056.50000,3929.50000,0,0.11200,0.11200,0,0.00000,0,148.73106,15097,NaN,NaN,100,15097,1,1056.50000,3929.50000,0,0,0.00000,0.00000,NaN
277,0.00000,343,0,343,343,343,102.48152,388.04020,1032.50000,3909.50000,0,0.11200,0.11200,0,0.00000,0,3.37913,343,NaN,NaN,100,343,1,1032.50000,3909.50000,0,0,0.00000,0.00000,NaN
278,0.00000,41860,0,41860,41860,41860,98.70980,385.06253,994.50000,3879.50000,0,0.11200,0.11200,0,0.00000,0,412.39200,41860,NaN,Infinity,100,41860,1,994.50000,3879.50000,0,0,0.00000,0.00000,NaN
279,0.00000,65535,0,65535,65535,65535,104.66515,385.85658,1054.50000,3887.50000,0,0.11200,0.11200,0,0.00000,0,645.63091,65535,NaN,NaN,100,65535,1,1054.50000,3887.50000,0,0,0.00000,0.00000,NaN
280,0.00000,10636,0,10636,10636,10636,108.03984,387.64318,1088.50000,3905.50000,0,0.11200,0.11200,0,0.00000,0,104.78264,10636,NaN,NaN,100,10636,1,1088.50000,3905.50000,0,0,0.00000,0.00000,NaN
281,0.00000,12695,0,12695,12695,12695,116.57583,364.21883,1174.50000,3669.50000,0,0.11200,0.11200,0,0.00000,0,125.06728,12695,NaN,NaN,100,12695,1,1174.50000,3669.50000,0,0,0.00000,0.00000,NaN
282,0.00000,52154,0,52154,52154,52154,76.47653,461.09241,770.50000,4645.50000,0,0.11200,0.11200,0,0.00000,0,513.80536,52154,NaN,NaN,100,52154,1,770.50000,4645.50000,0,0,0.00000,0.00000,NaN
283,0.00000,24704,0,24704,24704,24704,71.51374,463.27603,720.50000,4667.50000,0,0.11200,0.11200,0,0.00000,0,243.37630,24704,NaN,NaN,100,24704,1,720.50000,4667.50000,0,0,0.00000,0.00000,NaN
284,0.00000,6519,0,6519,6519,6519,65.95542,462.68050,664.50000,4661.50000,0,0.11200,0.11200,0,0.00000,0,64.22321,6519,NaN,NaN,100,6519,1,664.50000,4661.50000,0,0,0.00000,0.00000,NaN
285,0.00000,45635,0,45635,45635,45635,85.21103,458.71027,858.50000,4621.50000,0,0.11200,0.11200,0,0.00000,0,449.58216,45635,NaN,-Infinity,100,45635,1,858.50000,4621.50000,0,0,0.00000,0.00000,NaN
286,0.00000,22989,0,22989,22989,22989,43.72214,487.09740,440.50000,4907.50000,0,0.11200,0.11200,0,0.00000,0,226.48064,22989,NaN,-Infinity,100,22989,1,440.50000,4907.50000,0,0,0.00000,0.00000,NaN
287,0.00000,11322,0,11322,11322,11322,43.12661,482.53164,434.50000,4861.50000,0,0.11200,0.11200,0,0.00000,0,111.54090,11322,NaN,NaN,100,11322,1,434.50000,4861.50000,0,0,0.00000,0.00000,NaN
288,0.00000,4117,0,4117,4117,4117,44.11916,477.37034,444.50000,4809.50000,0,0.11200,0.11200,0,0.00000,0,40.55943,4117,NaN,NaN,100,4117,1,444.50000,4809.50000,0,0,0.00000,0.00000,NaN
289,0.00000,30537,0,30537,30537,30537,45.31023,473.00309,456.50000,4765.50000,0,0.11200,0.11200,0,0.00000,0,300.84125,30537,NaN,NaN,100,30537,1,456.50000,4765.50000,0,0,0.00000,0.00000,NaN
290,0.00000,47693,0,47693,47693,47693,45.11172,469.62840,454.50000,4731.50000,0,0.11200,0.11200,0,0.00000,0,469.85695,47693,NaN,Infinity,100,47693,1,454.50000,4731.50000,0,0,0.00000,0.00000,NaN
291,0.00000,28135,0,28135,28135,28135,47.89088,478.56141,482.50000,4821.50000,0,0.11200,0.11200,0,0.00000,0,277.17747,28135,NaN,NaN,100,28135,1,482.50000,4821.50000,0,0,0.00000,0.00000,NaN
292,0.00000,2401,0,2401,2401,2401,47.69237,484.11973,480.50000,4877.50000,0,0.11200,0.11200,0,0.00000,0,23.65392,2401,NaN,NaN,100,2401,1,480.50000,4877.50000,0,0,0.00000,0.00000,NaN
293,0.00000,6862,0,6862,6862,6862,47.69237,487.09740,480.50000,4907.50000,0,0.11200,0.11200,0,0.00000,0,67.60234,6862,NaN,NaN,100,6862,1,480.50000,4907.50000,0,0,0.00000,0.00000,NaN
294,0.00000,8234,0,8234,8234,8234,69.92565,489.67805,704.50000,4933.50000,0,0.11200,0.11200,0,0.00000,0,81.11887,8234,NaN,NaN,100,8234,1,704.50000,4933.50000,0,0,0.00000,0.00000,NaN
295,0.00000,37743,0,37743,37743,37743,77.86611,456.32813,784.50000,4597.50000,0,0.11200,0.11200,0,0.00000,0,371.83257,37743,NaN,NaN,100,37743,1,784.50000,4597.50000,0,0,0.00000,0.00000,NaN
296,0.00000,65535,0,65535,65535,65535,98.31278,466.84924,990.50000,4703.50000,0,0.11200,0.11200,0,0.00000,0,645.63091,65535,NaN,NaN,100,65535,1,990.50000,4703.50000,0,0,0.00000,0.00000,NaN
297,0.00000,8921,0,8921,8921,8921,102.28301,464.26859,1030.50000,4677.50000,0,0.11200,0.11200,0,0.00000,0,87.88698,8921,NaN,NaN,100,8921,1,1030.50000,4677.50000,0,0,0.00000,0.00000,NaN
298,0.00000,9264,0,9264,9264,9264,99.50385,462.08496,1002.50000,4655.50000,0,0.11200,0.11200,0,0.00000,0,91.26611,9264,NaN,NaN,100,9264,1,1002.50000,4655.50000,0,0,0.00000,0.00000,NaN
299,0.00000,26420,0,26420,26420,26420,93.15148,463.47454,938.50000,4669.50000,0,0.11200,0.11200,0,0.00000,0,260.28181,26420,NaN,NaN,100,26420,1,938.50000,4669.50000,0,0,0.00000,0.00000,NaN
300,0.00000,13724,0,13724,13724,13724,85.80656,454.74004,864.50000,4581.50000,0,0.11200,0.11200,0,0.00000,0,135.20468,13724,NaN,NaN,100,13724,1,864.50000,4581.50000,0,0,0.00000,0.00000,NaN
301,0.00000,7548,0,7548,7548,7548,83.42443,456.32813,840.50000,4597.50000,0,0.11200,0.11200,0,0.00000,0,74.36060,7548,NaN,NaN,100,7548,1,840.50000,4597.50000,0,0,0.00000,0.00000,NaN
302,0.00000,18528,0,18528,18528,18528,104.66515,441.83680,1054.50000,4451.50000,0,0.11200,0.11200,0,0.00000,0,182.53223,18528,NaN,NaN,100,18528,1,1054.50000,4451.50000,0,0,0.00000,0.00000,NaN
303,0.00000,47693,0,47693,47693,47693,108.03984,444.21894,1088.50000,4475.50000,0,0.11200,0.11200,0,0.00000,0,469.85695,47693,NaN,Infinity,100,47693,1,1088.50000,4475.50000,0,0,0.00000,0.00000,NaN
304,0.00000,22302,0,22302,22302,22302,109.03240,442.23382,1098.50000,4455.50000,0,0.11200,0.11200,0,0.00000,0,219.71253,22302,NaN,NaN,100,22302,1,1098.50000,4455.50000,0,0,0.00000,0.00000,NaN
305,0.00000,35341,0,35341,35341,35341,94.93809,425.36035,956.50000,4285.50000,0,0.11200,0.11200,0,0.00000,0,348.16880,35341,NaN,NaN,100,35341,1,956.50000,4285.50000,0,0,0.00000,0.00000,NaN
306,0.00000,24018,0,24018,24018,24018,97.12171,422.58119,978.50000,4257.50000,0,0.11200,0.11200,0,0.00000,0,236.61804,24018,NaN,NaN,100,24018,1,978.50000,4257.50000,0,0,0.00000,0.00000,NaN
307,0.00000,13381,0,13381,13381,13381,87.59317,423.17672,882.50000,4263.50000,0,0.11200,0.11200,0,0.00000,0,131.82555,13381,NaN,NaN,100,13381,1,882.50000,4263.50000,0,0,0.00000,0.00000,NaN
308,0.00000,17156,0,17156,17156,17156,83.42443,424.56630,840.50000,4277.50000,0,0.11200,0.11200,0,0.00000,0,169.01570,17156,NaN,NaN,100,17156,1,840.50000,4277.50000,0,0,0.00000,0.00000,NaN
309,0.00000,22302,0,22302,22302,22302,80.44675,426.35291,810.50000,4295.50000,0,0.11200,0.11200,0,0.00000,0,219.71253,22302,NaN,NaN,100,22302,1,810.50000,4295.50000,0,0,0.00000,0.00000,NaN
310,0.00000,6862,0,6862,6862,6862,132.85377,384.06997,1338.50000,3869.50000,0,0.11200,0.11200,0,0.00000,0,67.60234,6862,NaN,NaN,100,6862,1,1338.50000,3869.50000,0,0,0.00000,0.00000,NaN
311,0.00000,23332,0,23332,23332,23332,135.03740,375.93101,1360.50000,3787.50000,0,0.11200,0.11200,0,0.00000,0,229.85978,23332,NaN,NaN,100,23332,1,1360.50000,3787.50000,0,0,0.00000,0.00000,NaN
312,0.00000,12695,0,12695,12695,12695,140.19869,382.28337,1412.50000,3851.50000,0,0.11200,0.11200,0,0.00000,0,125.06728,12695,NaN,NaN,100,12695,1,1412.50000,3851.50000,0,0,0.00000,0.00000,NaN
313,0.00000,4803,0,4803,4803,4803,137.41953,358.85902,1384.50000,3615.50000,0,0.11200,0.11200,0,0.00000,0,47.31770,4803,NaN,NaN,100,4803,1,1384.50000,3615.50000,0,0,0.00000,0.00000,NaN
314,0.00000,28478,0,28478,28478,28478,131.26568,356.87391,1322.50000,3595.50000,0,0.11200,0.11200,0,0.00000,0,280.55660,28478,NaN,NaN,100,28478,1,1322.50000,3595.50000,0,0,0.00000,0.00000,NaN
315,0.00000,47693,0,47693,47693,47693,134.44186,354.88880,1354.50000,3575.50000,0,0.11200,0.11200,0,0.00000,0,469.85695,47693,NaN,Infinity,100,47693,1,1354.50000,3575.50000,0,0,0.00000,0.00000,NaN
316,0.00000,5489,0,5489,5489,5489,137.02251,355.48433,1380.50000,3581.50000,0,0.11200,0.11200,0,0.00000,0,54.07596,5489,NaN,NaN,100,5489,1,1380.50000,3581.50000,0,0,0.00000,0.00000,NaN
317,0.00000,33625,0,33625,33625,33625,116.37732,359.45456,1172.50000,3621.50000,0,0.11200,0.11200,0,0.00000,0,331.26328,33625,NaN,NaN,100,33625,1,1172.50000,3621.50000,0,0,0.00000,0.00000,NaN
318,0.00000,31910,0,31910,31910,31910,132.65526,365.01288,1336.50000,3677.50000,0,0.11200,0.11200,0,0.00000,0,314.36763,31910,NaN,NaN,100,31910,1,1336.50000,3677.50000,0,0,0.00000,0.00000,NaN
319,0.00000,32253,0,32253,32253,32253,113.99518,465.85668,1148.50000,4693.50000,0,0.11200,0.11200,0,0.00000,0,317.74676,32253,NaN,-Infinity,100,32253,1,1148.50000,4693.50000,0,0,0.00000,0.00000,NaN
320,0.00000,6862,0,6862,6862,6862,105.26068,461.09241,1060.50000,4645.50000,0,0.11200,0.11200,0,0.00000,0,67.60234,6862,NaN,NaN,100,6862,1,1060.50000,4645.50000,0,0,0.00000,0.00000,NaN
321,0.00000,18185,0,18185,18185,18185,111.21602,454.34302,1120.50000,4577.50000,0,0.11200,0.11200,0,0.00000,0,179.15310,18185,NaN,NaN,100,18185,1,1120.50000,4577.50000,0,0,0.00000,0.00000,NaN
322,0.00000,29508,0,29508,29508,29508,106.45175,452.55642,1072.50000,4559.50000,0,0.11200,0.11200,0,0.00000,0,290.70385,29508,NaN,NaN,100,29508,1,1072.50000,4559.50000,0,0,0.00000,0.00000,NaN
323,0.00000,49752,0,49752,49752,49752,111.21602,448.98321,1120.50000,4523.50000,0,0.11200,0.11200,0,0.00000,0,490.14159,49752,NaN,NaN,100,49752,1,1120.50000,4523.50000,0,0,0.00000,0.00000,NaN
324,0.00000,16812,0,16812,16812,16812,123.72224,473.99565,1246.50000,4775.50000,0,0.11200,0.11200,0,0.00000,0,165.62672,16812,NaN,NaN,100,16812,1,1246.50000,4775.50000,0,0,0.00000,0.00000,NaN
325,0.00000,6519,0,6519,6519,6519,128.48652,473.00309,1294.50000,4765.50000,0,0.11200,0.11200,0,0.00000,0,64.22321,6519,NaN,NaN,100,6519,1,1294.50000,4765.50000,0,0,0.00000,0.00000,NaN
326,0.00000,13381,0,13381,13381,13381,128.28801,472.20905,1292.50000,4757.50000,0,0.11200,0.11200,0,0.00000,0,131.82555,13381,NaN,NaN,100,13381,1,1292.50000,4757.50000,0,0,0.00000,0.00000,NaN
327,0.00000,3774,0,3774,3774,3774,91.16637,472.20905,918.50000,4757.50000,0,0.11200,0.11200,0,0.00000,0,37.18030,3774,NaN,NaN,100,3774,1,918.50000,4757.50000,0,0,0.00000,0.00000,NaN
328,0.00000,12695,0,12695,12695,12695,80.64527,478.16439,812.50000,4817.50000,0,0.11200,0.11200,0,0.00000,0,125.06728,12695,NaN,NaN,100,12695,1,812.50000,4817.50000,0,0,0.00000,0.00000,NaN
329,0.00000,31567,0,31567,31567,31567,76.67504,477.56885,772.50000,4811.50000,0,0.11200,0.11200,0,0.00000,0,310.98849,31567,NaN,-Infinity,100,31567,1,772.50000,4811.50000,0,0,0.00000,0.00000,NaN
330,0.00000,4803,0,4803,4803,4803,90.37233,480.94355,910.50000,4845.50000,0,0.11200,0.11200,0,0.00000,0,47.31770,4803,NaN,NaN,100,4803,1,910.50000,4845.50000,0,0,0.00000,0.00000,NaN
331,0.00000,29851,0,29851,29851,29851,86.60061,479.75248,872.50000,4833.50000,0,0.11200,0.11200,0,0.00000,0,294.08298,29851,NaN,NaN,100,29851,1,872.50000,4833.50000,0,0,0.00000,0.00000,NaN
332,0.00000,17156,0,17156,17156,17156,100.89343,478.95843,1016.50000,4825.50000,0,0.11200,0.11200,0,0.00000,0,169.01570,17156,NaN,NaN,100,17156,1,1016.50000,4825.50000,0,0,0.00000,0.00000,NaN
333,0.00000,23332,0,23332,23332,23332,114.19370,489.67805,1150.50000,4933.50000,0,0.11200,0.11200,0,0.00000,0,229.85978,23332,NaN,NaN,100,23332,1,1150.50000,4933.50000,0,0,0.00000,0.00000,NaN
334,0.00000,13724,0,13724,13724,13724,127.29545,489.47954,1282.50000,4931.50000,0,0.11200,0.11200,0,0.00000,0,135.20468,13724,NaN,NaN,100,13724,1,1282.50000,4931.50000,0,0,0.00000,0.00000,NaN
335,0.00000,22989,0,22989,22989,22989,132.65526,488.08996,1336.50000,4917.50000,0,0.11200,0.11200,0,0.00000,0,226.48064,22989,NaN,-Infinity,100,22989,1,1336.50000,4917.50000,0,0,0.00000,0.00000,NaN
336,0.00000,23675,0,23675,23675,23675,86.60061,489.67805,872.50000,4933.50000,0,0.11200,0.11200,0,0.00000,0,233.23891,23675,NaN,NaN,100,23675,1,872.50000,4933.50000,0,0,0.00000,0.00000,NaN
337,0.00000,31910,0,31910,31910,31910,87.59317,486.89889,882.50000,4905.50000,0,0.11200,0.11200,0,0.00000,0,314.36763,31910,NaN,NaN,100,31910,1,882.50000,4905.50000,0,0,0.00000,0.00000,NaN
338,0.00000,13038,0,13038,13038,13038,115.58328,412.65562,1164.50000,4157.50000,0,0.11200,0.11200,0,0.00000,0,128.44642,13038,NaN,NaN,100,13038,1,1164.50000,4157.50000,0,0,0.00000,0.00000,NaN
339,0.00000,31223,0,31223,31223,31223,115.98030,409.67795,1168.50000,4127.50000,0,0.11200,0.11200,0,0.00000,0,307.59951,31223,NaN,NaN,100,31223,1,1168.50000,4127.50000,0,0,0.00000,0.00000,NaN
340,0.00000,14411,0,14411,14411,14411,113.59816,415.03776,1144.50000,4181.50000,0,0.11200,0.11200,0,0.00000,0,141.97279,14411,NaN,NaN,100,14411,1,1144.50000,4181.50000,0,0,0.00000,0.00000,NaN
341,0.00000,11322,0,11322,11322,11322,111.21602,408.68539,1120.50000,4117.50000,0,0.11200,0.11200,0,0.00000,0,111.54090,11322,NaN,NaN,100,11322,1,1120.50000,4117.50000,0,0,0.00000,0.00000,NaN
342,0.00000,30880,0,30880,30880,30880,117.76690,398.36280,1186.50000,4013.50000,0,0.11200,0.11200,0,0.00000,0,304.22038,30880,NaN,NaN,100,30880,1,1186.50000,4013.50000,0,0,0.00000,0.00000,NaN
343,0.00000,5833,0,5833,5833,5833,86.79912,388.04020,874.50000,3909.50000,0,0.11200,0.11200,0,0.00000,0,57.46494,5833,NaN,NaN,100,5833,1,874.50000,3909.50000,0,0,0.00000,0.00000,NaN
344,0.00000,48379,0,48379,48379,48379,88.78423,375.33547,894.50000,3781.50000,0,0.11200,0.11200,0,0.00000,0,476.61521,48379,NaN,-Infinity,100,48379,1,894.50000,3781.50000,0,0,0.00000,0.00000,NaN
345,0.00000,20244,0,20244,20244,20244,125.90587,357.07242,1268.50000,3597.50000,0,0.11200,0.11200,0,0.00000,0,199.43774,20244,NaN,NaN,100,20244,1,1268.50000,3597.50000,0,0,0.00000,0.00000,NaN
346,0.00000,23332,0,23332,23332,23332,119.55350,356.47689,1204.50000,3591.50000,0,0.11200,0.11200,0,0.00000,0,229.85978,23332,NaN,NaN,100,23332,1,1204.50000,3591.50000,0,0,0.00000,0.00000,NaN
347,0.00000,45635,0,45635,45635,45635,56.02985,392.60597,564.50000,3955.50000,0,0.11200,0.11200,0,0.00000,0,449.58216,45635,NaN,-Infinity,100,45635,1,564.50000,3955.50000,0,0,0.00000,0.00000,NaN
348,0.00000,37743,0,37743,37743,37743,89.77679,453.54897,904.50000,4569.50000,0,0.11200,0.11200,0,0.00000,0,371.83257,37743,NaN,NaN,100,37743,1,904.50000,4569.50000,0,0,0.00000,0.00000,NaN
349,0.00000,37057,0,37057,37057,37057,87.99019,451.76237,886.50000,4551.50000,0,0.11200,0.11200,0,0.00000,0,365.07431,37057,NaN,NaN,100,37057,1,886.50000,4551.50000,0,0,0.00000,0.00000,NaN
350,0.00000,53183,0,53183,53183,53183,91.56339,451.56386,922.50000,4549.50000,0,0.11200,0.11200,0,0.00000,0,523.94276,53183,NaN,NaN,100,53183,1,922.50000,4549.50000,0,0,0.00000,0.00000,NaN
351,0.00000,10293,0,10293,10293,10293,114.39221,494.64084,1152.50000,4983.50000,0,0.11200,0.11200,0,0.00000,0,101.40351,10293,NaN,Infinity,100,10293,1,1152.50000,4983.50000,0,0,0.00000,0.00000,NaN
352,0.00000,19900,0,19900,19900,19900,94.64032,531.86173,953.50000,5358.50000,0,0.11200,0.11200,0,0.00000,0,196.04875,19900,NaN,NaN,100,19900,1,953.50000,5358.50000,0,0,0.00000,0.00000,NaN
353,0.00000,21616,0,21616,21616,21616,117.86616,522.33318,1187.50000,5262.50000,0,0.11200,0.11200,0,0.00000,0,212.95427,21616,NaN,NaN,100,21616,1,1187.50000,5262.50000,0,0,0.00000,0.00000,NaN
354,0.00000,3774,0,3774,3774,3774,134.54112,532.45726,1355.50000,5364.50000,0,0.11200,0.11200,0,0.00000,0,37.18030,3774,NaN,NaN,100,3774,1,1355.50000,5364.50000,0,0,0.00000,0.00000,NaN
355,0.00000,9264,0,9264,9264,9264,126.40215,546.15455,1273.50000,5502.50000,0,0.11200,0.11200,0,0.00000,0,91.26611,9264,NaN,NaN,100,9264,1,1273.50000,5502.50000,0,0,0.00000,0.00000,NaN
356,0.00000,3431,0,3431,3431,3431,142.48157,458.01548,1435.50000,4614.50000,0,0.11200,0.11200,0,0.00000,0,33.80117,3431,NaN,NaN,100,3431,1,1435.50000,4614.50000,0,0,0.00000,0.00000,NaN
357,0.00000,38429,0,38429,38429,38429,116.07955,444.91373,1169.50000,4482.50000,0,0.11200,0.11200,0,0.00000,0,378.59083,38429,NaN,NaN,100,38429,1,1169.50000,4482.50000,0,0,0.00000,0.00000,NaN
358,0.00000,15783,0,15783,15783,15783,55.53357,514.39272,559.50000,5182.50000,0,0.11200,0.11200,0,0.00000,0,155.48932,15783,NaN,NaN,100,15783,1,559.50000,5182.50000,0,0,0.00000,0.00000,NaN
359,0.00000,6519,0,6519,6519,6519,129.18131,488.38773,1301.50000,4920.50000,0,0.11200,0.11200,0,0.00000,0,64.22321,6519,NaN,NaN,100,6519,1,1301.50000,4920.50000,0,0,0.00000,0.00000,NaN
360,0.00000,18185,0,18185,18185,18185,117.86616,567.69304,1187.50000,5719.50000,0,0.11200,0.11200,0,0.00000,0,179.15310,18185,NaN,NaN,100,18185,1,1187.50000,5719.50000,0,0,0.00000,0.00000,NaN
361,0.00000,5489,0,5489,5489,5489,135.53367,569.47964,1365.50000,5737.50000,0,0.11200,0.11200,0,0.00000,0,54.07596,5489,NaN,NaN,100,5489,1,1365.50000,5737.50000,0,0,0.00000,0.00000,NaN
362,0.00000,20587,0,20587,20587,20587,139.30539,570.47220,1403.50000,5747.50000,0,0.11200,0.11200,0,0.00000,0,202.81687,20587,NaN,-Infinity,100,20587,1,1403.50000,5747.50000,0,0,0.00000,0.00000,NaN
363,0.00000,2058,0,2058,2058,2058,144.06966,566.10495,1451.50000,5703.50000,0,0.11200,0.11200,0,0.00000,0,20.27479,2058,NaN,NaN,100,2058,1,1451.50000,5703.50000,0,0,0.00000,0.00000,NaN
364,0.00000,20930,0,20930,20930,20930,143.87115,569.28113,1449.50000,5735.50000,0,0.11200,0.11200,0,0.00000,0,206.19600,20930,NaN,Infinity,100,20930,1,1449.50000,5735.50000,0,0,0.00000,0.00000,NaN
365,0.00000,20930,0,20930,20930,20930,146.25329,583.17693,1473.50000,5875.50000,0,0.11200,0.11200,0,0.00000,0,206.19600,20930,NaN,Infinity,100,20930,1,1473.50000,5875.50000,0,0,0.00000,0.00000,NaN
366,0.00000,7548,0,7548,7548,7548,146.45180,597.46975,1475.50000,6019.50000,0,0.11200,0.11200,0,0.00000,0,74.36060,7548,NaN,NaN,100,7548,1,1475.50000,6019.50000,0,0,0.00000,0.00000,NaN
367,0.00000,10979,0,10979,10979,10979,151.61310,606.00574,1527.50000,6105.50000,0,0.11200,0.11200,0,0.00000,0,108.16177,10979,NaN,NaN,100,10979,1,1527.50000,6105.50000,0,0,0.00000,0.00000,NaN
368,0.00000,13724,0,13724,13724,13724,134.14409,607.79235,1351.50000,6123.50000,0,0.11200,0.11200,0,0.00000,0,135.20468,13724,NaN,NaN,100,13724,1,1351.50000,6123.50000,0,0,0.00000,0.00000,NaN
369,0.00000,23332,0,23332,23332,23332,145.85627,613.94620,1469.50000,6185.50000,0,0.11200,0.11200,0,0.00000,0,229.85978,23332,NaN,NaN,100,23332,1,1469.50000,6185.50000,0,0,0.00000,0.00000,NaN
370,0.00000,24018,0,24018,24018,24018,141.68753,628.23902,1427.50000,6329.50000,0,0.11200,0.11200,0,0.00000,0,236.61804,24018,NaN,NaN,100,24018,1,1427.50000,6329.50000,0,0,0.00000,0.00000,NaN
371,0.00000,8234,0,8234,8234,8234,135.53367,617.71792,1365.50000,6223.50000,0,0.11200,0.11200,0,0.00000,0,81.11887,8234,NaN,NaN,100,8234,1,1365.50000,6223.50000,0,0,0.00000,0.00000,NaN
372,0.00000,1029,0,1029,1029,1029,119.45425,602.03552,1203.50000,6065.50000,0,0.11200,0.11200,0,0.00000,0,10.13740,1029,NaN,NaN,100,1029,1,1203.50000,6065.50000,0,0,0.00000,0.00000,NaN
373,0.00000,30880,0,30880,30880,30880,97.02246,654.24402,977.50000,6591.50000,0,0.11200,0.11200,0,0.00000,0,304.22038,30880,NaN,NaN,100,30880,1,977.50000,6591.50000,0,0,0.00000,0.00000,NaN
374,0.00000,10979,0,10979,10979,10979,124.02001,635.38544,1249.50000,6401.50000,0,0.11200,0.11200,0,0.00000,0,108.16177,10979,NaN,NaN,100,10979,1,1249.50000,6401.50000,0,0,0.00000,0.00000,NaN
375,0.00000,3431,0,3431,3431,3431,83.72219,496.03042,843.50000,4997.50000,0,0.11200,0.11200,0,0.00000,0,33.80117,3431,NaN,NaN,100,3431,1,843.50000,4997.50000,0,0,0.00000,0.00000,NaN
376,0.00000,32253,0,32253,32253,32253,70.02490,458.31325,705.50000,4617.50000,0,0.11200,0.11200,0,0.00000,0,317.74676,32253,NaN,-Infinity,100,32253,1,705.50000,4617.50000,0,0,0.00000,0.00000,NaN
377,0.00000,23675,0,23675,23675,23675,73.79662,457.71771,743.50000,4611.50000,0,0.11200,0.11200,0,0.00000,0,233.23891,23675,NaN,NaN,100,23675,1,743.50000,4611.50000,0,0,0.00000,0.00000,NaN
378,0.00000,17499,0,17499,17499,17499,58.70975,545.65827,591.50000,5497.50000,0,0.11200,0.11200,0,0.00000,0,172.39483,17499,NaN,Infinity,100,17499,1,591.50000,5497.50000,0,0,0.00000,0.00000,NaN
379,0.00000,1029,0,1029,1029,1029,125.01257,486.10485,1259.50000,4897.50000,0,0.11200,0.11200,0,0.00000,0,10.13740,1029,NaN,NaN,100,1029,1,1259.50000,4897.50000,0,0,0.00000,0.00000,NaN
380,0.00000,12695,0,12695,12695,12695,85.11177,463.87157,857.50000,4673.50000,0,0.11200,0.11200,0,0.00000,0,125.06728,12695,NaN,NaN,100,12695,1,857.50000,4673.50000,0,0,0.00000,0.00000,NaN
381,0.00000,11666,0,11666,11666,11666,81.34006,461.29092,819.50000,4647.50000,0,0.11200,0.11200,0,0.00000,0,114.92989,11666,NaN,NaN,100,11666,1,819.50000,4647.50000,0,0,0.00000,0.00000,NaN
382,0.00000,7548,0,7548,7548,7548,90.86860,459.50431,915.50000,4629.50000,0,0.11200,0.11200,0,0.00000,0,74.36060,7548,NaN,NaN,100,7548,1,915.50000,4629.50000,0,0,0.00000,0.00000,NaN
383,0.00000,26763,0,26763,26763,26763,116.07955,435.88146,1169.50000,4391.50000,0,0.11200,0.11200,0,0.00000,0,263.66095,26763,NaN,NaN,100,26763,1,1169.50000,4391.50000,0,0,0.00000,0.00000,NaN
384,0.00000,35341,0,35341,35341,35341,117.66765,433.10230,1185.50000,4363.50000,0,0.11200,0.11200,0,0.00000,0,348.16880,35341,NaN,NaN,100,35341,1,1185.50000,4363.50000,0,0,0.00000,0.00000,NaN
385,0.00000,3774,0,3774,3774,3774,87.69242,426.94844,883.50000,4301.50000,0,0.11200,0.11200,0,0.00000,0,37.18030,3774,NaN,NaN,100,3774,1,883.50000,4301.50000,0,0,0.00000,0.00000,NaN
386,0.00000,31910,0,31910,31910,31910,84.51624,404.31814,851.50000,4073.50000,0,0.11200,0.11200,0,0.00000,0,314.36763,31910,NaN,NaN,100,31910,1,851.50000,4073.50000,0,0,0.00000,0.00000,NaN
387,0.00000,40145,0,40145,40145,40145,65.26063,362.43223,657.50000,3651.50000,0,0.11200,0.11200,0,0.00000,0,395.49634,40145,NaN,-Infinity,100,40145,1,657.50000,3651.50000,0,0,0.00000,0.00000,NaN
388,0.00000,55928,0,55928,55928,55928,54.93804,360.24860,553.50000,3629.50000,0,0.11200,0.11200,0,0.00000,0,550.98567,55928,NaN,NaN,100,55928,1,553.50000,3629.50000,0,0,0.00000,0.00000,NaN
389,0.00000,2058,0,2058,2058,2058,77.96536,268.93335,785.50000,2709.50000,0,0.11200,0.11200,0,0.00000,0,20.27479,2058,NaN,NaN,100,2058,1,785.50000,2709.50000,0,0,0.00000,0.00000,NaN
390,0.00000,3774,0,3774,3774,3774,84.51624,266.35270,851.50000,2683.50000,0,0.11200,0.11200,0,0.00000,0,37.18030,3774,NaN,NaN,100,3774,1,851.50000,2683.50000,0,0,0.00000,0.00000,NaN
391,0.00000,23675,0,23675,23675,23675,43.82140,270.12442,441.50000,2721.50000,0,0.11200,0.11200,0,0.00000,0,233.23891,23675,NaN,NaN,100,23675,1,441.50000,2721.50000,0,0,0.00000,0.00000,NaN
392,0.00000,22645,0,22645,22645,22645,109.13165,264.96312,1099.50000,2669.50000,0,0.11200,0.11200,0,0.00000,0,223.09166,22645,NaN,-Infinity,100,22645,1,1099.50000,2669.50000,0,0,0.00000,0.00000,NaN
393,0.00000,63820,0,63820,63820,63820,112.10933,260.39736,1129.50000,2623.50000,0,0.11200,0.11200,0,0.00000,0,628.73525,63820,NaN,NaN,100,63820,1,1129.50000,2623.50000,0,0,0.00000,0.00000,NaN
394,0.00000,3774,0,3774,3774,3774,110.52123,274.49167,1113.50000,2765.50000,0,0.11200,0.11200,0,0.00000,0,37.18030,3774,NaN,NaN,100,3774,1,1113.50000,2765.50000,0,0,0.00000,0.00000,NaN
395,0.00000,10979,0,10979,10979,10979,108.53612,271.91102,1093.50000,2739.50000,0,0.11200,0.11200,0,0.00000,0,108.16177,10979,NaN,NaN,100,10979,1,1093.50000,2739.50000,0,0,0.00000,0.00000,NaN
396,0.00000,34312,0,34312,34312,34312,114.09444,290.76961,1149.50000,2929.50000,0,0.11200,0.11200,0,0.00000,0,338.03140,34312,NaN,NaN,100,34312,1,1149.50000,2929.50000,0,0,0.00000,0.00000,NaN
397,0.00000,26763,0,26763,26763,26763,108.33761,284.41724,1091.50000,2865.50000,0,0.11200,0.11200,0,0.00000,0,263.66095,26763,NaN,NaN,100,26763,1,1091.50000,2865.50000,0,0,0.00000,0.00000,NaN
398,0.00000,9264,0,9264,9264,9264,119.85127,278.26339,1207.50000,2803.50000,0,0.11200,0.11200,0,0.00000,0,91.26611,9264,NaN,NaN,100,9264,1,1207.50000,2803.50000,0,0,0.00000,0.00000,NaN
399,0.00000,60046,0,60046,60046,60046,125.60810,269.52888,1265.50000,2715.50000,0,0.11200,0.11200,0,0.00000,0,591.55495,60046,NaN,NaN,100,60046,1,1265.50000,2715.50000,0,0,0.00000,0.00000,NaN
400,0.00000,52840,0,52840,52840,52840,121.43936,263.77205,1223.50000,2657.50000,0,0.11200,0.11200,0,0.00000,0,520.56363,52840,NaN,NaN,100,52840,1,1223.50000,2657.50000,0,0,0.00000,0.00000,NaN
401,0.00000,50781,0,50781,50781,50781,78.56090,276.67529,791.50000,2787.50000,0,0.11200,0.11200,0,0.00000,0,500.27899,50781,NaN,-Infinity,100,50781,1,791.50000,2787.50000,0,0,0.00000,0.00000,NaN
402,0.00000,19214,0,19214,19214,19214,85.90582,238.16408,865.50000,2399.50000,0,0.11200,0.11200,0,0.00000,0,189.29049,19214,NaN,NaN,100,19214,1,865.50000,2399.50000,0,0,0.00000,0.00000,NaN
403,0.00000,21273,0,21273,21273,21273,111.31528,223.47423,1121.50000,2251.50000,0,0.11200,0.11200,0,0.00000,0,209.57513,21273,NaN,NaN,100,21273,1,1121.50000,2251.50000,0,0,0.00000,0.00000,NaN
404,0.00000,19214,0,19214,19214,19214,134.93814,293.54877,1359.50000,2957.50000,0,0.11200,0.11200,0,0.00000,0,189.29049,19214,NaN,NaN,100,19214,1,1359.50000,2957.50000,0,0,0.00000,0.00000,NaN
405,0.00000,2744,0,2744,2744,2744,134.14409,290.96812,1351.50000,2931.50000,0,0.11200,0.11200,0,0.00000,0,27.03305,2744,NaN,NaN,100,2744,1,1351.50000,2931.50000,0,0,0.00000,0.00000,NaN
406,0.00000,13724,0,13724,13724,13724,125.60810,283.02766,1265.50000,2851.50000,0,0.11200,0.11200,0,0.00000,0,135.20468,13724,NaN,NaN,100,13724,1,1265.50000,2851.50000,0,0,0.00000,0.00000,NaN
407,0.00000,65535,0,65535,65535,65535,66.65021,198.26328,671.50000,1997.50000,0,0.11200,0.11200,0,0.00000,0,645.63091,65535,NaN,NaN,100,65535,1,671.50000,1997.50000,0,0,0.00000,0.00000,NaN
408,0.00000,50438,0,50438,50438,50438,96.42692,200.24840,971.50000,2017.50000,0,0.11200,0.11200,0,0.00000,0,496.89985,50438,NaN,NaN,100,50438,1,971.50000,2017.50000,0,0,0.00000,0.00000,NaN
409,0.00000,25390,0,25390,25390,25390,105.16143,237.56854,1059.50000,2393.50000,0,0.11200,0.11200,0,0.00000,0,250.13457,25390,NaN,NaN,100,25390,1,1059.50000,2393.50000,0,0,0.00000,0.00000,NaN
410,0.00000,21273,0,21273,21273,21273,103.57333,241.34026,1043.50000,2431.50000,0,0.11200,0.11200,0,0.00000,0,209.57513,21273,NaN,NaN,100,21273,1,1043.50000,2431.50000,0,0,0.00000,0.00000,NaN
411,0.00000,33968,0,33968,33968,33968,120.04978,211.76206,1209.50000,2133.50000,0,0.11200,0.11200,0,0.00000,0,334.64242,33968,NaN,NaN,100,33968,1,1209.50000,2133.50000,0,0,0.00000,0.00000,NaN
412,0.00000,14754,0,14754,14754,14754,117.66765,210.96801,1185.50000,2125.50000,0,0.11200,0.11200,0,0.00000,0,145.35193,14754,NaN,NaN,100,14754,1,1185.50000,2125.50000,0,0,0.00000,0.00000,NaN
413,0.00000,25047,0,25047,25047,25047,120.24829,209.97546,1211.50000,2115.50000,0,0.11200,0.11200,0,0.00000,0,246.75543,25047,NaN,-Infinity,100,25047,1,1211.50000,2115.50000,0,0,0.00000,0.00000,NaN
414,0.00000,33282,0,33282,33282,33282,122.63043,212.55611,1235.50000,2141.50000,0,0.11200,0.11200,0,0.00000,0,327.88415,33282,NaN,NaN,100,33282,1,1235.50000,2141.50000,0,0,0.00000,0.00000,NaN
415,0.00000,8578,0,8578,8578,8578,140.49646,217.32038,1415.50000,2189.50000,0,0.11200,0.11200,0,0.00000,0,84.50785,8578,NaN,NaN,100,8578,1,1415.50000,2189.50000,0,0,0.00000,0.00000,NaN
416,0.00000,9950,0,9950,9950,9950,132.35749,257.22118,1333.50000,2591.50000,0,0.11200,0.11200,0,0.00000,0,98.02438,9950,NaN,NaN,100,9950,1,1333.50000,2591.50000,0,0,0.00000,0.00000,NaN
417,0.00000,18185,0,18185,18185,18185,94.83883,95.43437,955.50000,961.50000,0,0.11200,0.11200,0,0.00000,0,179.15310,18185,NaN,NaN,100,18185,1,955.50000,961.50000,0,0,0.00000,0.00000,NaN
418,0.00000,48723,0,48723,48723,48723,122.63043,353.20145,1235.50000,3558.50000,0,0.11200,0.11200,0,0.00000,0,480.00419,48723,NaN,NaN,100,48723,1,1235.50000,3558.50000,0,0,0.00000,0.00000,NaN
419,0.00000,49066,0,49066,49066,49066,133.94558,361.14191,1349.50000,3638.50000,0,0.11200,0.11200,0,0.00000,0,483.38333,49066,NaN,NaN,100,49066,1,1349.50000,3638.50000,0,0,0.00000,0.00000,NaN
420,0.00000,10979,0,10979,10979,10979,126.79917,351.21633,1277.50000,3538.50000,0,0.11200,0.11200,0,0.00000,0,108.16177,10979,NaN,NaN,100,10979,1,1277.50000,3538.50000,0,0,0.00000,0.00000,NaN
421,0.00000,49752,0,49752,49752,49752,131.16642,330.37263,1321.50000,3328.50000,0,0.11200,0.11200,0,0.00000,0,490.14159,49752,NaN,NaN,100,49752,1,1321.50000,3328.50000,0,0,0.00000,0.00000,NaN
422,0.00000,32253,0,32253,32253,32253,136.92325,346.45206,1379.50000,3490.50000,0,0.11200,0.11200,0,0.00000,0,317.74676,32253,NaN,-Infinity,100,32253,1,1379.50000,3490.50000,0,0,0.00000,0.00000,NaN
423,0.00000,18185,0,18185,18185,18185,136.32772,341.88630,1373.50000,3444.50000,0,0.11200,0.11200,0,0.00000,0,179.15310,18185,NaN,NaN,100,18185,1,1373.50000,3444.50000,0,0,0.00000,0.00000,NaN
424,0.00000,25390,0,25390,25390,25390,136.12921,324.81431,1371.50000,3272.50000,0,0.11200,0.11200,0,0.00000,0,250.13457,25390,NaN,NaN,100,25390,1,1371.50000,3272.50000,0,0,0.00000,0.00000,NaN
425,0.00000,41517,0,41517,41517,41517,136.12921,326.99794,1371.50000,3294.50000,0,0.11200,0.11200,0,0.00000,0,409.01287,41517,NaN,NaN,100,41517,1,1371.50000,3294.50000,0,0,0.00000,0.00000,NaN
426,0.00000,24361,0,24361,24361,24361,53.54846,198.06477,539.50000,1995.50000,0,0.11200,0.11200,0,0.00000,0,239.99717,24361,NaN,-Infinity,100,24361,1,539.50000,1995.50000,0,0,0.00000,0.00000,NaN
427,0.00000,65535,0,65535,65535,65535,59.10678,174.24340,595.50000,1755.50000,0,0.11200,0.11200,0,0.00000,0,645.63091,65535,NaN,NaN,100,65535,1,595.50000,1755.50000,0,0,0.00000,0.00000,NaN
428,0.00000,36713,0,36713,36713,36713,121.40627,262.21704,1223.16663,2641.83325,0,0.11200,0.11200,0,0.00000,0,361.68532,36713,NaN,NaN,100,36713,1,1223.16663,2641.83325,0,0,0.00000,0.00000,NaN
429,0.00000,343,0,343,343,343,150.12426,44.31768,1512.50000,446.50000,0,0.11200,0.11200,0,0.00000,0,3.37913,343,NaN,NaN,100,343,1,1512.50000,446.50000,0,0,0.00000,0.00000,NaN
430,0.00000,1029,0,1029,1029,1029,147.14659,45.80651,1482.50000,461.50000,0,0.11200,0.11200,0,0.00000,0,10.13740,1029,NaN,NaN,100,1029,1,1482.50000,461.50000,0,0,0.00000,0.00000,NaN
431,0.00000,3774,0,3774,3774,3774,144.76445,51.76185,1458.50000,521.50000,0,0.11200,0.11200,0,0.00000,0,37.18030,3774,NaN,NaN,100,3774,1,1458.50000,521.50000,0,0,0.00000,0.00000,NaN
432,0.00000,7891,0,7891,7891,7891,145.06222,75.58322,1461.50000,761.50000,0,0.11200,0.11200,0,0.00000,0,77.73973,7891,NaN,NaN,100,7891,1,1461.50000,761.50000,0,0,0.00000,0.00000,NaN
433,0.00000,343,0,343,343,343,140.89348,73.20109,1419.50000,737.50000,0,0.11200,0.11200,0,0.00000,0,3.37913,343,NaN,NaN,100,343,1,1419.50000,737.50000,0,0,0.00000,0.00000,NaN
434,0.00000,14067,0,14067,14067,14067,137.32028,74.98769,1383.50000,755.50000,0,0.11200,0.11200,0,0.00000,0,138.58381,14067,NaN,NaN,100,14067,1,1383.50000,755.50000,0,0,0.00000,0.00000,NaN
435,0.00000,10636,0,10636,10636,10636,82.82889,108.63538,834.50000,1094.50000,0,0.11200,0.11200,0,0.00000,0,104.78264,10636,NaN,NaN,100,10636,1,834.50000,1094.50000,0,0,0.00000,0.00000,NaN
436,0.00000,0,0,0,0,0,98.31278,98.51129,990.50000,992.50000,0,0.11200,0.11200,0,0.00000,0,0.00000,0,NaN,NaN,0,0,1,990.50000,992.50000,0,0,0.00000,0.00000,NaN
437,0.00000,14411,0,14411,14411,14411,143.57339,29.42932,1446.50000,296.50000,0,0.11200,0.11200,0,0.00000,0,141.97279,14411,NaN,NaN,100,14411,1,1446.50000,296.50000,0,0,0.00000,0.00000,NaN
438,0.00000,10293,0,10293,10293,10293,143.27562,33.00252,1443.50000,332.50000,0,0.11200,0.11200,0,0.00000,0,101.40351,10293,NaN,Infinity,100,10293,1,1443.50000,332.50000,0,0,0.00000,0.00000,NaN
439,0.00000,19900,0,19900,19900,19900,147.24585,98.41204,1483.50000,991.50000,0,0.11200,0.11200,0,0.00000,0,196.04875,19900,NaN,NaN,100,19900,1,1483.50000,991.50000,0,0,0.00000,0.00000,NaN
440,0.00000,8578,0,8578,8578,8578,95.83139,142.87860,965.50000,1439.50000,0,0.11200,0.11200,0,0.00000,0,84.50785,8578,NaN,NaN,100,8578,1,965.50000,1439.50000,0,0,0.00000,0.00000,NaN
441,0.00000,8921,0,8921,8921,8921,114.68997,134.73963,1155.50000,1357.50000,0,0.11200,0.11200,0,0.00000,0,87.88698,8921,NaN,NaN,100,8921,1,1155.50000,1357.50000,0,0,0.00000,0.00000,NaN
442,0.00000,343,0,343,343,343,120.84383,165.90592,1217.50000,1671.50000,0,0.11200,0.11200,0,0.00000,0,3.37913,343,NaN,NaN,100,343,1,1217.50000,1671.50000,0,0,0.00000,0.00000,NaN
443,0.00000,14411,0,14411,14411,14411,124.61555,161.73718,1255.50000,1629.50000,0,0.11200,0.11200,0,0.00000,0,141.97279,14411,NaN,NaN,100,14411,1,1255.50000,1629.50000,0,0,0.00000,0.00000,NaN
444,0.00000,8921,0,8921,8921,8921,126.40215,196.47668,1273.50000,1979.50000,0,0.11200,0.11200,0,0.00000,0,87.88698,8921,NaN,NaN,100,8921,1,1273.50000,1979.50000,0,0,0.00000,0.00000,NaN
445,0.00000,33282,0,33282,33282,33282,128.18875,192.70496,1291.50000,1941.50000,0,0.11200,0.11200,0,0.00000,0,327.88415,33282,NaN,NaN,100,33282,1,1291.50000,1941.50000,0,0,0.00000,0.00000,NaN
446,0.00000,11666,0,11666,11666,11666,123.62299,192.50645,1245.50000,1939.50000,0,0.11200,0.11200,0,0.00000,0,114.92989,11666,NaN,NaN,100,11666,1,1245.50000,1939.50000,0,0,0.00000,0.00000,NaN
447,0.00000,13724,0,13724,13724,13724,136.12921,193.49901,1371.50000,1949.50000,0,0.11200,0.11200,0,0.00000,0,135.20468,13724,NaN,NaN,100,13724,1,1371.50000,1949.50000,0,0,0.00000,0.00000,NaN
448,0.00000,10636,0,10636,10636,10636,139.10688,196.67519,1401.50000,1981.50000,0,0.11200,0.11200,0,0.00000,0,104.78264,10636,NaN,NaN,100,10636,1,1401.50000,1981.50000,0,0,0.00000,0.00000,NaN
449,0.00000,12352,0,12352,12352,12352,142.87860,194.49157,1439.50000,1959.50000,0,0.11200,0.11200,0,0.00000,0,121.68815,12352,NaN,NaN,100,12352,1,1439.50000,1959.50000,0,0,0.00000,0.00000,NaN
450,0.00000,4803,0,4803,4803,4803,124.61555,188.93325,1255.50000,1903.50000,0,0.11200,0.11200,0,0.00000,0,47.31770,4803,NaN,NaN,100,4803,1,1255.50000,1903.50000,0,0,0.00000,0.00000,NaN
451,0.00000,10979,0,10979,10979,10979,124.61555,185.55855,1255.50000,1869.50000,0,0.11200,0.11200,0,0.00000,0,108.16177,10979,NaN,NaN,100,10979,1,1255.50000,1869.50000,0,0,0.00000,0.00000,NaN
452,0.00000,31223,0,31223,31223,31223,123.22597,178.41214,1241.50000,1797.50000,0,0.11200,0.11200,0,0.00000,0,307.59951,31223,NaN,NaN,100,31223,1,1241.50000,1797.50000,0,0,0.00000,0.00000,NaN
453,0.00000,6862,0,6862,6862,6862,125.01257,173.64787,1259.50000,1749.50000,0,0.11200,0.11200,0,0.00000,0,67.60234,6862,NaN,NaN,100,6862,1,1259.50000,1749.50000,0,0,0.00000,0.00000,NaN
454,0.00000,686,0,686,686,686,131.16642,224.86381,1321.50000,2265.50000,0,0.11200,0.11200,0,0.00000,0,6.75826,686,NaN,NaN,100,686,1,1321.50000,2265.50000,0,0,0.00000,0.00000,NaN
455,0.00000,21959,0,21959,21959,21959,129.57833,234.19385,1305.50000,2359.50000,0,0.11200,0.11200,0,0.00000,0,216.33340,21959,NaN,NaN,100,21959,1,1305.50000,2359.50000,0,0,0.00000,0.00000,NaN
456,0.00000,6176,0,6176,6176,6176,138.51134,234.98790,1395.50000,2367.50000,0,0.11200,0.11200,0,0.00000,0,60.84408,6176,NaN,NaN,100,6176,1,1395.50000,2367.50000,0,0,0.00000,0.00000,NaN
457,0.00000,4117,0,4117,4117,4117,140.69497,231.61320,1417.50000,2333.50000,0,0.11200,0.11200,0,0.00000,0,40.55943,4117,NaN,NaN,100,4117,1,1417.50000,2333.50000,0,0,0.00000,0.00000,NaN
458,0.00000,16126,0,16126,16126,16126,142.68008,219.90103,1437.50000,2215.50000,0,0.11200,0.11200,0,0.00000,0,158.86845,16126,NaN,NaN,100,16126,1,1437.50000,2215.50000,0,0,0.00000,0.00000,NaN
459,0.00000,3774,0,3774,3774,3774,139.10688,206.79927,1401.50000,2083.50000,0,0.11200,0.11200,0,0.00000,0,37.18030,3774,NaN,NaN,100,3774,1,1401.50000,2083.50000,0,0,0.00000,0.00000,NaN
460,0.00000,18185,0,18185,18185,18185,143.27562,205.40969,1443.50000,2069.50000,0,0.11200,0.11200,0,0.00000,0,179.15310,18185,NaN,NaN,100,18185,1,1443.50000,2069.50000,0,0,0.00000,0.00000,NaN
461,0.00000,12695,0,12695,12695,12695,135.93070,212.55611,1369.50000,2141.50000,0,0.11200,0.11200,0,0.00000,0,125.06728,12695,NaN,NaN,100,12695,1,1369.50000,2141.50000,0,0,0.00000,0.00000,NaN
462,0.00000,21959,0,21959,21959,21959,131.36493,212.75462,1323.50000,2143.50000,0,0.11200,0.11200,0,0.00000,0,216.33340,21959,NaN,NaN,100,21959,1,1323.50000,2143.50000,0,0,0.00000,0.00000,NaN
463,0.00000,30880,0,30880,30880,30880,131.36493,202.82905,1323.50000,2043.50000,0,0.11200,0.11200,0,0.00000,0,304.22038,30880,NaN,NaN,100,30880,1,1323.50000,2043.50000,0,0,0.00000,0.00000,NaN
464,0.00000,16126,0,16126,16126,16126,132.95303,205.60821,1339.50000,2071.50000,0,0.11200,0.11200,0,0.00000,0,158.86845,16126,NaN,NaN,100,16126,1,1339.50000,2071.50000,0,0,0.00000,0.00000,NaN
465,0.00000,24018,0,24018,24018,24018,96.62543,231.81171,973.50000,2335.50000,0,0.11200,0.11200,0,0.00000,0,236.61804,24018,NaN,NaN,100,24018,1,973.50000,2335.50000,0,0,0.00000,0.00000,NaN
466,0.00000,5833,0,5833,5833,5833,79.95048,246.50156,805.50000,2483.50000,0,0.11200,0.11200,0,0.00000,0,57.46494,5833,NaN,NaN,100,5833,1,805.50000,2483.50000,0,0,0.00000,0.00000,NaN
467,0.00000,4460,0,4460,4460,4460,93.05223,256.22862,937.50000,2581.50000,0,0.11200,0.11200,0,0.00000,0,43.93857,4460,NaN,NaN,100,4460,1,937.50000,2581.50000,0,0,0.00000,0.00000,NaN
468,0.00000,343,0,343,343,343,107.94059,260.39736,1087.50000,2623.50000,0,0.11200,0.11200,0,0.00000,0,3.37913,343,NaN,NaN,100,343,1,1087.50000,2623.50000,0,0,0.00000,0.00000,NaN
469,0.00000,4117,0,4117,4117,4117,112.90337,265.75717,1137.50000,2677.50000,0,0.11200,0.11200,0,0.00000,0,40.55943,4117,NaN,NaN,100,4117,1,1137.50000,2677.50000,0,0,0.00000,0.00000,NaN
470,0.00000,5146,0,5146,5146,5146,115.08700,262.38247,1159.50000,2643.50000,0,0.11200,0.11200,0,0.00000,0,50.69683,5146,NaN,NaN,100,5146,1,1159.50000,2643.50000,0,0,0.00000,0.00000,NaN
471,0.00000,343,0,343,343,343,134.34261,254.04499,1353.50000,2559.50000,0,0.11200,0.11200,0,0.00000,0,3.37913,343,NaN,NaN,100,343,1,1353.50000,2559.50000,0,0,0.00000,0.00000,NaN
472,0.00000,20244,0,20244,20244,20244,156.57588,258.80927,1577.50000,2607.50000,0,0.11200,0.11200,0,0.00000,0,199.43774,20244,NaN,NaN,100,20244,1,1577.50000,2607.50000,0,0,0.00000,0.00000,NaN
473,0.00000,3431,0,3431,3431,3431,154.19375,262.77950,1553.50000,2647.50000,0,0.11200,0.11200,0,0.00000,0,33.80117,3431,NaN,NaN,100,3431,1,1553.50000,2647.50000,0,0,0.00000,0.00000,NaN
474,0.00000,20244,0,20244,20244,20244,154.59077,267.94079,1557.50000,2699.50000,0,0.11200,0.11200,0,0.00000,0,199.43774,20244,NaN,NaN,100,20244,1,1557.50000,2699.50000,0,0,0.00000,0.00000,NaN
475,0.00000,6862,0,6862,6862,6862,153.20119,217.51889,1543.50000,2191.50000,0,0.11200,0.11200,0,0.00000,0,67.60234,6862,NaN,NaN,100,6862,1,1543.50000,2191.50000,0,0,0.00000,0.00000,NaN
476,0.00000,22989,0,22989,22989,22989,155.78184,214.73973,1569.50000,2163.50000,0,0.11200,0.11200,0,0.00000,0,226.48064,22989,NaN,-Infinity,100,22989,1,1569.50000,2163.50000,0,0,0.00000,0.00000,NaN
477,0.00000,19557,0,19557,19557,19557,121.24085,229.23107,1221.50000,2309.50000,0,0.11200,0.11200,0,0.00000,0,192.66962,19557,NaN,-Infinity,100,19557,1,1221.50000,2309.50000,0,0,0.00000,0.00000,NaN
478,0.00000,8578,0,8578,8578,8578,123.22597,226.84893,1241.50000,2285.50000,0,0.11200,0.11200,0,0.00000,0,84.50785,8578,NaN,NaN,100,8578,1,1241.50000,2285.50000,0,0,0.00000,0.00000,NaN
479,0.00000,8234,0,8234,8234,8234,125.21108,249.67774,1261.50000,2515.50000,0,0.11200,0.11200,0,0.00000,0,81.11887,8234,NaN,NaN,100,8234,1,1261.50000,2515.50000,0,0,0.00000,0.00000,NaN
480,0.00000,18871,0,18871,18871,18871,143.27562,221.48912,1443.50000,2231.50000,0,0.11200,0.11200,0,0.00000,0,185.91136,18871,NaN,NaN,100,18871,1,1443.50000,2231.50000,0,0,0.00000,0.00000,NaN
481,0.00000,9264,0,9264,9264,9264,138.31283,213.15164,1393.50000,2147.50000,0,0.11200,0.11200,0,0.00000,0,91.26611,9264,NaN,NaN,100,9264,1,1393.50000,2147.50000,0,0,0.00000,0.00000,NaN
482,0.00000,6519,0,6519,6519,6519,140.69497,204.41714,1417.50000,2059.50000,0,0.11200,0.11200,0,0.00000,0,64.22321,6519,NaN,NaN,100,6519,1,1417.50000,2059.50000,0,0,0.00000,0.00000,NaN
483,0.00000,7891,0,7891,7891,7891,128.38726,270.91846,1293.50000,2729.50000,0,0.11200,0.11200,0,0.00000,0,77.73973,7891,NaN,NaN,100,7891,1,1293.50000,2729.50000,0,0,0.00000,0.00000,NaN
484,0.00000,2058,0,2058,2058,2058,129.57833,282.63064,1305.50000,2847.50000,0,0.11200,0.11200,0,0.00000,0,20.27479,2058,NaN,NaN,100,2058,1,1305.50000,2847.50000,0,0,0.00000,0.00000,NaN
485,0.00000,5833,0,5833,5833,5833,127.79173,286.40235,1287.50000,2885.50000,0,0.11200,0.11200,0,0.00000,0,57.46494,5833,NaN,NaN,100,5833,1,1287.50000,2885.50000,0,0,0.00000,0.00000,NaN
486,0.00000,6176,0,6176,6176,6176,136.92325,289.97556,1379.50000,2921.50000,0,0.11200,0.11200,0,0.00000,0,60.84408,6176,NaN,NaN,100,6176,1,1379.50000,2921.50000,0,0,0.00000,0.00000,NaN
487,0.00000,10293,0,10293,10293,10293,143.87115,290.17407,1449.50000,2923.50000,0,0.11200,0.11200,0,0.00000,0,101.40351,10293,NaN,Infinity,100,10293,1,1449.50000,2923.50000,0,0,0.00000,0.00000,NaN
488,0.00000,26420,0,26420,26420,26420,145.06222,289.18151,1461.50000,2913.50000,0,0.11200,0.11200,0,0.00000,0,260.28181,26420,NaN,NaN,100,26420,1,1461.50000,2913.50000,0,0,0.00000,0.00000,NaN
489,0.00000,3774,0,3774,3774,3774,144.86371,292.95323,1459.50000,2951.50000,0,0.11200,0.11200,0,0.00000,0,37.18030,3774,NaN,NaN,100,3774,1,1459.50000,2951.50000,0,0,0.00000,0.00000,NaN
490,0.00000,9264,0,9264,9264,9264,130.57089,293.54877,1315.50000,2957.50000,0,0.11200,0.11200,0,0.00000,0,91.26611,9264,NaN,NaN,100,9264,1,1315.50000,2957.50000,0,0,0.00000,0.00000,NaN
491,0.00000,9264,0,9264,9264,9264,140.09944,286.40235,1411.50000,2885.50000,0,0.11200,0.11200,0,0.00000,0,91.26611,9264,NaN,NaN,100,9264,1,1411.50000,2885.50000,0,0,0.00000,0.00000,NaN
492,0.00000,3088,0,3088,3088,3088,143.67264,284.02022,1447.50000,2861.50000,0,0.11200,0.11200,0,0.00000,0,30.42204,3088,NaN,NaN,100,3088,1,1447.50000,2861.50000,0,0,0.00000,0.00000,NaN
493,0.00000,18528,0,18528,18528,18528,107.34505,300.69518,1081.50000,3029.50000,0,0.11200,0.11200,0,0.00000,0,182.53223,18528,NaN,NaN,100,18528,1,1081.50000,3029.50000,0,0,0.00000,0.00000,NaN
494,0.00000,19214,0,19214,19214,19214,104.56589,299.50411,1053.50000,3017.50000,0,0.11200,0.11200,0,0.00000,0,189.29049,19214,NaN,NaN,100,19214,1,1053.50000,3017.50000,0,0,0.00000,0.00000,NaN
495,0.00000,3774,0,3774,3774,3774,112.30784,284.61575,1131.50000,2867.50000,0,0.11200,0.11200,0,0.00000,0,37.18030,3774,NaN,NaN,100,3774,1,1131.50000,2867.50000,0,0,0.00000,0.00000,NaN
496,0.00000,16812,0,16812,16812,16812,112.90337,277.86636,1137.50000,2799.50000,0,0.11200,0.11200,0,0.00000,0,165.62672,16812,NaN,NaN,100,16812,1,1137.50000,2799.50000,0,0,0.00000,0.00000,NaN
497,0.00000,12009,0,12009,12009,12009,116.07955,274.69018,1169.50000,2767.50000,0,0.11200,0.11200,0,0.00000,0,118.30902,12009,NaN,NaN,100,12009,1,1169.50000,2767.50000,0,0,0.00000,0.00000,NaN
498,0.00000,20587,0,20587,20587,20587,115.08700,270.91846,1159.50000,2729.50000,0,0.11200,0.11200,0,0.00000,0,202.81687,20587,NaN,-Infinity,100,20587,1,1159.50000,2729.50000,0,0,0.00000,0.00000,NaN
499,0.00000,20587,0,20587,20587,20587,91.46414,273.89614,921.50000,2759.50000,0,0.11200,0.11200,0,0.00000,0,202.81687,20587,NaN,-Infinity,100,20587,1,921.50000,2759.50000,0,0,0.00000,0.00000,NaN
500,0.00000,22302,0,22302,22302,22302,89.08200,264.96312,897.50000,2669.50000,0,0.11200,0.11200,0,0.00000,0,219.71253,22302,NaN,NaN,100,22302,1,897.50000,2669.50000,0,0,0.00000,0.00000,NaN
501,0.00000,8234,0,8234,8234,8234,75.18620,266.15419,757.50000,2681.50000,0,0.11200,0.11200,0,0.00000,0,81.11887,8234,NaN,NaN,100,8234,1,757.50000,2681.50000,0,0,0.00000,0.00000,NaN
502,0.00000,13038,0,13038,13038,13038,78.16387,251.26583,787.50000,2531.50000,0,0.11200,0.11200,0,0.00000,0,128.44642,13038,NaN,NaN,100,13038,1,787.50000,2531.50000,0,0,0.00000,0.00000,NaN
503,0.00000,16469,0,16469,16469,16469,81.73708,254.04499,823.50000,2559.50000,0,0.11200,0.11200,0,0.00000,0,162.24758,16469,NaN,Infinity,100,16469,1,823.50000,2559.50000,0,0,0.00000,0.00000,NaN
504,0.00000,10979,0,10979,10979,10979,84.11922,269.13186,847.50000,2711.50000,0,0.11200,0.11200,0,0.00000,0,108.16177,10979,NaN,NaN,100,10979,1,847.50000,2711.50000,0,0,0.00000,0.00000,NaN
505,0.00000,10979,0,10979,10979,10979,85.90582,309.23117,865.50000,3115.50000,0,0.11200,0.11200,0,0.00000,0,108.16177,10979,NaN,NaN,100,10979,1,865.50000,3115.50000,0,0,0.00000,0.00000,NaN
506,0.00000,5489,0,5489,5489,5489,88.88349,308.83415,895.50000,3111.50000,0,0.11200,0.11200,0,0.00000,0,54.07596,5489,NaN,NaN,100,5489,1,895.50000,3111.50000,0,0,0.00000,0.00000,NaN
507,0.00000,1029,0,1029,1029,1029,90.07456,305.26094,907.50000,3075.50000,0,0.11200,0.11200,0,0.00000,0,10.13740,1029,NaN,NaN,100,1029,1,907.50000,3075.50000,0,0,0.00000,0.00000,NaN
508,0.00000,2401,0,2401,2401,2401,87.09689,299.70262,877.50000,3019.50000,0,0.11200,0.11200,0,0.00000,0,23.65392,2401,NaN,NaN,100,2401,1,877.50000,3019.50000,0,0,0.00000,0.00000,NaN
509,0.00000,10636,0,10636,10636,10636,89.87605,297.51899,905.50000,2997.50000,0,0.11200,0.11200,0,0.00000,0,104.78264,10636,NaN,NaN,100,10636,1,905.50000,2997.50000,0,0,0.00000,0.00000,NaN
510,0.00000,29508,0,29508,29508,29508,111.31528,298.71006,1121.50000,3009.50000,0,0.11200,0.11200,0,0.00000,0,290.70385,29508,NaN,NaN,100,29508,1,1121.50000,3009.50000,0,0,0.00000,0.00000,NaN
511,0.00000,63134,0,63134,63134,63134,110.71975,300.29815,1115.50000,3025.50000,0,0.11200,0.11200,0,0.00000,0,621.97699,63134,NaN,-Infinity,100,63134,1,1115.50000,3025.50000,0,0,0.00000,0.00000,NaN
512,0.00000,19557,0,19557,19557,19557,61.09189,282.23361,615.50000,2843.50000,0,0.11200,0.11200,0,0.00000,0,192.66962,19557,NaN,-Infinity,100,19557,1,615.50000,2843.50000,0,0,0.00000,0.00000,NaN
513,0.00000,24704,0,24704,24704,24704,83.72219,291.16663,843.50000,2933.50000,0,0.11200,0.11200,0,0.00000,0,243.37630,24704,NaN,NaN,100,24704,1,843.50000,2933.50000,0,0,0.00000,0.00000,NaN
514,0.00000,16812,0,16812,16812,16812,49.97525,322.53143,503.50000,3249.50000,0,0.11200,0.11200,0,0.00000,0,165.62672,16812,NaN,NaN,100,16812,1,503.50000,3249.50000,0,0,0.00000,0.00000,NaN
515,0.00000,3431,0,3431,3431,3431,46.79907,324.71506,471.50000,3271.50000,0,0.11200,0.11200,0,0.00000,0,33.80117,3431,NaN,NaN,100,3431,1,471.50000,3271.50000,0,0,0.00000,0.00000,NaN
516,0.00000,8234,0,8234,8234,8234,34.29285,328.48678,345.50000,3309.50000,0,0.11200,0.11200,0,0.00000,0,81.11887,8234,NaN,NaN,100,8234,1,345.50000,3309.50000,0,0,0.00000,0.00000,NaN
517,0.00000,7205,0,7205,7205,7205,34.29285,334.04510,345.50000,3365.50000,0,0.11200,0.11200,0,0.00000,0,70.98147,7205,NaN,NaN,100,7205,1,345.50000,3365.50000,0,0,0.00000,0.00000,NaN
518,0.00000,13381,0,13381,13381,13381,47.39460,316.17907,477.50000,3185.50000,0,0.11200,0.11200,0,0.00000,0,131.82555,13381,NaN,NaN,100,13381,1,477.50000,3185.50000,0,0,0.00000,0.00000,NaN
519,0.00000,27449,0,27449,27449,27449,22.77919,337.22128,229.50000,3397.50000,0,0.11200,0.11200,0,0.00000,0,270.41921,27449,NaN,-Infinity,100,27449,1,229.50000,3397.50000,0,0,0.00000,0.00000,NaN
520,0.00000,1715,0,1715,1715,1715,21.78663,341.98555,219.50000,3445.50000,0,0.11200,0.11200,0,0.00000,0,16.89566,1715,NaN,NaN,100,1715,1,219.50000,3445.50000,0,0,0.00000,0.00000,NaN
521,0.00000,17499,0,17499,17499,17499,9.87594,340.79448,99.50000,3433.50000,0,0.11200,0.11200,0,0.00000,0,172.39483,17499,NaN,Infinity,100,17499,1,99.50000,3433.50000,0,0,0.00000,0.00000,NaN
522,0.00000,16812,0,16812,16812,16812,6.89827,340.79448,69.50000,3433.50000,0,0.11200,0.11200,0,0.00000,0,165.62672,16812,NaN,NaN,100,16812,1,69.50000,3433.50000,0,0,0.00000,0.00000,NaN
523,0.00000,8921,0,8921,8921,8921,26.15388,346.15429,263.50000,3487.50000,0,0.11200,0.11200,0,0.00000,0,87.88698,8921,NaN,NaN,100,8921,1,263.50000,3487.50000,0,0,0.00000,0.00000,NaN
524,0.00000,6862,0,6862,6862,6862,28.53602,344.36769,287.50000,3469.50000,0,0.11200,0.11200,0,0.00000,0,67.60234,6862,NaN,NaN,100,6862,1,287.50000,3469.50000,0,0,0.00000,0.00000,NaN
525,0.00000,8921,0,8921,8921,8921,54.34250,341.19151,547.50000,3437.50000,0,0.11200,0.11200,0,0.00000,0,87.88698,8921,NaN,NaN,100,8921,1,547.50000,3437.50000,0,0,0.00000,0.00000,NaN
526,0.00000,16469,0,16469,16469,16469,55.93059,325.31059,563.50000,3277.50000,0,0.11200,0.11200,0,0.00000,0,162.24758,16469,NaN,Infinity,100,16469,1,563.50000,3277.50000,0,0,0.00000,0.00000,NaN
527,0.00000,20244,0,20244,20244,20244,73.39960,325.50910,739.50000,3279.50000,0,0.11200,0.11200,0,0.00000,0,199.43774,20244,NaN,NaN,100,20244,1,739.50000,3279.50000,0,0,0.00000,0.00000,NaN
528,0.00000,21273,0,21273,21273,21273,68.83384,324.51655,693.50000,3269.50000,0,0.11200,0.11200,0,0.00000,0,209.57513,21273,NaN,NaN,100,21273,1,693.50000,3269.50000,0,0,0.00000,0.00000,NaN
529,0.00000,21616,0,21616,21616,21616,71.81151,309.42968,723.50000,3117.50000,0,0.11200,0.11200,0,0.00000,0,212.95427,21616,NaN,NaN,100,21616,1,723.50000,3117.50000,0,0,0.00000,0.00000,NaN
530,0.00000,7891,0,7891,7891,7891,44.81395,371.56375,451.50000,3743.50000,0,0.11200,0.11200,0,0.00000,0,77.73973,7891,NaN,NaN,100,7891,1,451.50000,3743.50000,0,0,0.00000,0.00000,NaN
531,0.00000,65535,0,65535,65535,65535,58.31273,378.90868,587.50000,3817.50000,0,0.11200,0.11200,0,0.00000,0,645.63091,65535,NaN,NaN,100,65535,1,587.50000,3817.50000,0,0,0.00000,0.00000,NaN
532,0.00000,21273,0,21273,21273,21273,59.70231,365.21139,601.50000,3679.50000,0,0.11200,0.11200,0,0.00000,0,209.57513,21273,NaN,NaN,100,21273,1,601.50000,3679.50000,0,0,0.00000,0.00000,NaN
533,0.00000,6862,0,6862,6862,6862,56.72464,365.21139,571.50000,3679.50000,0,0.11200,0.11200,0,0.00000,0,67.60234,6862,NaN,NaN,100,6862,1,571.50000,3679.50000,0,0,0.00000,0.00000,NaN
534,0.00000,14411,0,14411,14411,14411,15.03724,387.04765,151.50000,3899.50000,0,0.11200,0.11200,0,0.00000,0,141.97279,14411,NaN,NaN,100,14411,1,151.50000,3899.50000,0,0,0.00000,0.00000,NaN
535,0.00000,42890,0,42890,42890,42890,19.60300,381.68784,197.50000,3845.50000,0,0.11200,0.11200,0,0.00000,0,422.53925,42890,NaN,NaN,100,42890,1,197.50000,3845.50000,0,0,0.00000,0.00000,NaN
536,0.00000,25047,0,25047,25047,25047,21.38961,371.16673,215.50000,3739.50000,0,0.11200,0.11200,0,0.00000,0,246.75543,25047,NaN,-Infinity,100,25047,1,215.50000,3739.50000,0,0,0.00000,0.00000,NaN
537,0.00000,21959,0,21959,21959,21959,40.84373,387.64318,411.50000,3905.50000,0,0.11200,0.11200,0,0.00000,0,216.33340,21959,NaN,NaN,100,21959,1,411.50000,3905.50000,0,0,0.00000,0.00000,NaN
538,0.00000,12695,0,12695,12695,12695,84.71475,398.95833,853.50000,4019.50000,0,0.11200,0.11200,0,0.00000,0,125.06728,12695,NaN,NaN,100,12695,1,853.50000,4019.50000,0,0,0.00000,0.00000,NaN
539,0.00000,40488,0,40488,40488,40488,83.92070,395.58364,845.50000,3985.50000,0,0.11200,0.11200,0,0.00000,0,398.87548,40488,NaN,NaN,100,40488,1,845.50000,3985.50000,0,0,0.00000,0.00000,NaN
540,0.00000,4460,0,4460,4460,4460,78.56090,402.53154,791.50000,4055.50000,0,0.11200,0.11200,0,0.00000,0,43.93857,4460,NaN,NaN,100,4460,1,791.50000,4055.50000,0,0,0.00000,0.00000,NaN
541,0.00000,5489,0,5489,5489,5489,75.78174,403.32558,763.50000,4063.50000,0,0.11200,0.11200,0,0.00000,0,54.07596,5489,NaN,NaN,100,5489,1,763.50000,4063.50000,0,0,0.00000,0.00000,NaN
542,0.00000,5833,0,5833,5833,5833,87.29540,407.09730,879.50000,4101.50000,0,0.11200,0.11200,0,0.00000,0,57.46494,5833,NaN,NaN,100,5833,1,879.50000,4101.50000,0,0,0.00000,0.00000,NaN
543,0.00000,1715,0,1715,1715,1715,89.28051,404.51665,899.50000,4075.50000,0,0.11200,0.11200,0,0.00000,0,16.89566,1715,NaN,NaN,100,1715,1,899.50000,4075.50000,0,0,0.00000,0.00000,NaN
544,0.00000,15097,0,15097,15097,15097,91.66265,400.14940,923.50000,4031.50000,0,0.11200,0.11200,0,0.00000,0,148.73106,15097,NaN,NaN,100,15097,1,923.50000,4031.50000,0,0,0.00000,0.00000,NaN
545,0.00000,8234,0,8234,8234,8234,99.00757,404.31814,997.50000,4073.50000,0,0.11200,0.11200,0,0.00000,0,81.11887,8234,NaN,NaN,100,8234,1,997.50000,4073.50000,0,0,0.00000,0.00000,NaN
546,0.00000,30194,0,30194,30194,30194,98.01501,412.45711,987.50000,4155.50000,0,0.11200,0.11200,0,0.00000,0,297.46212,30194,NaN,NaN,100,30194,1,987.50000,4155.50000,0,0,0.00000,0.00000,NaN
547,0.00000,51468,0,51468,51468,51468,110.91826,419.20650,1117.50000,4223.50000,0,0.11200,0.11200,0,0.00000,0,507.04710,51468,NaN,NaN,100,51468,1,1117.50000,4223.50000,0,0,0.00000,0.00000,NaN
548,0.00000,343,0,343,343,343,88.88349,431.51420,895.50000,4347.50000,0,0.11200,0.11200,0,0.00000,0,3.37913,343,NaN,NaN,100,343,1,895.50000,4347.50000,0,0,0.00000,0.00000,NaN
549,0.00000,11666,0,11666,11666,11666,84.31773,428.73504,849.50000,4319.50000,0,0.11200,0.11200,0,0.00000,0,114.92989,11666,NaN,NaN,100,11666,1,849.50000,4319.50000,0,0,0.00000,0.00000,NaN
550,0.00000,37057,0,37057,37057,37057,92.45669,417.61840,931.50000,4207.50000,0,0.11200,0.11200,0,0.00000,0,365.07431,37057,NaN,NaN,100,37057,1,931.50000,4207.50000,0,0,0.00000,0.00000,NaN
551,0.00000,26763,0,26763,26763,26763,88.08944,416.62585,887.50000,4197.50000,0,0.11200,0.11200,0,0.00000,0,263.66095,26763,NaN,NaN,100,26763,1,887.50000,4197.50000,0,0,0.00000,0.00000,NaN
552,0.00000,10979,0,10979,10979,10979,90.67009,415.03776,913.50000,4181.50000,0,0.11200,0.11200,0,0.00000,0,108.16177,10979,NaN,NaN,100,10979,1,913.50000,4181.50000,0,0,0.00000,0.00000,NaN
553,0.00000,34312,0,34312,34312,34312,91.26563,412.06009,919.50000,4151.50000,0,0.11200,0.11200,0,0.00000,0,338.03140,34312,NaN,NaN,100,34312,1,919.50000,4151.50000,0,0,0.00000,0.00000,NaN
554,0.00000,36027,0,36027,36027,36027,92.05967,409.47944,927.50000,4125.50000,0,0.11200,0.11200,0,0.00000,0,354.92706,36027,NaN,Infinity,100,36027,1,927.50000,4125.50000,0,0,0.00000,0.00000,NaN
555,0.00000,5489,0,5489,5489,5489,92.25818,407.09730,929.50000,4101.50000,0,0.11200,0.11200,0,0.00000,0,54.07596,5489,NaN,NaN,100,5489,1,929.50000,4101.50000,0,0,0.00000,0.00000,NaN
556,0.00000,24018,0,24018,24018,24018,88.68498,408.68539,893.50000,4117.50000,0,0.11200,0.11200,0,0.00000,0,236.61804,24018,NaN,NaN,100,24018,1,893.50000,4117.50000,0,0,0.00000,0.00000,NaN
557,0.00000,10636,0,10636,10636,10636,107.74207,392.80448,1085.50000,3957.50000,0,0.11200,0.11200,0,0.00000,0,104.78264,10636,NaN,NaN,100,10636,1,1085.50000,3957.50000,0,0,0.00000,0.00000,NaN
558,0.00000,6862,0,6862,6862,6862,106.74952,415.83180,1075.50000,4189.50000,0,0.11200,0.11200,0,0.00000,0,67.60234,6862,NaN,NaN,100,6862,1,1075.50000,4189.50000,0,0,0.00000,0.00000,NaN
559,0.00000,11666,0,11666,11666,11666,102.18375,423.57375,1029.50000,4267.50000,0,0.11200,0.11200,0,0.00000,0,114.92989,11666,NaN,NaN,100,11666,1,1029.50000,4267.50000,0,0,0.00000,0.00000,NaN
560,0.00000,19214,0,19214,19214,19214,98.80906,423.57375,995.50000,4267.50000,0,0.11200,0.11200,0,0.00000,0,189.29049,19214,NaN,NaN,100,19214,1,995.50000,4267.50000,0,0,0.00000,0.00000,NaN
561,0.00000,10636,0,10636,10636,10636,66.65021,443.82191,671.50000,4471.50000,0,0.11200,0.11200,0,0.00000,0,104.78264,10636,NaN,NaN,100,10636,1,671.50000,4471.50000,0,0,0.00000,0.00000,NaN
562,0.00000,9950,0,9950,9950,9950,84.11922,433.10230,847.50000,4363.50000,0,0.11200,0.11200,0,0.00000,0,98.02438,9950,NaN,NaN,100,9950,1,847.50000,4363.50000,0,0,0.00000,0.00000,NaN
563,0.00000,40145,0,40145,40145,40145,78.56090,390.42234,791.50000,3933.50000,0,0.11200,0.11200,0,0.00000,0,395.49634,40145,NaN,-Infinity,100,40145,1,791.50000,3933.50000,0,0,0.00000,0.00000,NaN
564,0.00000,45978,0,45978,45978,45978,65.45914,387.24616,659.50000,3901.50000,0,0.11200,0.11200,0,0.00000,0,452.96129,45978,NaN,-Infinity,100,45978,1,659.50000,3901.50000,0,0,0.00000,0.00000,NaN
565,0.00000,18871,0,18871,18871,18871,61.88594,393.20150,623.50000,3961.50000,0,0.11200,0.11200,0,0.00000,0,185.91136,18871,NaN,NaN,100,18871,1,623.50000,3961.50000,0,0,0.00000,0.00000,NaN
566,0.00000,65535,0,65535,65535,65535,58.70975,394.59108,591.50000,3975.50000,0,0.11200,0.11200,0,0.00000,0,645.63091,65535,NaN,NaN,100,65535,1,591.50000,3975.50000,0,0,0.00000,0.00000,NaN
567,0.00000,65535,0,65535,65535,65535,55.33506,395.78215,557.50000,3987.50000,0,0.11200,0.11200,0,0.00000,0,645.63091,65535,NaN,NaN,100,65535,1,557.50000,3987.50000,0,0,0.00000,0.00000,NaN
568,0.00000,65535,0,65535,65535,65535,53.15143,398.16429,535.50000,4011.50000,0,0.11200,0.11200,0,0.00000,0,645.63091,65535,NaN,NaN,100,65535,1,535.50000,4011.50000,0,0,0.00000,0.00000,NaN
569,0.00000,34998,0,34998,34998,34998,52.15888,399.75238,525.50000,4027.50000,0,0.11200,0.11200,0,0.00000,0,344.78966,34998,NaN,Infinity,100,34998,1,525.50000,4027.50000,0,0,0.00000,0.00000,NaN
570,0.00000,22645,0,22645,22645,22645,128.58577,368.38757,1295.50000,3711.50000,0,0.11200,0.11200,0,0.00000,0,223.09166,22645,NaN,-Infinity,100,22645,1,1295.50000,3711.50000,0,0,0.00000,0.00000,NaN
571,0.00000,13038,0,13038,13038,13038,128.58577,373.35036,1295.50000,3761.50000,0,0.11200,0.11200,0,0.00000,0,128.44642,13038,NaN,NaN,100,13038,1,1295.50000,3761.50000,0,0,0.00000,0.00000,NaN
572,0.00000,10979,0,10979,10979,10979,130.37238,371.56375,1313.50000,3743.50000,0,0.11200,0.11200,0,0.00000,0,108.16177,10979,NaN,NaN,100,10979,1,1313.50000,3743.50000,0,0,0.00000,0.00000,NaN
573,0.00000,20930,0,20930,20930,20930,129.57833,380.49677,1305.50000,3833.50000,0,0.11200,0.11200,0,0.00000,0,206.19600,20930,NaN,Infinity,100,20930,1,1305.50000,3833.50000,0,0,0.00000,0.00000,NaN
574,0.00000,3088,0,3088,3088,3088,111.31528,362.63074,1121.50000,3653.50000,0,0.11200,0.11200,0,0.00000,0,30.42204,3088,NaN,NaN,100,3088,1,1121.50000,3653.50000,0,0,0.00000,0.00000,NaN
575,0.00000,7205,0,7205,7205,7205,110.52123,361.04265,1113.50000,3637.50000,0,0.11200,0.11200,0,0.00000,0,70.98147,7205,NaN,NaN,100,7205,1,1113.50000,3637.50000,0,0,0.00000,0.00000,NaN
576,0.00000,14067,0,14067,14067,14067,113.10188,364.61586,1139.50000,3673.50000,0,0.11200,0.11200,0,0.00000,0,138.58381,14067,NaN,NaN,100,14067,1,1139.50000,3673.50000,0,0,0.00000,0.00000,NaN
577,0.00000,16126,0,16126,16126,16126,122.82894,359.85158,1237.50000,3625.50000,0,0.11200,0.11200,0,0.00000,0,158.86845,16126,NaN,NaN,100,16126,1,1237.50000,3625.50000,0,0,0.00000,0.00000,NaN
578,0.00000,1372,0,1372,1372,1372,125.21108,362.03521,1261.50000,3647.50000,0,0.11200,0.11200,0,0.00000,0,13.51653,1372,NaN,NaN,100,1372,1,1261.50000,3647.50000,0,0,0.00000,0.00000,NaN
579,0.00000,16469,0,16469,16469,16469,119.25574,363.62330,1201.50000,3663.50000,0,0.11200,0.11200,0,0.00000,0,162.24758,16469,NaN,Infinity,100,16469,1,1201.50000,3663.50000,0,0,0.00000,0.00000,NaN
580,0.00000,6176,0,6176,6176,6176,123.62299,367.39502,1245.50000,3701.50000,0,0.11200,0.11200,0,0.00000,0,60.84408,6176,NaN,NaN,100,6176,1,1245.50000,3701.50000,0,0,0.00000,0.00000,NaN
581,0.00000,8578,0,8578,8578,8578,130.76940,363.22628,1317.50000,3659.50000,0,0.11200,0.11200,0,0.00000,0,84.50785,8578,NaN,NaN,100,8578,1,1317.50000,3659.50000,0,0,0.00000,0.00000,NaN
582,0.00000,15097,0,15097,15097,15097,126.20364,367.19650,1271.50000,3699.50000,0,0.11200,0.11200,0,0.00000,0,148.73106,15097,NaN,NaN,100,15097,1,1271.50000,3699.50000,0,0,0.00000,0.00000,NaN
583,0.00000,14067,0,14067,14067,14067,103.77185,424.96333,1045.50000,4281.50000,0,0.11200,0.11200,0,0.00000,0,138.58381,14067,NaN,NaN,100,14067,1,1045.50000,4281.50000,0,0,0.00000,0.00000,NaN
584,0.00000,36713,0,36713,36713,36713,137.12177,472.20905,1381.50000,4757.50000,0,0.11200,0.11200,0,0.00000,0,361.68532,36713,NaN,NaN,100,36713,1,1381.50000,4757.50000,0,0,0.00000,0.00000,NaN
585,0.00000,12352,0,12352,12352,12352,118.85871,461.88645,1197.50000,4653.50000,0,0.11200,0.11200,0,0.00000,0,121.68815,12352,NaN,NaN,100,12352,1,1197.50000,4653.50000,0,0,0.00000,0.00000,NaN
586,0.00000,13038,0,13038,13038,13038,92.05967,480.74504,927.50000,4843.50000,0,0.11200,0.11200,0,0.00000,0,128.44642,13038,NaN,NaN,100,13038,1,927.50000,4843.50000,0,0,0.00000,0.00000,NaN
587,0.00000,8234,0,8234,8234,8234,71.81151,492.85423,723.50000,4965.50000,0,0.11200,0.11200,0,0.00000,0,81.11887,8234,NaN,NaN,100,8234,1,723.50000,4965.50000,0,0,0.00000,0.00000,NaN
588,0.00000,6862,0,6862,6862,6862,75.78174,497.61851,763.50000,5013.50000,0,0.11200,0.11200,0,0.00000,0,67.60234,6862,NaN,NaN,100,6862,1,763.50000,5013.50000,0,0,0.00000,0.00000,NaN
589,0.00000,3088,0,3088,3088,3088,109.33017,497.61851,1101.50000,5013.50000,0,0.11200,0.11200,0,0.00000,0,30.42204,3088,NaN,NaN,100,3088,1,1101.50000,5013.50000,0,0,0.00000,0.00000,NaN
590,0.00000,1715,0,1715,1715,1715,104.16887,522.23392,1049.50000,5261.50000,0,0.11200,0.11200,0,0.00000,0,16.89566,1715,NaN,NaN,100,1715,1,1049.50000,5261.50000,0,0,0.00000,0.00000,NaN
591,0.00000,6862,0,6862,6862,6862,131.56345,538.90888,1325.50000,5429.50000,0,0.11200,0.11200,0,0.00000,0,67.60234,6862,NaN,NaN,100,6862,1,1325.50000,5429.50000,0,0,0.00000,0.00000,NaN
592,0.00000,8234,0,8234,8234,8234,143.27562,529.38034,1443.50000,5333.50000,0,0.11200,0.11200,0,0.00000,0,81.11887,8234,NaN,NaN,100,8234,1,1443.50000,5333.50000,0,0,0.00000,0.00000,NaN
593,0.00000,10979,0,10979,10979,10979,145.06222,510.91877,1461.50000,5147.50000,0,0.11200,0.11200,0,0.00000,0,108.16177,10979,NaN,NaN,100,10979,1,1461.50000,5147.50000,0,0,0.00000,0.00000,NaN
594,0.00000,15097,0,15097,15097,15097,129.57833,501.78725,1305.50000,5055.50000,0,0.11200,0.11200,0,0.00000,0,148.73106,15097,NaN,NaN,100,15097,1,1305.50000,5055.50000,0,0,0.00000,0.00000,NaN
595,0.00000,19900,0,19900,19900,19900,107.74207,495.43488,1085.50000,4991.50000,0,0.11200,0.11200,0,0.00000,0,196.04875,19900,NaN,NaN,100,19900,1,1085.50000,4991.50000,0,0,0.00000,0.00000,NaN
596,0.00000,6176,0,6176,6176,6176,77.96536,498.01553,785.50000,5017.50000,0,0.11200,0.11200,0,0.00000,0,60.84408,6176,NaN,NaN,100,6176,1,785.50000,5017.50000,0,0,0.00000,0.00000,NaN
597,0.00000,1029,0,1029,1029,1029,66.45170,511.91133,669.50000,5157.50000,0,0.11200,0.11200,0,0.00000,0,10.13740,1029,NaN,NaN,100,1029,1,669.50000,5157.50000,0,0,0.00000,0.00000,NaN
598,0.00000,686,0,686,686,686,120.04978,503.37534,1209.50000,5071.50000,0,0.11200,0.11200,0,0.00000,0,6.75826,686,NaN,NaN,100,686,1,1209.50000,5071.50000,0,0,0.00000,0.00000,NaN
599,0.00000,25390,0,25390,25390,25390,108.93314,502.58129,1097.50000,5063.50000,0,0.11200,0.11200,0,0.00000,0,250.13457,25390,NaN,NaN,100,25390,1,1097.50000,5063.50000,0,0,0.00000,0.00000,NaN
600,0.00000,0,0,0,0,0,104.96291,517.27114,1057.50000,5211.50000,0,0.11200,0.11200,0,0.00000,0,0.00000,0,NaN,NaN,0,0,1,1057.50000,5211.50000,0,0,0.00000,0.00000,NaN
601,0.00000,4803,0,4803,4803,4803,140.09944,539.10740,1411.50000,5431.50000,0,0.11200,0.11200,0,0.00000,0,47.31770,4803,NaN,NaN,100,4803,1,1411.50000,5431.50000,0,0,0.00000,0.00000,NaN
602,0.00000,17499,0,17499,17499,17499,147.84138,587.34567,1489.50000,5917.50000,0,0.11200,0.11200,0,0.00000,0,172.39483,17499,NaN,Infinity,100,17499,1,1489.50000,5917.50000,0,0,0.00000,0.00000,NaN
603,0.00000,16812,0,16812,16812,16812,127.99024,614.74025,1289.50000,6193.50000,0,0.11200,0.11200,0,0.00000,0,165.62672,16812,NaN,NaN,100,16812,1,1289.50000,6193.50000,0,0,0.00000,0.00000,NaN
604,0.00000,4803,0,4803,4803,4803,148.83394,627.84200,1499.50000,6325.50000,0,0.11200,0.11200,0,0.00000,0,47.31770,4803,NaN,NaN,100,4803,1,1499.50000,6325.50000,0,0,0.00000,0.00000,NaN
605,0.00000,0,0,0,0,0,112.10933,392.40745,1129.50000,3953.50000,0,0.11200,0.11200,0,0.00000,0,0.00000,0,NaN,NaN,0,0,1,1129.50000,3953.50000,0,0,0.00000,0.00000,NaN
606,0.00000,7891,0,7891,7891,7891,111.51379,386.65062,1123.50000,3895.50000,0,0.11200,0.11200,0,0.00000,0,77.73973,7891,NaN,NaN,100,7891,1,1123.50000,3895.50000,0,0,0.00000,0.00000,NaN
607,0.00000,6176,0,6176,6176,6176,132.15898,368.78459,1331.50000,3715.50000,0,0.11200,0.11200,0,0.00000,0,60.84408,6176,NaN,NaN,100,6176,1,1331.50000,3715.50000,0,0,0.00000,0.00000,NaN
608,0.00000,15097,0,15097,15097,15097,147.64287,370.57120,1487.50000,3733.50000,0,0.11200,0.11200,0,0.00000,0,148.73106,15097,NaN,NaN,100,15097,1,1487.50000,3733.50000,0,0,0.00000,0.00000,NaN
609,0.00000,5146,0,5146,5146,5146,139.70241,374.93845,1407.50000,3777.50000,0,0.11200,0.11200,0,0.00000,0,50.69683,5146,NaN,NaN,100,5146,1,1407.50000,3777.50000,0,0,0.00000,0.00000,NaN
610,0.00000,6519,0,6519,6519,6519,138.51134,378.11463,1395.50000,3809.50000,0,0.11200,0.11200,0,0.00000,0,64.22321,6519,NaN,NaN,100,6519,1,1395.50000,3809.50000,0,0,0.00000,0.00000,NaN
611,0.00000,37400,0,37400,37400,37400,134.93814,379.10719,1359.50000,3819.50000,0,0.11200,0.11200,0,0.00000,0,368.45344,37400,NaN,NaN,100,37400,1,1359.50000,3819.50000,0,0,0.00000,0.00000,NaN
612,0.00000,3774,0,3774,3774,3774,131.96047,377.32059,1329.50000,3801.50000,0,0.11200,0.11200,0,0.00000,0,37.18030,3774,NaN,NaN,100,3774,1,1329.50000,3801.50000,0,0,0.00000,0.00000,NaN
613,0.00000,2401,0,2401,2401,2401,126.40215,377.32059,1273.50000,3801.50000,0,0.11200,0.11200,0,0.00000,0,23.65392,2401,NaN,NaN,100,2401,1,1273.50000,3801.50000,0,0,0.00000,0.00000,NaN
614,0.00000,8234,0,8234,8234,8234,132.75451,372.15929,1337.50000,3749.50000,0,0.11200,0.11200,0,0.00000,0,81.11887,8234,NaN,NaN,100,8234,1,1337.50000,3749.50000,0,0,0.00000,0.00000,NaN
615,0.00000,1029,0,1029,1029,1029,133.94558,370.76971,1349.50000,3735.50000,0,0.11200,0.11200,0,0.00000,0,10.13740,1029,NaN,NaN,100,1029,1,1349.50000,3735.50000,0,0,0.00000,0.00000,NaN
616,0.00000,19900,0,19900,19900,19900,128.58577,364.61586,1295.50000,3673.50000,0,0.11200,0.11200,0,0.00000,0,196.04875,19900,NaN,NaN,100,19900,1,1295.50000,3673.50000,0,0,0.00000,0.00000,NaN
617,0.00000,9264,0,9264,9264,9264,129.57833,361.83670,1305.50000,3645.50000,0,0.11200,0.11200,0,0.00000,0,91.26611,9264,NaN,NaN,100,9264,1,1305.50000,3645.50000,0,0,0.00000,0.00000,NaN
618,0.00000,1029,0,1029,1029,1029,127.99024,358.85902,1289.50000,3615.50000,0,0.11200,0.11200,0,0.00000,0,10.13740,1029,NaN,NaN,100,1029,1,1289.50000,3615.50000,0,0,0.00000,0.00000,NaN
619,0.00000,20587,0,20587,20587,20587,135.13665,363.82181,1361.50000,3665.50000,0,0.11200,0.11200,0,0.00000,0,202.81687,20587,NaN,-Infinity,100,20587,1,1361.50000,3665.50000,0,0,0.00000,0.00000,NaN
620,0.00000,16469,0,16469,16469,16469,137.51879,361.63818,1385.50000,3643.50000,0,0.11200,0.11200,0,0.00000,0,162.24758,16469,NaN,Infinity,100,16469,1,1385.50000,3643.50000,0,0,0.00000,0.00000,NaN
621,0.00000,0,0,0,0,0,133.54856,350.12452,1345.50000,3527.50000,0,0.11200,0.11200,0,0.00000,0,0.00000,0,NaN,NaN,0,0,1,1345.50000,3527.50000,0,0,0.00000,0.00000,NaN
622,0.00000,5833,0,5833,5833,5833,131.96047,353.30070,1329.50000,3559.50000,0,0.11200,0.11200,0,0.00000,0,57.46494,5833,NaN,NaN,100,5833,1,1329.50000,3559.50000,0,0,0.00000,0.00000,NaN
623,0.00000,14067,0,14067,14067,14067,130.17387,352.90368,1311.50000,3555.50000,0,0.11200,0.11200,0,0.00000,0,138.58381,14067,NaN,NaN,100,14067,1,1311.50000,3555.50000,0,0,0.00000,0.00000,NaN
624,0.00000,20930,0,20930,20930,20930,130.37238,350.91857,1313.50000,3535.50000,0,0.11200,0.11200,0,0.00000,0,206.19600,20930,NaN,Infinity,100,20930,1,1313.50000,3535.50000,0,0,0.00000,0.00000,NaN
625,0.00000,10636,0,10636,10636,10636,133.94558,334.64063,1349.50000,3371.50000,0,0.11200,0.11200,0,0.00000,0,104.78264,10636,NaN,NaN,100,10636,1,1349.50000,3371.50000,0,0,0.00000,0.00000,NaN
626,0.00000,65535,0,65535,65535,65535,0.34739,280.24850,3.50000,2823.50000,0,0.11200,0.11200,0,0.00000,0,645.63091,65535,NaN,NaN,100,65535,1,3.50000,2823.50000,0,0,0.00000,0.00000,NaN
627,0.00000,28822,0,28822,28822,28822,0.54591,276.47678,5.50000,2785.50000,0,0.11200,0.11200,0,0.00000,0,283.94559,28822,NaN,NaN,100,28822,1,5.50000,2785.50000,0,0,0.00000,0.00000,NaN
628,0.00000,43919,0,43919,43919,43919,1.93549,272.30804,19.50000,2743.50000,0,0.11200,0.11200,0,0.00000,0,432.67665,43919,NaN,NaN,100,43919,1,19.50000,2743.50000,0,0,0.00000,0.00000,NaN
629,0.00000,65535,0,65535,65535,65535,4.11911,282.82915,41.50000,2849.50000,0,0.11200,0.11200,0,0.00000,0,645.63091,65535,NaN,NaN,100,65535,1,41.50000,2849.50000,0,0,0.00000,0.00000,NaN
630,0.00000,14411,0,14411,14411,14411,100.19864,266.55121,1009.50000,2685.50000,0,0.11200,0.11200,0,0.00000,0,141.97279,14411,NaN,NaN,100,14411,1,1009.50000,2685.50000,0,0,0.00000,0.00000,NaN
631,0.00000,15097,0,15097,15097,15097,98.41204,264.56610,991.50000,2665.50000,0,0.11200,0.11200,0,0.00000,0,148.73106,15097,NaN,NaN,100,15097,1,991.50000,2665.50000,0,0,0.00000,0.00000,NaN
632,0.00000,57644,0,57644,57644,57644,99.40459,278.85892,1001.50000,2809.50000,0,0.11200,0.11200,0,0.00000,0,567.89118,57644,NaN,NaN,100,57644,1,1001.50000,2809.50000,0,0,0.00000,0.00000,NaN
633,0.00000,6176,0,6176,6176,6176,98.41204,280.84403,991.50000,2829.50000,0,0.11200,0.11200,0,0.00000,0,60.84408,6176,NaN,NaN,100,6176,1,991.50000,2829.50000,0,0,0.00000,0.00000,NaN
634,0.00000,19557,0,19557,19557,19557,83.12666,203.02756,837.50000,2045.50000,0,0.11200,0.11200,0,0.00000,0,192.66962,19557,NaN,-Infinity,100,19557,1,837.50000,2045.50000,0,0,0.00000,0.00000,NaN
635,0.00000,21273,0,21273,21273,21273,97.81650,203.02756,985.50000,2045.50000,0,0.11200,0.11200,0,0.00000,0,209.57513,21273,NaN,NaN,100,21273,1,985.50000,2045.50000,0,0,0.00000,0.00000,NaN
