 ,Area,Mean,StdDev,Mode,Min,Max,X,Y,XM,YM,Perim.,Major,Minor,Angle,Circ.,Feret,IntDen,Median,Skew,Kurt,%Area,RawIntDen,Ch,FeretX,FeretY,FeretAngle,MinFeret,AR,Round,Solidity
1,0.00000,15380,0,15380,15380,15380,147.39473,9.62780,1485.00000,97.00000,0,0.11200,0.11200,0,0.00000,0,151.51909,15380,NaN,NaN,100,15380,2,1485.00000,97.00000,0,0,0.00000,0.00000,NaN
2,0.00000,15380,0,15380,15380,15380,148.00680,9.47892,1491.16663,95.50000,0,0.11200,0.11200,0,0.00000,0,151.51909,15380,NaN,NaN,100,15380,2,1491.16663,95.50000,0,0,0.00000,0.00000,NaN
3,0.00000,14754,0,14754,14754,14754,151.18299,9.08190,1523.16663,91.50000,0,0.11200,0.11200,0,0.00000,0,145.35193,14754,NaN,NaN,100,14754,2,1523.16663,91.50000,0,0,0.00000,0.00000,NaN
4,0.00000,15381,0,15381,15381,15381,155.68258,12.52276,1568.50000,126.16667,0,0.11200,0.11200,0,0.00000,0,151.52894,15381,NaN,Infinity,100,15381,2,1568.50000,126.16667,0,0,0.00000,0.00000,NaN
5,0.00000,14094,0,14094,14094,14094,150.91831,12.65510,1520.50000,127.50000,0,0.11200,0.11200,0,0.00000,0,138.84981,14094,NaN,NaN,100,14094,2,1520.50000,127.50000,0,0,0.00000,0.00000,NaN
6,0.00000,14757,0,14757,14757,14757,152.77108,16.22831,1539.16663,163.50000,0,0.11200,0.11200,0,0.00000,0,145.38148,14757,NaN,NaN,100,14757,2,1539.16663,163.50000,0,0,0.00000,0.00000,NaN
7,0.00000,14208,0,14208,14208,14208,151.31533,19.93386,1524.50000,200.83334,0,0.11200,0.11200,0,0.00000,0,139.97290,14208,NaN,NaN,100,14208,2,1524.50000,200.83334,0,0,0.00000,0.00000,NaN
8,0.00000,14758,0,14758,14758,14758,153.82981,22.97770,1549.83337,231.50000,0,0.11200,0.11200,0,0.00000,0,145.39133,14758,NaN,NaN,100,14758,2,1549.83337,231.50000,0,0,0.00000,0.00000,NaN
9,0.00000,14884,0,14884,14884,14884,150.65363,24.56579,1517.83337,247.50000,0,0.11200,0.11200,0,0.00000,0,146.63265,14884,NaN,NaN,100,14884,2,1517.83337,247.50000,0,0,0.00000,0.00000,NaN
10,0.00000,15018,0,15018,15018,15018,150.65363,29.99177,1517.83337,302.16669,0,0.11200,0.11200,0,0.00000,0,147.95277,15018,NaN,NaN,100,15018,2,1517.83337,302.16669,0,0,0.00000,0.00000,NaN
11,0.00000,14210,0,14210,14210,14210,147.87447,29.19772,1489.83337,294.16669,0,0.11200,0.11200,0,0.00000,0,139.99260,14210,NaN,NaN,100,14210,2,1489.83337,294.16669,0,0,0.00000,0.00000,NaN
12,0.00000,14096,0,14096,14096,14096,144.43360,26.28622,1455.16663,264.83331,0,0.11200,0.11200,0,0.00000,0,138.86951,14096,NaN,NaN,100,14096,2,1455.16663,264.83331,0,0,0.00000,0.00000,NaN
13,0.00000,15015,0,15015,15015,15015,141.65444,24.43345,1427.16663,246.16669,0,0.11200,0.11200,0,0.00000,0,147.92322,15015,NaN,NaN,100,15015,2,1427.16663,246.16669,0,0,0.00000,0.00000,NaN
14,0.00000,13979,0,13979,13979,13979,137.02251,19.66917,1380.50000,198.16666,0,0.11200,0.11200,0,0.00000,0,137.71686,13979,NaN,NaN,100,13979,2,1380.50000,198.16666,0,0,0.00000,0.00000,NaN
15,0.00000,13024,0,13024,13024,13024,131.06717,20.99258,1320.50000,211.50000,0,0.11200,0.11200,0,0.00000,0,128.30849,13024,NaN,NaN,100,13024,2,1320.50000,211.50000,0,0,0.00000,0.00000,NaN
16,0.00000,15135,0,15135,15135,15135,131.86121,16.75767,1328.50000,168.83334,0,0.11200,0.11200,0,0.00000,0,149.10542,15135,NaN,NaN,100,15135,2,1328.50000,168.83334,0,0,0.00000,0.00000,NaN
17,0.00000,14882,0,14882,14882,14882,134.24335,13.44915,1352.50000,135.50000,0,0.11200,0.11200,0,0.00000,0,146.61294,14882,NaN,NaN,100,14882,2,1352.50000,135.50000,0,0,0.00000,0.00000,NaN
18,0.00000,14320,0,14320,14320,14320,139.13997,9.21424,1401.83337,92.83334,0,0.11200,0.11200,0,0.00000,0,141.07629,14320,NaN,NaN,100,14320,2,1401.83337,92.83334,0,0,0.00000,0.00000,NaN
19,0.00000,15132,0,15132,15132,15132,142.31615,5.37635,1433.83337,54.16667,0,0.11200,0.11200,0,0.00000,0,149.07587,15132,NaN,NaN,100,15132,2,1433.83337,54.16667,0,0,0.00000,0.00000,NaN
20,0.00000,14751,0,14751,14751,14751,146.81574,3.65592,1479.16663,36.83334,0,0.11200,0.11200,0,0.00000,0,145.32237,14751,NaN,NaN,100,14751,2,1479.16663,36.83334,0,0,0.00000,0.00000,NaN
21,0.00000,14319,0,14319,14319,14319,156.87365,2.59719,1580.50000,26.16667,0,0.11200,0.11200,0,0.00000,0,141.06644,14319,NaN,NaN,100,14319,2,1580.50000,26.16667,0,0,0.00000,0.00000,NaN
22,0.00000,14211,0,14211,14211,14211,154.88854,41.90245,1560.50000,422.16666,0,0.11200,0.11200,0,0.00000,0,140.00245,14211,NaN,NaN,100,14211,2,1560.50000,422.16666,0,0,0.00000,0.00000,NaN
23,0.00000,15264,0,15264,15264,15264,157.27067,39.12329,1584.50000,394.16666,0,0.11200,0.11200,0,0.00000,0,150.37629,15264,NaN,NaN,100,15264,2,1584.50000,394.16666,0,0,0.00000,0.00000,NaN
24,0.00000,13620,0,13620,13620,13620,148.66852,40.18202,1497.83337,404.83331,0,0.11200,0.11200,0,0.00000,0,134.18010,13620,NaN,NaN,100,13620,2,1497.83337,404.83331,0,0,0.00000,0.00000,NaN
25,0.00000,13377,0,13377,13377,13377,145.88936,41.10841,1469.83337,414.16666,0,0.11200,0.11200,0,0.00000,0,131.78614,13377,NaN,NaN,100,13377,2,1469.83337,414.16666,0,0,0.00000,0.00000,NaN
26,0.00000,13379,0,13379,13379,13379,142.97785,38.06457,1440.50000,383.50000,0,0.11200,0.11200,0,0.00000,0,131.80584,13379,NaN,NaN,100,13379,2,1440.50000,383.50000,0,0,0.00000,0.00000,NaN
27,0.00000,14435,0,14435,14435,14435,155.81493,28.66836,1569.83337,288.83331,0,0.11200,0.11200,0,0.00000,0,142.20923,14435,NaN,NaN,100,14435,2,1569.83337,288.83331,0,0,0.00000,0.00000,NaN
28,0.00000,14888,0,14888,14888,14888,155.15322,33.03561,1563.16663,332.83331,0,0.11200,0.11200,0,0.00000,0,146.67205,14888,NaN,NaN,100,14888,2,1563.16663,332.83331,0,0,0.00000,0.00000,NaN
29,0.00000,15263,0,15263,15263,15263,139.27230,15.96363,1403.16663,160.83334,0,0.11200,0.11200,0,0.00000,0,150.36644,15263,NaN,NaN,100,15263,2,1403.16663,160.83334,0,0,0.00000,0.00000,NaN
30,0.00000,13862,0,13862,13862,13862,139.13997,12.65510,1401.83337,127.50000,0,0.11200,0.11200,0,0.00000,0,136.56421,13862,NaN,NaN,100,13862,2,1401.83337,127.50000,0,0,0.00000,0.00000,NaN
31,0.00000,14438,0,14438,14438,14438,146.02169,33.56497,1471.16663,338.16666,0,0.11200,0.11200,0,0.00000,0,142.23879,14438,NaN,NaN,100,14438,2,1471.16663,338.16666,0,0,0.00000,0.00000,NaN
32,0.00000,15488,0,15488,15488,15488,147.21276,24.43345,1483.16663,246.16667,0,0.11200,0.11200,0,0.00000,0,152.58307,15488,NaN,NaN,100,15488,2,1483.16663,246.16667,0,0,0.00000,0.00000,NaN
33,0.00000,13509,0,13509,13509,13509,148.13915,16.75767,1492.50000,168.83334,0,0.11200,0.11200,0,0.00000,0,133.08656,13509,NaN,NaN,100,13509,2,1492.50000,168.83334,0,0,0.00000,0.00000,NaN
34,0.00000,15569,0,15569,15569,15569,153.82981,6.17040,1549.83337,62.16667,0,0.11200,0.11200,0,0.00000,0,153.38106,15569,NaN,NaN,100,15569,2,1549.83337,62.16667,0,0,0.00000,0.00000,NaN
35,0.00000,14322,0,14322,14322,14322,156.60897,10.27297,1577.83337,103.50000,0,0.11200,0.11200,0,0.00000,0,141.09599,14322,NaN,NaN,100,14322,2,1577.83337,103.50000,0,0,0.00000,0.00000,NaN
36,0.00000,15131,0,15131,15131,15131,151.31533,4.18528,1524.50000,42.16667,0,0.11200,0.11200,0,0.00000,0,149.06602,15131,NaN,Infinity,100,15131,2,1524.50000,42.16667,0,0,0.00000,0.00000,NaN
37,0.00000,13747,0,13747,13747,13747,142.44848,16.22831,1435.16663,163.50000,0,0.11200,0.11200,0,0.00000,0,135.43127,13747,NaN,NaN,100,13747,2,1435.16663,163.50000,0,0,0.00000,0.00000,NaN
38,0.00000,15017,0,15017,15017,15017,139.93401,27.21261,1409.83337,274.16666,0,0.11200,0.11200,0,0.00000,0,147.94292,15017,NaN,NaN,100,15017,2,1409.83337,274.16666,0,0,0.00000,0.00000,NaN
39,0.00000,14760,0,14760,14760,14760,141.38976,31.44752,1424.50000,316.83331,0,0.11200,0.11200,0,0.00000,0,145.41104,14760,NaN,NaN,100,14760,2,1424.50000,316.83331,0,0,0.00000,0.00000,NaN
40,0.00000,15021,0,15021,15021,15021,136.49314,33.82965,1375.16663,340.83331,0,0.11200,0.11200,0,0.00000,0,147.98233,15021,NaN,NaN,100,15021,2,1375.16663,340.83331,0,0,0.00000,0.00000,NaN
41,0.00000,13982,0,13982,13982,13982,132.91994,31.05049,1339.16663,312.83331,0,0.11200,0.11200,0,0.00000,0,137.74642,13982,NaN,NaN,100,13982,2,1339.16663,312.83331,0,0,0.00000,0.00000,NaN
42,0.00000,14325,0,14325,14325,14325,133.58165,26.68324,1345.83337,268.83334,0,0.11200,0.11200,0,0.00000,0,141.12555,14325,NaN,NaN,100,14325,2,1345.83337,268.83334,0,0,0.00000,0.00000,NaN
43,0.00000,15385,0,15385,15385,15385,137.91581,21.29035,1389.50000,214.50000,0,0.11200,0.11200,0,0.00000,0,151.56835,15385,NaN,NaN,100,15385,2,1389.50000,214.50000,0,0,0.00000,0.00000,NaN
44,0.00000,15487,0,15487,15487,15487,127.89098,21.91897,1288.50000,220.83334,0,0.11200,0.11200,0,0.00000,0,152.57322,15487,NaN,NaN,100,15487,2,1288.50000,220.83334,0,0,0.00000,0.00000,NaN
45,0.00000,14758,0,14758,14758,14758,153.79672,21.58812,1549.50000,217.50000,0,0.11200,0.11200,0,0.00000,0,145.39133,14758,NaN,NaN,100,14758,2,1549.50000,217.50000,0,0,0.00000,0.00000,NaN
46,0.00000,15262,0,15262,15262,15262,126.30289,16.49299,1272.50000,166.16667,0,0.11200,0.11200,0,0.00000,0,150.35659,15262,NaN,NaN,100,15262,2,1272.50000,166.16667,0,0,0.00000,0.00000,NaN
47,0.00000,13979,0,13979,13979,13979,136.82400,17.81640,1378.50000,179.50000,0,0.11200,0.11200,0,0.00000,0,137.71686,13979,NaN,NaN,100,13979,2,1378.50000,179.50000,0,0,0.00000,0.00000,NaN
48,0.00000,15022,0,15022,15022,15022,151.05065,35.68243,1521.83337,359.50000,0,0.11200,0.11200,0,0.00000,0,147.99218,15022,NaN,NaN,100,15022,2,1521.83337,359.50000,0,0,0.00000,0.00000,NaN
49,0.00000,14648,0,14648,14648,14648,158.06472,20.86024,1592.50000,210.16667,0,0.11200,0.11200,0,0.00000,0,144.30765,14648,NaN,NaN,100,14648,2,1592.50000,210.16667,0,0,0.00000,0.00000,NaN
50,0.00000,14758,0,14758,14758,14758,155.15322,24.43345,1563.16663,246.16667,0,0.11200,0.11200,0,0.00000,0,145.39133,14758,NaN,NaN,100,14758,2,1563.16663,246.16667,0,0,0.00000,0.00000,NaN
51,0.00000,13509,0,13509,13509,13509,147.47745,17.41938,1485.83337,175.50000,0,0.11200,0.11200,0,0.00000,0,133.08656,13509,NaN,NaN,100,13509,2,1485.83337,175.50000,0,0,0.00000,0.00000,NaN
52,0.00000,15486,0,15486,15486,15486,144.03658,18.47811,1451.16663,186.16667,0,0.11200,0.11200,0,0.00000,0,152.56337,15486,NaN,NaN,100,15486,2,1451.16663,186.16667,0,0,0.00000,0.00000,NaN
53,0.00000,14324,0,14324,14324,14324,146.28638,20.72790,1473.83337,208.83334,0,0.11200,0.11200,0,0.00000,0,141.11570,14324,NaN,NaN,100,14324,2,1473.83337,208.83334,0,0,0.00000,0.00000,NaN
54,0.00000,14208,0,14208,14208,14208,149.59490,21.38961,1507.16663,215.50000,0,0.11200,0.11200,0,0.00000,0,139.97290,14208,NaN,NaN,100,14208,2,1507.16663,215.50000,0,0,0.00000,0.00000,NaN
55,0.00000,0,0,0,0,0,148.53617,19.80151,1496.50000,199.50000,0,0.11200,0.11200,0,0.00000,0,0.00000,0,NaN,NaN,0,0,2,1496.50000,199.50000,0,0,0.00000,0.00000,NaN
56,0.00000,13864,0,13864,13864,13864,148.83394,34.49136,1499.50000,347.50000,0,0.11200,0.11200,0,0.00000,0,136.58392,13864,NaN,NaN,100,13864,2,1499.50000,347.50000,0,0,0.00000,0.00000,NaN
57,0.00000,14755,0,14755,14755,14755,143.27562,9.77669,1443.50000,98.50000,0,0.11200,0.11200,0,0.00000,0,145.36178,14755,NaN,NaN,100,14755,2,1443.50000,98.50000,0,0,0.00000,0.00000,NaN
58,0.00000,14549,0,14549,14549,14549,113.49891,73.20109,1143.50000,737.50000,0,0.11200,0.11200,0,0.00000,0,143.33233,14549,NaN,NaN,100,14549,2,1143.50000,737.50000,0,0,0.00000,0.00000,NaN
59,0.00000,13986,0,13986,13986,13986,114.78923,75.78174,1156.50000,763.50000,0,0.11200,0.11200,0,0.00000,0,137.78582,13986,NaN,NaN,100,13986,2,1156.50000,763.50000,0,0,0.00000,0.00000,NaN
60,0.00000,12800,0,12800,12800,12800,110.15730,76.44344,1109.83337,770.16669,0,0.11200,0.11200,0,0.00000,0,126.10171,12800,NaN,NaN,100,12800,2,1109.83337,770.16669,0,0,0.00000,0.00000,NaN
61,0.00000,14764,0,14764,14764,14764,153.03577,88.48647,1541.83337,891.50000,0,0.11200,0.11200,0,0.00000,0,145.45044,14764,NaN,NaN,100,14764,2,1541.83337,891.50000,0,0,0.00000,0.00000,NaN
62,0.00000,14442,0,14442,14442,14442,157.27067,91.92733,1584.50000,926.16669,0,0.11200,0.11200,0,0.00000,0,142.27820,14442,NaN,NaN,100,14442,2,1584.50000,926.16669,0,0,0.00000,0.00000,NaN
63,0.00000,14763,0,14763,14763,14763,154.09449,83.32517,1552.50000,839.50000,0,0.11200,0.11200,0,0.00000,0,145.44059,14763,NaN,NaN,100,14763,2,1552.50000,839.50000,0,0,0.00000,0.00000,NaN
64,0.00000,14762,0,14762,14762,14762,156.60897,82.66347,1577.83337,832.83337,0,0.11200,0.11200,0,0.00000,0,145.43074,14762,NaN,NaN,100,14762,2,1577.83337,832.83337,0,0,0.00000,0.00000,NaN
65,0.00000,14765,0,14765,14765,14765,151.84470,94.30947,1529.83337,950.16669,0,0.11200,0.11200,0,0.00000,0,145.46029,14765,NaN,NaN,100,14765,2,1529.83337,950.16669,0,0,0.00000,0.00000,NaN
66,0.00000,13752,0,13752,13752,13752,153.82981,99.60311,1549.83337,1003.50000,0,0.11200,0.11200,0,0.00000,0,135.48053,13752,NaN,NaN,100,13752,2,1549.83337,1003.50000,0,0,0.00000,0.00000,NaN
67,0.00000,14443,0,14443,14443,14443,123.25905,120.24829,1241.83337,1211.50000,0,0.11200,0.11200,0,0.00000,0,142.28805,14443,NaN,NaN,100,14443,2,1241.83337,1211.50000,0,0,0.00000,0.00000,NaN
68,0.00000,14767,0,14767,14767,14767,106.71643,110.71975,1075.16663,1115.50000,0,0.11200,0.11200,0,0.00000,0,145.48000,14767,NaN,NaN,100,14767,2,1075.16663,1115.50000,0,0,0.00000,0.00000,NaN
69,0.00000,13512,0,13512,13512,13512,154.35917,77.43600,1555.16663,780.16669,0,0.11200,0.11200,0,0.00000,0,133.11612,13512,NaN,NaN,100,13512,2,1555.16663,780.16669,0,0,0.00000,0.00000,NaN
70,0.00000,13166,0,13166,13166,13166,132.65526,157.96546,1336.50000,1591.50000,0,0.11200,0.11200,0,0.00000,0,129.70743,13166,NaN,NaN,100,13166,2,1336.50000,1591.50000,0,0,0.00000,0.00000,NaN
71,0.00000,13991,0,13991,13991,13991,133.44930,162.33272,1344.50000,1635.50000,0,0.11200,0.11200,0,0.00000,0,137.83508,13991,NaN,NaN,100,13991,2,1344.50000,1635.50000,0,0,0.00000,0.00000,NaN
72,0.00000,14897,0,14897,14897,14897,134.77272,178.74299,1357.83337,1800.83325,0,0.11200,0.11200,0,0.00000,0,146.76072,14897,NaN,NaN,100,14897,2,1357.83337,1800.83325,0,0,0.00000,0.00000,NaN
73,0.00000,13872,0,13872,13872,13872,138.87528,182.84556,1399.16663,1842.16663,0,0.11200,0.11200,0,0.00000,0,136.66273,13872,NaN,NaN,100,13872,2,1399.16663,1842.16663,0,0,0.00000,0.00000,NaN
74,0.00000,14450,0,14450,14450,14450,140.19869,178.21363,1412.50000,1795.50000,0,0.11200,0.11200,0,0.00000,0,142.35701,14450,NaN,NaN,100,14450,2,1412.50000,1795.50000,0,0,0.00000,0.00000,NaN
75,0.00000,15395,0,15395,15395,15395,137.68421,173.84638,1387.16663,1751.50000,0,0.11200,0.11200,0,0.00000,0,151.66686,15395,NaN,NaN,100,15395,2,1387.16663,1751.50000,0,0,0.00000,0.00000,NaN
76,0.00000,14903,0,14903,14903,14903,138.08123,190.91836,1391.16663,1923.50000,0,0.11200,0.11200,0,0.00000,0,146.81983,14903,NaN,NaN,100,14903,2,1391.16663,1923.50000,0,0,0.00000,0.00000,NaN
77,0.00000,13875,0,13875,13875,13875,135.83144,187.34515,1368.50000,1887.50000,0,0.11200,0.11200,0,0.00000,0,136.69228,13875,NaN,NaN,100,13875,2,1368.50000,1887.50000,0,0,0.00000,0.00000,NaN
78,0.00000,14340,0,14340,14340,14340,141.38976,186.81579,1424.50000,1882.16663,0,0.11200,0.11200,0,0.00000,0,141.27332,14340,NaN,NaN,100,14340,2,1424.50000,1882.16663,0,0,0.00000,0.00000,NaN
79,0.00000,14775,0,14775,14775,14775,131.06717,189.85962,1320.50000,1912.83325,0,0.11200,0.11200,0,0.00000,0,145.55881,14775,NaN,NaN,100,14775,2,1320.50000,1912.83325,0,0,0.00000,0.00000,NaN
80,0.00000,13387,0,13387,13387,13387,133.84633,193.43283,1348.50000,1948.83325,0,0.11200,0.11200,0,0.00000,0,131.88466,13387,NaN,NaN,100,13387,2,1348.50000,1948.83325,0,0,0.00000,0.00000,NaN
81,0.00000,13389,0,13389,13389,13389,137.15485,196.07966,1381.83337,1975.50000,0,0.11200,0.11200,0,0.00000,0,131.90436,13389,NaN,NaN,100,13389,2,1381.83337,1975.50000,0,0,0.00000,0.00000,NaN
82,0.00000,12813,0,12813,12813,12813,140.59571,193.96220,1416.50000,1954.16663,0,0.11200,0.11200,0,0.00000,0,126.22978,12813,NaN,NaN,100,12813,2,1416.50000,1954.16663,0,0,0.00000,0.00000,NaN
83,0.00000,14904,0,14904,14904,14904,131.06717,196.60901,1320.50000,1980.83325,0,0.11200,0.11200,0,0.00000,0,146.82968,14904,NaN,NaN,100,14904,2,1320.50000,1980.83325,0,0,0.00000,0.00000,NaN
84,0.00000,15031,0,15031,15031,15031,128.15566,192.37411,1291.16663,1938.16663,0,0.11200,0.11200,0,0.00000,0,148.08085,15031,NaN,NaN,100,15031,2,1291.16663,1938.16663,0,0,0.00000,0.00000,NaN
85,0.00000,14775,0,14775,14775,14775,132.39058,189.46260,1333.83337,1908.83325,0,0.11200,0.11200,0,0.00000,0,145.55881,14775,NaN,NaN,100,14775,2,1333.83337,1908.83325,0,0,0.00000,0.00000,NaN
86,0.00000,14338,0,14338,14338,14338,132.78760,184.43365,1337.83337,1858.16663,0,0.11200,0.11200,0,0.00000,0,141.25362,14338,NaN,NaN,100,14338,2,1337.83337,1858.16663,0,0,0.00000,0.00000,NaN
87,0.00000,14897,0,14897,14897,14897,134.37569,180.33108,1353.83337,1816.83325,0,0.11200,0.11200,0,0.00000,0,146.76072,14897,NaN,NaN,100,14897,2,1353.83337,1816.83325,0,0,0.00000,0.00000,NaN
88,0.00000,14897,0,14897,14897,14897,136.49314,178.34596,1375.16663,1796.83325,0,0.11200,0.11200,0,0.00000,0,146.76072,14897,NaN,NaN,100,14897,2,1375.16663,1796.83325,0,0,0.00000,0.00000,NaN
89,0.00000,14779,0,14779,14779,14779,137.15485,200.97626,1381.83337,2024.83325,0,0.11200,0.11200,0,0.00000,0,145.59822,14779,NaN,NaN,100,14779,2,1381.83337,2024.83325,0,0,0.00000,0.00000,NaN
90,0.00000,14108,0,14108,14108,14108,141.65444,203.62309,1427.16663,2051.50000,0,0.11200,0.11200,0,0.00000,0,138.98773,14108,NaN,NaN,100,14108,2,1427.16663,2051.50000,0,0,0.00000,0.00000,NaN
91,0.00000,14452,0,14452,14452,14452,125.77352,200.57924,1267.16663,2020.83325,0,0.11200,0.11200,0,0.00000,0,142.37671,14452,NaN,NaN,100,14452,2,1267.16663,2020.83325,0,0,0.00000,0.00000,NaN
92,0.00000,13886,0,13886,13886,13886,129.21440,211.03419,1301.83337,2126.16675,0,0.11200,0.11200,0,0.00000,0,136.80065,13886,NaN,NaN,100,13886,2,1301.83337,2126.16675,0,0,0.00000,0.00000,NaN
93,0.00000,13882,0,13882,13882,13882,143.77190,207.46099,1448.50000,2090.16675,0,0.11200,0.11200,0,0.00000,0,136.76125,13882,NaN,NaN,100,13882,2,1448.50000,2090.16675,0,0,0.00000,0.00000,NaN
94,0.00000,14345,0,14345,14345,14345,138.74295,207.59332,1397.83337,2091.50000,0,0.11200,0.11200,0,0.00000,0,141.32258,14345,NaN,NaN,100,14345,2,1397.83337,2091.50000,0,0,0.00000,0.00000,NaN
95,0.00000,13768,0,13768,13768,13768,143.77190,210.76950,1448.50000,2123.50000,0,0.11200,0.11200,0,0.00000,0,135.63815,13768,NaN,NaN,100,13768,2,1448.50000,2123.50000,0,0,0.00000,0.00000,NaN
96,0.00000,14906,0,14906,14906,14906,138.74295,210.63717,1397.83337,2122.16675,0,0.11200,0.11200,0,0.00000,0,146.84938,14906,NaN,NaN,100,14906,2,1397.83337,2122.16675,0,0,0.00000,0.00000,NaN
97,0.00000,13387,0,13387,13387,13387,135.30207,191.58006,1363.16663,1930.16663,0,0.11200,0.11200,0,0.00000,0,131.88466,13387,NaN,NaN,100,13387,2,1363.16663,1930.16663,0,0,0.00000,0.00000,NaN
98,0.00000,13875,0,13875,13875,13875,134.90505,188.00686,1359.16663,1894.16663,0,0.11200,0.11200,0,0.00000,0,136.69228,13875,NaN,NaN,100,13875,2,1359.16663,1894.16663,0,0,0.00000,0.00000,NaN
99,0.00000,13302,0,13302,13302,13302,133.71398,231.71246,1347.16663,2334.50000,0,0.11200,0.11200,0,0.00000,0,131.04726,13302,NaN,NaN,100,13302,2,1347.16663,2334.50000,0,0,0.00000,0.00000,NaN
100,0.00000,14009,0,14009,14009,14009,137.15485,234.62397,1381.83337,2363.83350,0,0.11200,0.11200,0,0.00000,0,138.01241,14009,NaN,NaN,100,14009,2,1381.83337,2363.83350,0,0,0.00000,0.00000,NaN
101,0.00000,13773,0,13773,13773,13773,128.94971,228.66863,1299.16663,2303.83350,0,0.11200,0.11200,0,0.00000,0,135.68741,13773,NaN,NaN,100,13773,2,1299.16663,2303.83350,0,0,0.00000,0.00000,NaN
102,0.00000,13773,0,13773,13773,13773,131.46419,227.74223,1324.50000,2294.50000,0,0.11200,0.11200,0,0.00000,0,135.68741,13773,NaN,NaN,100,13773,2,1324.50000,2294.50000,0,0,0.00000,0.00000,NaN
103,0.00000,14909,0,14909,14909,14909,140.59571,229.72734,1416.50000,2314.50000,0,0.11200,0.11200,0,0.00000,0,146.87894,14909,NaN,NaN,100,14909,2,1416.50000,2314.50000,0,0,0.00000,0.00000,NaN
104,0.00000,14786,0,14786,14786,14786,136.36081,223.50734,1373.83337,2251.83350,0,0.11200,0.11200,0,0.00000,0,145.66718,14786,NaN,NaN,100,14786,2,1373.83337,2251.83350,0,0,0.00000,0.00000,NaN
105,0.00000,14114,0,14114,14114,14114,134.24335,219.00773,1352.50000,2206.50000,0,0.11200,0.11200,0,0.00000,0,139.04684,14114,NaN,NaN,100,14114,2,1352.50000,2206.50000,0,0,0.00000,0.00000,NaN
106,0.00000,13769,0,13769,13769,13769,136.09612,214.37581,1371.16663,2159.83350,0,0.11200,0.11200,0,0.00000,0,135.64801,13769,NaN,NaN,100,13769,2,1371.16663,2159.83350,0,0,0.00000,0.00000,NaN
107,0.00000,14907,0,14907,14907,14907,140.72806,215.43452,1417.83337,2170.50000,0,0.11200,0.11200,0,0.00000,0,146.85924,14907,NaN,Infinity,100,14907,2,1417.83337,2170.50000,0,0,0.00000,0.00000,NaN
108,0.00000,14016,0,14016,14016,14016,68.33756,240.94324,688.50000,2427.50000,0,0.11200,0.11200,0,0.00000,0,138.08137,14016,NaN,NaN,100,14016,2,688.50000,2427.50000,0,0,0.00000,0.00000,NaN
109,0.00000,14670,0,14670,14670,14670,133.58165,237.93249,1345.83337,2397.16675,0,0.11200,0.11200,0,0.00000,0,144.52438,14670,NaN,NaN,100,14670,2,1345.83337,2397.16675,0,0,0.00000,0.00000,NaN
110,0.00000,14454,0,14454,14454,14454,131.59653,235.41802,1325.83337,2371.83350,0,0.11200,0.11200,0,0.00000,0,142.39642,14454,NaN,NaN,100,14454,2,1325.83337,2371.83350,0,0,0.00000,0.00000,NaN
111,0.00000,14232,0,14232,14232,14232,128.28801,233.56524,1292.50000,2353.16675,0,0.11200,0.11200,0,0.00000,0,140.20934,14232,NaN,NaN,100,14232,2,1292.50000,2353.16675,0,0,0.00000,0.00000,NaN
112,0.00000,13774,0,13774,13774,13774,123.65608,233.96226,1245.83337,2357.16675,0,0.11200,0.11200,0,0.00000,0,135.69726,13774,NaN,NaN,100,13774,2,1245.83337,2357.16675,0,0,0.00000,0.00000,NaN
113,0.00000,15509,0,15509,15509,15509,130.00844,231.18310,1309.83337,2329.16675,0,0.11200,0.11200,0,0.00000,0,152.78996,15509,NaN,Infinity,100,15509,2,1309.83337,2329.16675,0,0,0.00000,0.00000,NaN
114,0.00000,15584,0,15584,15584,15584,134.11100,231.31543,1351.16663,2330.50000,0,0.11200,0.11200,0,0.00000,0,153.52883,15584,NaN,NaN,100,15584,2,1351.16663,2330.50000,0,0,0.00000,0.00000,NaN
115,0.00000,15044,0,15044,15044,15044,134.64037,227.08054,1356.50000,2287.83350,0,0.11200,0.11200,0,0.00000,0,148.20892,15044,NaN,NaN,100,15044,2,1356.50000,2287.83350,0,0,0.00000,0.00000,NaN
116,0.00000,13637,0,13637,13637,13637,132.65526,224.56605,1336.50000,2262.50000,0,0.11200,0.11200,0,0.00000,0,134.34758,13637,NaN,NaN,100,13637,2,1336.50000,2262.50000,0,0,0.00000,0.00000,NaN
117,0.00000,14009,0,14009,14009,14009,138.61060,234.22695,1396.50000,2359.83350,0,0.11200,0.11200,0,0.00000,0,138.01241,14009,NaN,NaN,100,14009,2,1396.50000,2359.83350,0,0,0.00000,0.00000,NaN
118,0.00000,13531,0,13531,13531,13531,103.63950,249.31382,1044.16663,2511.83350,0,0.11200,0.11200,0,0.00000,0,133.30330,13531,NaN,NaN,100,13531,2,1044.16663,2511.83350,0,0,0.00000,0.00000,NaN
119,0.00000,13897,0,13897,13897,13897,96.75777,252.35765,974.83331,2542.50000,0,0.11200,0.11200,0,0.00000,0,136.90902,13897,NaN,NaN,100,13897,2,974.83331,2542.50000,0,0,0.00000,0.00000,NaN
120,0.00000,13644,0,13644,13644,13644,92.91989,248.91680,936.16669,2507.83350,0,0.11200,0.11200,0,0.00000,0,134.41654,13644,NaN,NaN,100,13644,2,936.16669,2507.83350,0,0,0.00000,0.00000,NaN
121,0.00000,15056,0,15056,15056,15056,90.27307,252.49000,909.50000,2543.83350,0,0.11200,0.11200,0,0.00000,0,148.32714,15056,NaN,NaN,100,15056,2,909.50000,2543.83350,0,0,0.00000,0.00000,NaN
122,0.00000,13306,0,13306,13306,13306,86.83220,255.00447,874.83331,2569.16675,0,0.11200,0.11200,0,0.00000,0,131.08667,13306,NaN,NaN,100,13306,2,874.83331,2569.16675,0,0,0.00000,0.00000,NaN
123,0.00000,13898,0,13898,13898,13898,83.12666,253.41638,837.50000,2553.16675,0,0.11200,0.11200,0,0.00000,0,136.91887,13898,NaN,NaN,100,13898,2,837.50000,2553.16675,0,0,0.00000,0.00000,NaN
124,0.00000,13647,0,13647,13647,13647,77.56834,249.44615,781.50000,2513.16675,0,0.11200,0.11200,0,0.00000,0,134.44610,13647,NaN,NaN,100,13647,2,781.50000,2513.16675,0,0,0.00000,0.00000,NaN
125,0.00000,14923,0,14923,14923,14923,77.70068,258.04832,782.83331,2599.83350,0,0.11200,0.11200,0,0.00000,0,147.01686,14923,NaN,Infinity,100,14923,2,782.83331,2599.83350,0,0,0.00000,0.00000,NaN
126,0.00000,14570,0,14570,14570,14570,75.05386,256.19554,756.16669,2581.16675,0,0.11200,0.11200,0,0.00000,0,143.53921,14570,NaN,NaN,100,14570,2,756.16669,2581.16675,0,0,0.00000,0.00000,NaN
127,0.00000,14125,0,14125,14125,14125,78.09770,255.00447,786.83331,2569.16675,0,0.11200,0.11200,0,0.00000,0,139.15521,14125,NaN,NaN,100,14125,2,786.83331,2569.16675,0,0,0.00000,0.00000,NaN
128,0.00000,14128,0,14128,14128,14128,86.83220,261.48917,874.83331,2634.50000,0,0.11200,0.11200,0,0.00000,0,139.18476,14128,NaN,NaN,100,14128,2,874.83331,2634.50000,0,0,0.00000,0.00000,NaN
129,0.00000,14127,0,14127,14127,14127,91.46414,260.16577,921.50000,2621.16675,0,0.11200,0.11200,0,0.00000,0,139.17491,14127,NaN,NaN,100,14127,2,921.50000,2621.16675,0,0,0.00000,0.00000,NaN
130,0.00000,13653,0,13653,13653,13653,99.13991,264.93004,998.83331,2669.16675,0,0.11200,0.11200,0,0.00000,0,134.50521,13653,NaN,NaN,100,13653,2,998.83331,2669.16675,0,0,0.00000,0.00000,NaN
131,0.00000,14794,0,14794,14794,14794,97.28714,259.50406,980.16669,2614.50000,0,0.11200,0.11200,0,0.00000,0,145.74599,14794,NaN,NaN,100,14794,2,980.16669,2614.50000,0,0,0.00000,0.00000,NaN
132,0.00000,13310,0,13310,13310,13310,94.11096,267.57687,948.16669,2695.83350,0,0.11200,0.11200,0,0.00000,0,131.12608,13310,NaN,NaN,100,13310,2,948.16669,2695.83350,0,0,0.00000,0.00000,NaN
133,0.00000,13066,0,13066,13066,13066,94.90500,271.94412,956.16669,2739.83350,0,0.11200,0.11200,0,0.00000,0,128.72226,13066,NaN,NaN,100,13066,2,956.16669,2739.83350,0,0,0.00000,0.00000,NaN
134,0.00000,14930,0,14930,14930,14930,97.28714,270.75305,980.16669,2727.83350,0,0.11200,0.11200,0,0.00000,0,147.08582,14930,NaN,NaN,100,14930,2,980.16669,2727.83350,0,0,0.00000,0.00000,NaN
135,0.00000,14803,0,14803,14803,14803,91.99350,271.81177,926.83331,2738.50000,0,0.11200,0.11200,0,0.00000,0,145.83466,14803,NaN,NaN,100,14803,2,926.83331,2738.50000,0,0,0.00000,0.00000,NaN
136,0.00000,14574,0,14574,14574,14574,90.53775,269.56199,912.16669,2715.83350,0,0.11200,0.11200,0,0.00000,0,143.57862,14574,NaN,NaN,100,14574,2,912.16669,2715.83350,0,0,0.00000,0.00000,NaN
137,0.00000,14129,0,14129,14129,14129,89.34668,265.19473,900.16669,2671.83350,0,0.11200,0.11200,0,0.00000,0,139.19462,14129,NaN,NaN,100,14129,2,900.16669,2671.83350,0,0,0.00000,0.00000,NaN
138,0.00000,13654,0,13654,13654,13654,85.64113,265.32707,862.83331,2673.16675,0,0.11200,0.11200,0,0.00000,0,134.51506,13654,NaN,NaN,100,13654,2,862.83331,2673.16675,0,0,0.00000,0.00000,NaN
139,0.00000,15518,0,15518,15518,15518,81.93559,264.40069,825.50000,2663.83350,0,0.11200,0.11200,0,0.00000,0,152.87862,15518,NaN,NaN,100,15518,2,825.50000,2663.83350,0,0,0.00000,0.00000,NaN
140,0.00000,14926,0,14926,14926,14926,80.21516,263.34195,808.16669,2653.16675,0,0.11200,0.11200,0,0.00000,0,147.04642,14926,NaN,NaN,100,14926,2,808.16669,2653.16675,0,0,0.00000,0.00000,NaN
141,0.00000,14797,0,14797,14797,14797,76.90663,264.40069,774.83331,2663.83350,0,0.11200,0.11200,0,0.00000,0,145.77555,14797,NaN,NaN,100,14797,2,774.83331,2663.83350,0,0,0.00000,0.00000,NaN
142,0.00000,13792,0,13792,13792,13792,88.42029,282.39905,890.83331,2845.16675,0,0.11200,0.11200,0,0.00000,0,135.87459,13792,NaN,NaN,100,13792,2,890.83331,2845.16675,0,0,0.00000,0.00000,NaN
143,0.00000,14248,0,14248,14248,14248,91.86116,275.51733,925.50000,2775.83350,0,0.11200,0.11200,0,0.00000,0,140.36697,14248,NaN,NaN,100,14248,2,925.50000,2775.83350,0,0,0.00000,0.00000,NaN
144,0.00000,15065,0,15065,15065,15065,94.90500,275.64966,956.16669,2777.16675,0,0.11200,0.11200,0,0.00000,0,148.41580,15065,NaN,NaN,100,15065,2,956.16669,2777.16675,0,0,0.00000,0.00000,NaN
145,0.00000,14464,0,14464,14464,14464,97.55182,276.44371,982.83331,2785.16675,0,0.11200,0.11200,0,0.00000,0,142.49493,14464,NaN,NaN,100,14464,2,982.83331,2785.16675,0,0,0.00000,0.00000,NaN
146,0.00000,15171,0,15171,15171,15171,100.33098,274.72328,1010.83331,2767.83350,0,0.11200,0.11200,0,0.00000,0,149.46008,15171,NaN,NaN,100,15171,2,1010.83331,2767.83350,0,0,0.00000,0.00000,NaN
147,0.00000,13545,0,13545,13545,13545,98.34587,280.81096,990.83331,2829.16675,0,0.11200,0.11200,0,0.00000,0,133.44123,13545,NaN,NaN,100,13545,2,990.83331,2829.16675,0,0,0.00000,0.00000,NaN
148,0.00000,13545,0,13545,13545,13545,96.62543,278.29649,973.50000,2803.83350,0,0.11200,0.11200,0,0.00000,0,133.44123,13545,NaN,NaN,100,13545,2,973.50000,2803.83350,0,0,0.00000,0.00000,NaN
149,0.00000,14366,0,14366,14366,14366,86.03816,289.28077,866.83331,2914.50000,0,0.11200,0.11200,0,0.00000,0,141.52947,14366,NaN,NaN,100,14366,2,866.83331,2914.50000,0,0,0.00000,0.00000,NaN
150,0.00000,14253,0,14253,14253,14253,83.92070,285.57523,845.50000,2877.16675,0,0.11200,0.11200,0,0.00000,0,140.41623,14253,NaN,NaN,100,14253,2,845.50000,2877.16675,0,0,0.00000,0.00000,NaN
151,0.00000,15303,0,15303,15303,15303,85.24411,281.86969,858.83331,2839.83350,0,0.11200,0.11200,0,0.00000,0,150.76051,15303,NaN,NaN,100,15303,2,858.83331,2839.83350,0,0,0.00000,0.00000,NaN
152,0.00000,14468,0,14468,14468,14468,80.87686,282.39905,814.83331,2845.16675,0,0.11200,0.11200,0,0.00000,0,142.53434,14468,NaN,NaN,100,14468,2,814.83331,2845.16675,0,0,0.00000,0.00000,NaN
153,0.00000,14933,0,14933,14933,14933,82.59730,279.09053,832.16669,2811.83350,0,0.11200,0.11200,0,0.00000,0,147.11538,14933,NaN,Infinity,100,14933,2,832.16669,2811.83350,0,0,0.00000,0.00000,NaN
154,0.00000,14577,0,14577,14577,14577,76.90663,278.16413,774.83331,2802.50000,0,0.11200,0.11200,0,0.00000,0,143.60818,14577,NaN,NaN,100,14577,2,774.83331,2802.50000,0,0,0.00000,0.00000,NaN
155,0.00000,13903,0,13903,13903,13903,85.37646,275.51733,860.16669,2775.83350,0,0.11200,0.11200,0,0.00000,0,136.96813,13903,NaN,NaN,100,13903,2,860.16669,2775.83350,0,0,0.00000,0.00000,NaN
156,0.00000,14675,0,14675,14675,14675,87.09689,271.28241,877.50000,2733.16675,0,0.11200,0.11200,0,0.00000,0,144.57364,14675,NaN,NaN,100,14675,2,877.50000,2733.16675,0,0,0.00000,0.00000,NaN
157,0.00000,14240,0,14240,14240,14240,74.25982,250.63722,748.16669,2525.16675,0,0.11200,0.11200,0,0.00000,0,140.28815,14240,NaN,NaN,100,14240,2,748.16669,2525.16675,0,0,0.00000,0.00000,NaN
158,0.00000,14241,0,14241,14241,14241,70.95129,251.69596,714.83331,2535.83350,0,0.11200,0.11200,0,0.00000,0,140.29801,14241,NaN,NaN,100,14241,2,714.83331,2535.83350,0,0,0.00000,0.00000,NaN
159,0.00000,15165,0,15165,15165,15165,70.28959,256.46023,708.16669,2583.83350,0,0.11200,0.11200,0,0.00000,0,149.40097,15165,NaN,NaN,100,15165,2,708.16669,2583.83350,0,0,0.00000,0.00000,NaN
160,0.00000,14238,0,14238,14238,14238,69.89257,248.38742,704.16669,2502.50000,0,0.11200,0.11200,0,0.00000,0,140.26845,14238,NaN,NaN,100,14238,2,704.16669,2502.50000,0,0,0.00000,0.00000,NaN
161,0.00000,14021,0,14021,14021,14021,80.47984,248.12275,810.83331,2499.83350,0,0.11200,0.11200,0,0.00000,0,138.13063,14021,NaN,NaN,100,14021,2,810.83331,2499.83350,0,0,0.00000,0.00000,NaN
162,0.00000,13778,0,13778,13778,13778,74.52449,245.21123,750.83331,2470.50000,0,0.11200,0.11200,0,0.00000,0,135.73667,13778,NaN,NaN,100,13778,2,750.83331,2470.50000,0,0,0.00000,0.00000,NaN
163,0.00000,14012,0,14012,14012,14012,64.46658,240.31463,649.50000,2421.16675,0,0.11200,0.11200,0,0.00000,0,138.04197,14012,NaN,NaN,100,14012,2,649.50000,2421.16675,0,0,0.00000,0.00000,NaN
164,0.00000,14123,0,14123,14123,14123,65.52531,254.34276,660.16669,2562.50000,0,0.11200,0.11200,0,0.00000,0,139.13551,14123,NaN,NaN,100,14123,2,660.16669,2562.50000,0,0,0.00000,0.00000,NaN
165,0.00000,14124,0,14124,14124,14124,60.36402,254.07809,608.16669,2559.83350,0,0.11200,0.11200,0,0.00000,0,139.14536,14124,NaN,NaN,100,14124,2,608.16669,2559.83350,0,0,0.00000,0.00000,NaN
166,0.00000,14245,0,14245,14245,14245,61.55509,261.35684,620.16669,2633.16675,0,0.11200,0.11200,0,0.00000,0,140.33741,14245,NaN,NaN,100,14245,2,620.16669,2633.16675,0,0,0.00000,0.00000,NaN
167,0.00000,14795,0,14795,14795,14795,58.24656,261.35684,586.83331,2633.16675,0,0.11200,0.11200,0,0.00000,0,145.75585,14795,NaN,NaN,100,14795,2,586.83331,2633.16675,0,0,0.00000,0.00000,NaN
168,0.00000,14800,0,14800,14800,14800,59.70231,264.93004,601.50000,2669.16675,0,0.11200,0.11200,0,0.00000,0,145.80510,14800,NaN,NaN,100,14800,2,601.50000,2669.16675,0,0,0.00000,0.00000,NaN
169,0.00000,14931,0,14931,14931,14931,58.11422,269.16496,585.50000,2711.83350,0,0.11200,0.11200,0,0.00000,0,147.09568,14931,NaN,NaN,100,14931,2,585.50000,2711.83350,0,0,0.00000,0.00000,NaN
170,0.00000,14025,0,14025,14025,14025,60.23167,271.81177,606.83331,2738.50000,0,0.11200,0.11200,0,0.00000,0,138.17004,14025,NaN,NaN,100,14025,2,606.83331,2738.50000,0,0,0.00000,0.00000,NaN
171,0.00000,14461,0,14461,14461,14461,63.93722,264.79771,644.16669,2667.83350,0,0.11200,0.11200,0,0.00000,0,142.46538,14461,NaN,NaN,100,14461,2,644.16669,2667.83350,0,0,0.00000,0.00000,NaN
172,0.00000,13902,0,13902,13902,13902,67.64277,260.56279,681.50000,2625.16675,0,0.11200,0.11200,0,0.00000,0,136.95828,13902,NaN,NaN,100,13902,2,681.50000,2625.16675,0,0,0.00000,0.00000,NaN
173,0.00000,14571,0,14571,14571,14571,70.55427,264.26833,710.83331,2662.50000,0,0.11200,0.11200,0,0.00000,0,143.54907,14571,NaN,NaN,100,14571,2,710.83331,2662.50000,0,0,0.00000,0.00000,NaN
174,0.00000,14801,0,14801,14801,14801,71.87768,266.38580,724.16669,2683.83350,0,0.11200,0.11200,0,0.00000,0,145.81496,14801,NaN,NaN,100,14801,2,724.16669,2683.83350,0,0,0.00000,0.00000,NaN
175,0.00000,13313,0,13313,13313,13313,100.99269,271.41474,1017.50000,2734.50000,0,0.11200,0.11200,0,0.00000,0,131.15563,13313,NaN,NaN,100,13313,2,1017.50000,2734.50000,0,0,0.00000,0.00000,NaN
176,0.00000,14026,0,14026,14026,14026,105.35994,276.57604,1061.50000,2786.50000,0,0.11200,0.11200,0,0.00000,0,138.17989,14026,NaN,NaN,100,14026,2,1061.50000,2786.50000,0,0,0.00000,0.00000,NaN
177,0.00000,15302,0,15302,15302,15302,103.11015,279.75222,1038.83337,2818.50000,0,0.11200,0.11200,0,0.00000,0,150.75066,15302,NaN,NaN,100,15302,2,1038.83337,2818.50000,0,0,0.00000,0.00000,NaN
178,0.00000,14811,0,14811,14811,14811,101.91908,283.45778,1026.83337,2855.83350,0,0.11200,0.11200,0,0.00000,0,145.91347,14811,NaN,Infinity,100,14811,2,1026.83337,2855.83350,0,0,0.00000,0.00000,NaN
179,0.00000,13663,0,13663,13663,13663,95.96373,285.04588,966.83337,2871.83350,0,0.11200,0.11200,0,0.00000,0,134.60373,13663,NaN,NaN,100,13663,2,966.83337,2871.83350,0,0,0.00000,0.00000,NaN
180,0.00000,14139,0,14139,14139,14139,109.33017,294.97145,1101.50000,2971.83350,0,0.11200,0.11200,0,0.00000,0,139.29313,14139,NaN,NaN,100,14139,2,1101.50000,2971.83350,0,0,0.00000,0.00000,NaN
181,0.00000,14473,0,14473,14473,14473,113.69742,292.05993,1145.50000,2942.50000,0,0.11200,0.11200,0,0.00000,0,142.58360,14473,NaN,NaN,100,14473,2,1145.50000,2942.50000,0,0,0.00000,0.00000,NaN
182,0.00000,14471,0,14471,14471,14471,114.19370,289.18151,1150.50000,2913.50000,0,0.11200,0.11200,0,0.00000,0,142.56390,14471,NaN,NaN,100,14471,2,1150.50000,2913.50000,0,0,0.00000,0.00000,NaN
183,0.00000,14581,0,14581,14581,14581,111.57997,289.01610,1124.16675,2911.83350,0,0.11200,0.11200,0,0.00000,0,143.64758,14581,NaN,NaN,100,14581,2,1124.16675,2911.83350,0,0,0.00000,0.00000,NaN
184,0.00000,14374,0,14374,14374,14374,78.23005,302.11786,788.16669,3043.83350,0,0.11200,0.11200,0,0.00000,0,141.60828,14374,NaN,NaN,100,14374,2,788.16669,3043.83350,0,0,0.00000,0.00000,NaN
185,0.00000,15181,0,15181,15181,15181,75.58322,299.20634,761.50000,3014.50000,0,0.11200,0.11200,0,0.00000,0,149.55860,15181,NaN,NaN,100,15181,2,761.50000,3014.50000,0,0,0.00000,0.00000,NaN
186,0.00000,15077,0,15077,15077,15077,73.06875,301.58848,736.16669,3038.50000,0,0.11200,0.11200,0,0.00000,0,148.53402,15077,NaN,Infinity,100,15077,2,736.16669,3038.50000,0,0,0.00000,0.00000,NaN
187,0.00000,14141,0,14141,14141,14141,69.23086,300.52977,697.50000,3027.83350,0,0.11200,0.11200,0,0.00000,0,139.31284,14141,NaN,NaN,100,14141,2,697.50000,3027.83350,0,0,0.00000,0.00000,NaN
188,0.00000,14819,0,14819,14819,14819,69.76022,297.88294,702.83331,3001.16675,0,0.11200,0.11200,0,0.00000,0,145.99229,14819,NaN,NaN,100,14819,2,702.83331,3001.16675,0,0,0.00000,0.00000,NaN
189,0.00000,15076,0,15076,15076,15076,65.78999,298.01527,662.83331,3002.50000,0,0.11200,0.11200,0,0.00000,0,148.52417,15076,NaN,NaN,100,15076,2,662.83331,3002.50000,0,0,0.00000,0.00000,NaN
190,0.00000,14818,0,14818,14818,14818,69.09852,294.17740,696.16669,2963.83350,0,0.11200,0.11200,0,0.00000,0,145.98243,14818,NaN,NaN,100,14818,2,696.16669,2963.83350,0,0,0.00000,0.00000,NaN
191,0.00000,14688,0,14688,14688,14688,72.80406,295.63314,733.50000,2978.50000,0,0.11200,0.11200,0,0.00000,0,144.70171,14688,NaN,NaN,100,14688,2,733.50000,2978.50000,0,0,0.00000,0.00000,NaN
192,0.00000,13200,0,13200,13200,13200,76.11259,296.16252,766.83331,2983.83350,0,0.11200,0.11200,0,0.00000,0,130.04239,13200,NaN,NaN,100,13200,2,766.83331,2983.83350,0,0,0.00000,0.00000,NaN
193,0.00000,14369,0,14369,14369,14369,73.59811,292.19229,741.50000,2943.83350,0,0.11200,0.11200,0,0.00000,0,141.55902,14369,NaN,NaN,100,14369,2,741.50000,2943.83350,0,0,0.00000,0.00000,NaN
194,0.00000,13414,0,13414,13414,13414,75.84791,288.61908,764.16669,2907.83350,0,0.11200,0.11200,0,0.00000,0,132.15065,13414,NaN,NaN,100,13414,2,764.16669,2907.83350,0,0,0.00000,0.00000,NaN
195,0.00000,15308,0,15308,15308,15308,78.75941,291.66291,793.50000,2938.50000,0,0.11200,0.11200,0,0.00000,0,150.80977,15308,NaN,NaN,100,15308,2,793.50000,2938.50000,0,0,0.00000,0.00000,NaN
196,0.00000,15425,0,15425,15425,15425,81.40623,291.26588,820.16669,2934.50000,0,0.11200,0.11200,0,0.00000,0,151.96241,15425,NaN,NaN,100,15425,2,820.16669,2934.50000,0,0,0.00000,0.00000,NaN
197,0.00000,14036,0,14036,14036,14036,80.61218,296.42718,812.16669,2986.50000,0,0.11200,0.11200,0,0.00000,0,138.27841,14036,NaN,NaN,100,14036,2,812.16669,2986.50000,0,0,0.00000,0.00000,NaN
198,0.00000,14368,0,14368,14368,14368,58.64358,292.72164,590.83331,2949.16675,0,0.11200,0.11200,0,0.00000,0,141.54917,14368,NaN,NaN,100,14368,2,590.83331,2949.16675,0,0,0.00000,0.00000,NaN
199,0.00000,14475,0,14475,14475,14475,58.37890,297.08889,588.16669,2993.16675,0,0.11200,0.11200,0,0.00000,0,142.60330,14475,NaN,NaN,100,14475,2,588.16669,2993.16675,0,0,0.00000,0.00000,NaN
200,0.00000,13912,0,13912,13912,13912,59.04060,300.92679,594.83331,3031.83350,0,0.11200,0.11200,0,0.00000,0,137.05680,13912,NaN,NaN,100,13912,2,594.83331,3031.83350,0,0,0.00000,0.00000,NaN
201,0.00000,14481,0,14481,14481,14481,56.65847,307.14680,570.83331,3094.50000,0,0.11200,0.11200,0,0.00000,0,142.66241,14481,NaN,NaN,100,14481,2,570.83331,3094.50000,0,0,0.00000,0.00000,NaN
202,0.00000,14042,0,14042,14042,14042,59.43763,312.04343,598.83331,3143.83350,0,0.11200,0.11200,0,0.00000,0,138.33752,14042,NaN,NaN,100,14042,2,598.83331,3143.83350,0,0,0.00000,0.00000,NaN
203,0.00000,13544,0,13544,13544,13544,123.62299,281.20798,1245.50000,2833.16675,0,0.11200,0.11200,0,0.00000,0,133.43137,13544,NaN,NaN,100,13544,2,1245.50000,2833.16675,0,0,0.00000,0.00000,NaN
204,0.00000,15424,0,15424,15424,15424,119.52043,287.16332,1204.16675,2893.16675,0,0.11200,0.11200,0,0.00000,0,151.95256,15424,NaN,NaN,100,15424,2,1204.16675,2893.16675,0,0,0.00000,0.00000,NaN
205,0.00000,14381,0,14381,14381,14381,119.52043,310.32298,1204.16675,3126.50000,0,0.11200,0.11200,0,0.00000,0,141.67724,14381,NaN,NaN,100,14381,2,1204.16675,3126.50000,0,0,0.00000,0.00000,NaN
206,0.00000,14696,0,14696,14696,14696,108.13910,307.27916,1089.50000,3095.83350,0,0.11200,0.11200,0,0.00000,0,144.78053,14696,NaN,NaN,100,14696,2,1089.50000,3095.83350,0,0,0.00000,0.00000,NaN
207,0.00000,14034,0,14034,14034,14034,93.18457,289.81015,938.83337,2919.83350,0,0.11200,0.11200,0,0.00000,0,138.25870,14034,NaN,NaN,100,14034,2,938.83337,2919.83350,0,0,0.00000,0.00000,NaN
208,0.00000,14470,0,14470,14470,14470,91.86116,286.36928,925.50000,2885.16675,0,0.11200,0.11200,0,0.00000,0,142.55404,14470,NaN,NaN,100,14470,2,925.50000,2885.16675,0,0,0.00000,0.00000,NaN
209,0.00000,12845,0,12845,12845,12845,90.40541,291.39824,910.83337,2935.83350,0,0.11200,0.11200,0,0.00000,0,126.54504,12845,NaN,NaN,100,12845,2,910.83337,2935.83350,0,0,0.00000,0.00000,NaN
210,0.00000,0,0,0,0,0,89.61137,294.17740,902.83337,2963.83350,0,0.11200,0.11200,0,0.00000,0,0.00000,0,NaN,NaN,0,0,2,902.83337,2963.83350,0,0,0.00000,0.00000,NaN
211,0.00000,14360,0,14360,14360,14360,82.33261,274.72328,829.50000,2767.83350,0,0.11200,0.11200,0,0.00000,0,141.47036,14360,NaN,NaN,100,14360,2,829.50000,2767.83350,0,0,0.00000,0.00000,NaN
212,0.00000,13310,0,13310,13310,13310,94.90500,265.98878,956.16663,2679.83350,0,0.11200,0.11200,0,0.00000,0,131.12608,13310,NaN,NaN,100,13310,2,956.16663,2679.83350,0,0,0.00000,0.00000,NaN
213,0.00000,13407,0,13407,13407,13407,95.30202,263.60664,960.16663,2655.83350,0,0.11200,0.11200,0,0.00000,0,132.08169,13407,NaN,NaN,100,13407,2,960.16663,2655.83350,0,0,0.00000,0.00000,NaN
214,0.00000,13407,0,13407,13407,13407,94.64032,261.09215,953.50000,2630.50000,0,0.11200,0.11200,0,0.00000,0,132.08169,13407,NaN,NaN,100,13407,2,953.50000,2630.50000,0,0,0.00000,0.00000,NaN
215,0.00000,14025,0,14025,14025,14025,62.21679,270.35603,626.83331,2723.83350,0,0.11200,0.11200,0,0.00000,0,138.17004,14025,NaN,NaN,100,14025,2,626.83331,2723.83350,0,0,0.00000,0.00000,NaN
216,0.00000,14573,0,14573,14573,14573,57.05549,265.45940,574.83331,2674.50000,0,0.11200,0.11200,0,0.00000,0,143.56877,14573,NaN,NaN,100,14573,2,574.83331,2674.50000,0,0,0.00000,0.00000,NaN
217,0.00000,14123,0,14123,14123,14123,64.46658,252.75467,649.50000,2546.50000,0,0.11200,0.11200,0,0.00000,0,139.13551,14123,NaN,NaN,100,14123,2,649.50000,2546.50000,0,0,0.00000,0.00000,NaN
218,0.00000,13534,0,13534,13534,13534,58.11422,256.59256,585.50000,2585.16675,0,0.11200,0.11200,0,0.00000,0,133.33286,13534,NaN,NaN,100,13534,2,585.50000,2585.16675,0,0,0.00000,0.00000,NaN
219,0.00000,12463,0,12463,12463,12463,67.51043,250.10787,680.16669,2519.83350,0,0.11200,0.11200,0,0.00000,0,122.78169,12463,NaN,NaN,100,12463,2,680.16669,2519.83350,0,0,0.00000,0.00000,NaN
220,0.00000,12693,0,12693,12693,12693,74.52449,233.69757,750.83331,2354.50000,0,0.11200,0.11200,0,0.00000,0,125.04758,12693,NaN,NaN,100,12693,2,750.83331,2354.50000,0,0,0.00000,0.00000,NaN
221,0.00000,13399,0,13399,13399,13399,72.40704,231.44779,729.50000,2331.83350,0,0.11200,0.11200,0,0.00000,0,132.00288,13399,NaN,NaN,100,13399,2,729.50000,2331.83350,0,0,0.00000,0.00000,NaN
222,0.00000,14458,0,14458,14458,14458,76.97280,246.79933,775.50000,2486.50000,0,0.11200,0.11200,0,0.00000,0,142.43582,14458,NaN,NaN,100,14458,2,775.50000,2486.50000,0,0,0.00000,0.00000,NaN
223,0.00000,14919,0,14919,14919,14919,76.11259,243.35848,766.83331,2451.83350,0,0.11200,0.11200,0,0.00000,0,146.97746,14919,NaN,NaN,100,14919,2,766.83331,2451.83350,0,0,0.00000,0.00000,NaN
224,0.00000,13213,0,13213,13213,13213,91.33179,320.31473,920.16663,3227.16675,0,0.11200,0.11200,0,0.00000,0,130.17046,13213,NaN,NaN,100,13213,2,920.16663,3227.16675,0,0,0.00000,0.00000,NaN
225,0.00000,13436,0,13436,13436,13436,95.16969,323.35858,958.83337,3257.83350,0,0.11200,0.11200,0,0.00000,0,132.36739,13436,NaN,NaN,100,13436,2,958.83337,3257.83350,0,0,0.00000,0.00000,NaN
226,0.00000,13428,0,13428,13428,13428,83.25900,318.19728,838.83337,3205.83350,0,0.11200,0.11200,0,0.00000,0,132.28858,13428,NaN,NaN,100,13428,2,838.83337,3205.83350,0,0,0.00000,0.00000,NaN
227,0.00000,14386,0,14386,14386,14386,76.11259,324.15263,766.83331,3265.83350,0,0.11200,0.11200,0,0.00000,0,141.72650,14386,NaN,NaN,100,14386,2,766.83331,3265.83350,0,0,0.00000,0.00000,NaN
228,0.00000,14047,0,14047,14047,14047,101.65439,317.53557,1024.16663,3199.16675,0,0.11200,0.11200,0,0.00000,0,138.38678,14047,NaN,NaN,100,14047,2,1024.16663,3199.16675,0,0,0.00000,0.00000,NaN
229,0.00000,13425,0,13425,13425,13425,106.68335,311.84492,1074.83337,3141.83350,0,0.11200,0.11200,0,0.00000,0,132.25902,13425,NaN,NaN,100,13425,2,1074.83337,3141.83350,0,0,0.00000,0.00000,NaN
230,0.00000,13433,0,13433,13433,13433,111.57997,321.37347,1124.16675,3237.83350,0,0.11200,0.11200,0,0.00000,0,132.33784,13433,NaN,NaN,100,13433,2,1124.16675,3237.83350,0,0,0.00000,0.00000,NaN
231,0.00000,14046,0,14046,14046,14046,118.72638,317.80026,1196.16675,3201.83350,0,0.11200,0.11200,0,0.00000,0,138.37692,14046,NaN,NaN,100,14046,2,1196.16675,3201.83350,0,0,0.00000,0.00000,NaN
232,0.00000,14594,0,14594,14594,14594,128.25493,324.28496,1292.16675,3267.16675,0,0.11200,0.11200,0,0.00000,0,143.77565,14594,NaN,NaN,100,14594,2,1292.16675,3267.16675,0,0,0.00000,0.00000,NaN
233,0.00000,13810,0,13810,13810,13810,131.69578,323.35858,1326.83325,3257.83350,0,0.11200,0.11200,0,0.00000,0,136.05192,13810,NaN,NaN,100,13810,2,1326.83325,3257.83350,0,0,0.00000,0.00000,NaN
234,0.00000,13092,0,13092,13092,13092,132.35749,318.72664,1333.50000,3211.16675,0,0.11200,0.11200,0,0.00000,0,128.97841,13092,NaN,NaN,100,13092,2,1333.50000,3211.16675,0,0,0.00000,0.00000,NaN
235,0.00000,13430,0,13430,13430,13430,136.46005,318.59431,1374.83325,3209.83350,0,0.11200,0.11200,0,0.00000,0,132.30828,13430,NaN,NaN,100,13430,2,1374.83325,3209.83350,0,0,0.00000,0.00000,NaN
236,0.00000,13336,0,13336,13336,13336,130.37238,334.21053,1313.50000,3367.16675,0,0.11200,0.11200,0,0.00000,0,131.38222,13336,NaN,NaN,100,13336,2,1313.50000,3367.16675,0,0,0.00000,0.00000,NaN
237,0.00000,14499,0,14499,14499,14499,108.00676,347.70931,1088.16675,3503.16675,0,0.11200,0.11200,0,0.00000,0,142.83974,14499,NaN,NaN,100,14499,2,1088.16675,3503.16675,0,0,0.00000,0.00000,NaN
238,0.00000,13825,0,13825,13825,13825,113.30039,349.03271,1141.50000,3516.50000,0,0.11200,0.11200,0,0.00000,0,136.19970,13825,NaN,NaN,100,13825,2,1141.50000,3516.50000,0,0,0.00000,0.00000,NaN
239,0.00000,12751,0,12751,12751,12751,119.65276,348.63569,1205.50000,3512.50000,0,0.11200,0.11200,0,0.00000,0,125.61898,12751,NaN,NaN,100,12751,2,1205.50000,3512.50000,0,0,0.00000,0.00000,NaN
240,0.00000,13824,0,13824,13824,13824,119.65276,342.54801,1205.50000,3451.16675,0,0.11200,0.11200,0,0.00000,0,136.18985,13824,NaN,NaN,100,13824,2,1205.50000,3451.16675,0,0,0.00000,0.00000,NaN
241,0.00000,13691,0,13691,13691,13691,120.31447,339.23949,1212.16675,3417.83350,0,0.11200,0.11200,0,0.00000,0,134.87957,13691,NaN,NaN,100,13691,2,1212.16675,3417.83350,0,0,0.00000,0.00000,NaN
242,0.00000,13941,0,13941,13941,13941,108.00676,356.04679,1088.16675,3587.16675,0,0.11200,0.11200,0,0.00000,0,137.34250,13941,NaN,NaN,100,13941,2,1088.16675,3587.16675,0,0,0.00000,0.00000,NaN
243,0.00000,13706,0,13706,13706,13706,112.37402,357.23786,1132.16675,3599.16675,0,0.11200,0.11200,0,0.00000,0,135.02735,13706,NaN,NaN,100,13706,2,1132.16675,3599.16675,0,0,0.00000,0.00000,NaN
244,0.00000,14288,0,14288,14288,14288,115.02082,353.79698,1158.83325,3564.50000,0,0.11200,0.11200,0,0.00000,0,140.76104,14288,NaN,NaN,100,14288,2,1158.83325,3564.50000,0,0,0.00000,0.00000,NaN
245,0.00000,14070,0,14070,14070,14070,117.13829,358.82595,1180.16675,3615.16675,0,0.11200,0.11200,0,0.00000,0,138.61337,14070,NaN,NaN,100,14070,2,1180.16675,3615.16675,0,0,0.00000,0.00000,NaN
246,0.00000,14067,0,14067,14067,14067,121.50554,353.00294,1224.16675,3556.50000,0,0.11200,0.11200,0,0.00000,0,138.58381,14067,NaN,NaN,100,14067,2,1224.16675,3556.50000,0,0,0.00000,0.00000,NaN
247,0.00000,15797,0,15797,15797,15797,124.02001,356.44381,1249.50000,3591.16675,0,0.11200,0.11200,0,0.00000,0,155.62724,15797,NaN,Infinity,100,15797,2,1249.50000,3591.16675,0,0,0.00000,0.00000,NaN
248,0.00000,13938,0,13938,13938,13938,132.22516,358.82595,1332.16675,3615.16675,0,0.11200,0.11200,0,0.00000,0,137.31294,13938,NaN,NaN,100,13938,2,1332.16675,3615.16675,0,0,0.00000,0.00000,NaN
249,0.00000,13113,0,13113,13113,13113,137.38645,359.61999,1384.16675,3623.16675,0,0.11200,0.11200,0,0.00000,0,129.18529,13113,NaN,NaN,100,13113,2,1384.16675,3623.16675,0,0,0.00000,0.00000,NaN
250,0.00000,12003,0,12003,12003,12003,115.55020,324.94667,1164.16675,3273.83350,0,0.11200,0.11200,0,0.00000,0,118.24991,12003,NaN,NaN,100,12003,2,1164.16675,3273.83350,0,0,0.00000,0.00000,NaN
251,0.00000,14832,0,14832,14832,14832,116.60891,328.38752,1174.83325,3308.50000,0,0.11200,0.11200,0,0.00000,0,146.12036,14832,NaN,NaN,100,14832,2,1174.83325,3308.50000,0,0,0.00000,0.00000,NaN
252,0.00000,14054,0,14054,14054,14054,121.63787,328.91690,1225.50000,3313.83350,0,0.11200,0.11200,0,0.00000,0,138.45574,14054,NaN,NaN,100,14054,2,1225.50000,3313.83350,0,0,0.00000,0.00000,NaN
253,0.00000,13921,0,13921,13921,13921,80.61218,322.69687,812.16669,3251.16675,0,0.11200,0.11200,0,0.00000,0,137.14546,13921,NaN,NaN,100,13921,2,812.16669,3251.16675,0,0,0.00000,0.00000,NaN
254,0.00000,13814,0,13814,13814,13814,100.33099,323.62325,1010.83337,3260.50000,0,0.11200,0.11200,0,0.00000,0,136.09133,13814,NaN,NaN,100,13814,2,1010.83337,3260.50000,0,0,0.00000,0.00000,NaN
255,0.00000,13684,0,13684,13684,13684,94.11095,327.32881,948.16663,3297.83350,0,0.11200,0.11200,0,0.00000,0,134.81061,13684,NaN,NaN,100,13684,2,948.16663,3297.83350,0,0,0.00000,0.00000,NaN
256,0.00000,0,0,0,0,0,107.21271,315.94748,1080.16663,3183.16675,0,0.11200,0.11200,0,0.00000,0,0.00000,0,NaN,NaN,0,0,2,1080.16663,3183.16675,0,0,0.00000,0.00000,NaN
257,0.00000,15434,0,15434,15434,15434,106.41866,318.19728,1072.16663,3205.83350,0,0.11200,0.11200,0,0.00000,0,152.05108,15434,NaN,NaN,100,15434,2,1072.16663,3205.83350,0,0,0.00000,0.00000,NaN
258,0.00000,13566,0,13566,13566,13566,123.22597,320.71175,1241.50000,3231.16675,0,0.11200,0.11200,0,0.00000,0,133.64811,13566,NaN,NaN,100,13566,2,1241.50000,3231.16675,0,0,0.00000,0.00000,NaN
259,0.00000,14604,0,14604,14604,14604,110.78592,342.15099,1116.16675,3447.16675,0,0.11200,0.11200,0,0.00000,0,143.87417,14604,NaN,NaN,100,14604,2,1116.16675,3447.16675,0,0,0.00000,0.00000,NaN
260,0.00000,14718,0,14718,14718,14718,114.62380,341.88630,1154.83325,3444.50000,0,0.11200,0.11200,0,0.00000,0,144.99726,14718,NaN,NaN,100,14718,2,1154.83325,3444.50000,0,0,0.00000,0.00000,NaN
261,0.00000,14501,0,14501,14501,14501,102.58078,355.91445,1033.50000,3585.83350,0,0.11200,0.11200,0,0.00000,0,142.85945,14501,NaN,NaN,100,14501,2,1033.50000,3585.83350,0,0,0.00000,0.00000,NaN
262,0.00000,14294,0,14294,14294,14294,99.66927,358.82595,1004.16663,3615.16675,0,0.11200,0.11200,0,0.00000,0,140.82015,14294,NaN,NaN,100,14294,2,1004.16663,3615.16675,0,0,0.00000,0.00000,NaN
263,0.00000,14180,0,14180,14180,14180,121.90256,360.54637,1228.16675,3632.50000,0,0.11200,0.11200,0,0.00000,0,139.69705,14180,NaN,NaN,100,14180,2,1228.16675,3632.50000,0,0,0.00000,0.00000,NaN
264,0.00000,13344,0,13344,13344,13344,98.21353,345.45950,989.50000,3480.50000,0,0.11200,0.11200,0,0.00000,0,131.46103,13344,NaN,NaN,100,13344,2,989.50000,3480.50000,0,0,0.00000,0.00000,NaN
265,0.00000,13457,0,13457,13457,13457,95.43437,350.62080,961.50000,3532.50000,0,0.11200,0.11200,0,0.00000,0,132.57428,13457,NaN,NaN,100,13457,2,961.50000,3532.50000,0,0,0.00000,0.00000,NaN
266,0.00000,15097,0,15097,15097,15097,100.46332,351.54720,1012.16663,3541.83350,0,0.11200,0.11200,0,0.00000,0,148.73106,15097,NaN,NaN,100,15097,2,1012.16663,3541.83350,0,0,0.00000,0.00000,NaN
267,0.00000,15096,0,15096,15096,15096,102.44843,347.97400,1032.16663,3505.83350,0,0.11200,0.11200,0,0.00000,0,148.72121,15096,NaN,NaN,100,15096,2,1032.16663,3505.83350,0,0,0.00000,0.00000,NaN
268,0.00000,15098,0,15098,15098,15098,106.28633,351.94423,1070.83337,3545.83350,0,0.11200,0.11200,0,0.00000,0,148.74091,15098,NaN,NaN,100,15098,2,1070.83337,3545.83350,0,0,0.00000,0.00000,NaN
269,0.00000,14171,0,14171,14171,14171,104.56589,344.66546,1053.50000,3472.50000,0,0.11200,0.11200,0,0.00000,0,139.60839,14171,NaN,NaN,100,14171,2,1053.50000,3472.50000,0,0,0.00000,0.00000,NaN
270,0.00000,13338,0,13338,13338,13338,108.13910,338.31309,1089.50000,3408.50000,0,0.11200,0.11200,0,0.00000,0,131.40192,13338,NaN,NaN,100,13338,2,1089.50000,3408.50000,0,0,0.00000,0.00000,NaN
271,0.00000,14032,0,14032,14032,14032,126.43523,286.79938,1273.83325,2889.50000,0,0.11200,0.11200,0,0.00000,0,138.23900,14032,NaN,NaN,100,14032,2,1273.83325,2889.50000,0,0,0.00000,0.00000,NaN
272,0.00000,14700,0,14700,14700,14700,139.27231,313.66460,1403.16675,3160.16675,0,0.11200,0.11200,0,0.00000,0,144.81993,14700,NaN,NaN,100,14700,2,1403.16675,3160.16675,0,0,0.00000,0.00000,NaN
273,0.00000,13925,0,13925,13925,13925,141.52209,326.76635,1425.83325,3292.16675,0,0.11200,0.11200,0,0.00000,0,137.18487,13925,NaN,NaN,100,13925,2,1425.83325,3292.16675,0,0,0.00000,0.00000,NaN
274,0.00000,14063,0,14063,14063,14063,137.68422,338.41235,1387.16675,3409.50000,0,0.11200,0.11200,0,0.00000,0,138.54440,14063,NaN,NaN,100,14063,2,1387.16675,3409.50000,0,0,0.00000,0.00000,NaN
275,0.00000,13932,0,13932,13932,13932,140.72805,347.80856,1417.83325,3504.16675,0,0.11200,0.11200,0,0.00000,0,137.25383,13932,NaN,NaN,100,13932,2,1417.83325,3504.16675,0,0,0.00000,0.00000,NaN
276,0.00000,15552,0,15552,15552,15552,137.15484,348.73494,1381.83325,3513.50000,0,0.11200,0.11200,0,0.00000,0,153.21358,15552,NaN,NaN,100,15552,2,1381.83325,3513.50000,0,0,0.00000,0.00000,NaN
277,0.00000,13937,0,13937,13937,13937,139.93400,352.17581,1409.83325,3548.16675,0,0.11200,0.11200,0,0.00000,0,137.30309,13937,NaN,NaN,100,13937,2,1409.83325,3548.16675,0,0,0.00000,0.00000,NaN
278,0.00000,15223,0,15223,15223,15223,138.87529,354.95497,1399.16675,3576.16675,0,0.11200,0.11200,0,0.00000,0,149.97237,15223,NaN,NaN,100,15223,2,1399.16675,3576.16675,0,0,0.00000,0.00000,NaN
279,0.00000,15555,0,15555,15555,15555,140.72805,360.64563,1417.83325,3633.50000,0,0.11200,0.11200,0,0.00000,0,153.24313,15555,NaN,NaN,100,15555,2,1417.83325,3633.50000,0,0,0.00000,0.00000,NaN
280,0.00000,13944,0,13944,13944,13944,135.96377,362.76310,1369.83325,3654.83350,0,0.11200,0.11200,0,0.00000,0,137.37205,13944,NaN,NaN,100,13944,2,1369.83325,3654.83350,0,0,0.00000,0.00000,NaN
281,0.00000,13948,0,13948,13948,13948,133.84633,364.74821,1348.50000,3674.83350,0,0.11200,0.11200,0,0.00000,0,137.41146,13948,NaN,NaN,100,13948,2,1348.50000,3674.83350,0,0,0.00000,0.00000,NaN
282,0.00000,13835,0,13835,13835,13835,130.00843,368.05673,1309.83325,3708.16675,0,0.11200,0.11200,0,0.00000,0,136.29822,13835,NaN,NaN,100,13835,2,1309.83325,3708.16675,0,0,0.00000,0.00000,NaN
283,0.00000,14618,0,14618,14618,14618,132.25824,375.07081,1332.50000,3778.83350,0,0.11200,0.11200,0,0.00000,0,144.01210,14618,NaN,NaN,100,14618,2,1332.50000,3778.83350,0,0,0.00000,0.00000,NaN
284,0.00000,13949,0,13949,13949,13949,134.37568,370.17417,1353.83325,3729.50000,0,0.11200,0.11200,0,0.00000,0,137.42131,13949,NaN,NaN,100,13949,2,1353.83325,3729.50000,0,0,0.00000,0.00000,NaN
285,0.00000,14855,0,14855,14855,14855,126.43523,371.36524,1273.83325,3741.50000,0,0.11200,0.11200,0,0.00000,0,146.34695,14855,NaN,NaN,100,14855,2,1273.83325,3741.50000,0,0,0.00000,0.00000,NaN
286,0.00000,14985,0,14985,14985,14985,119.42117,370.43886,1203.16675,3732.16675,0,0.11200,0.11200,0,0.00000,0,147.62767,14985,NaN,NaN,100,14985,2,1203.16675,3732.16675,0,0,0.00000,0.00000,NaN
287,0.00000,14074,0,14074,14074,14074,125.11182,368.45375,1260.50000,3712.16675,0,0.11200,0.11200,0,0.00000,0,138.65277,14074,NaN,NaN,100,14074,2,1260.50000,3712.16675,0,0,0.00000,0.00000,NaN
288,0.00000,14503,0,14503,14503,14503,121.67095,365.40990,1225.83325,3681.50000,0,0.11200,0.11200,0,0.00000,0,142.87915,14503,NaN,NaN,100,14503,2,1225.83325,3681.50000,0,0,0.00000,0.00000,NaN
289,0.00000,14506,0,14506,14506,14506,115.98030,366.86566,1168.50000,3696.16675,0,0.11200,0.11200,0,0.00000,0,142.90871,14506,NaN,NaN,100,14506,2,1168.50000,3696.16675,0,0,0.00000,0.00000,NaN
290,0.00000,13468,0,13468,13468,13468,110.28965,369.11546,1111.16675,3718.83350,0,0.11200,0.11200,0,0.00000,0,132.68264,13468,NaN,NaN,100,13468,2,1111.16675,3718.83350,0,0,0.00000,0.00000,NaN
291,0.00000,13353,0,13353,13353,13353,109.49560,361.70436,1103.16675,3644.16675,0,0.11200,0.11200,0,0.00000,0,131.54970,13353,NaN,NaN,100,13353,2,1103.16675,3644.16675,0,0,0.00000,0.00000,NaN
292,0.00000,14727,0,14727,14727,14727,111.87774,361.30734,1127.16675,3640.16675,0,0.11200,0.11200,0,0.00000,0,145.08593,14727,NaN,NaN,100,14727,2,1127.16675,3640.16675,0,0,0.00000,0.00000,NaN
293,0.00000,14070,0,14070,14070,14070,117.96541,356.54307,1188.50000,3592.16675,0,0.11200,0.11200,0,0.00000,0,138.61337,14070,NaN,NaN,100,14070,2,1188.50000,3592.16675,0,0,0.00000,0.00000,NaN
294,0.00000,14067,0,14067,14067,14067,120.61224,352.70517,1215.16675,3553.50000,0,0.11200,0.11200,0,0.00000,0,138.58381,14067,NaN,NaN,100,14067,2,1215.16675,3553.50000,0,0,0.00000,0.00000,NaN
295,0.00000,15228,0,15228,15228,15228,101.55513,365.54226,1023.16663,3682.83350,0,0.11200,0.11200,0,0.00000,0,150.02163,15228,NaN,NaN,100,15228,2,1023.16663,3682.83350,0,0,0.00000,0.00000,NaN
296,0.00000,15355,0,15355,15355,15355,104.06961,372.95333,1048.50000,3757.50000,0,0.11200,0.11200,0,0.00000,0,151.27280,15355,NaN,Infinity,100,15355,2,1048.50000,3757.50000,0,0,0.00000,0.00000,NaN
297,0.00000,13467,0,13467,13467,13467,102.08450,371.10058,1028.50000,3738.83350,0,0.11200,0.11200,0,0.00000,0,132.67279,13467,NaN,NaN,100,13467,2,1028.50000,3738.83350,0,0,0.00000,0.00000,NaN
298,0.00000,15354,0,15354,15354,15354,100.62875,368.85077,1013.83337,3716.16675,0,0.11200,0.11200,0,0.00000,0,151.26294,15354,NaN,NaN,100,15354,2,1013.83337,3716.16675,0,0,0.00000,0.00000,NaN
299,0.00000,13472,0,13472,13472,13472,79.45420,374.67378,800.50000,3774.83350,0,0.11200,0.11200,0,0.00000,0,132.72205,13472,NaN,NaN,100,13472,2,800.50000,3774.83350,0,0,0.00000,0.00000,NaN
300,0.00000,15456,0,15456,15456,15456,94.80574,361.30734,955.16663,3640.16675,0,0.11200,0.11200,0,0.00000,0,152.26782,15456,NaN,NaN,100,15456,2,955.16663,3640.16675,0,0,0.00000,0.00000,NaN
301,0.00000,14500,0,14500,14500,14500,94.54106,356.14604,952.50000,3588.16675,0,0.11200,0.11200,0,0.00000,0,142.84959,14500,NaN,NaN,100,14500,2,952.50000,3588.16675,0,0,0.00000,0.00000,NaN
302,0.00000,14721,0,14721,14721,14721,97.58490,354.29326,983.16663,3569.50000,0,0.11200,0.11200,0,0.00000,0,145.02682,14721,NaN,NaN,100,14721,2,983.16663,3569.50000,0,0,0.00000,0.00000,NaN
303,0.00000,15097,0,15097,15097,15097,99.04066,349.66134,997.83337,3522.83350,0,0.11200,0.11200,0,0.00000,0,148.73106,15097,NaN,NaN,100,15097,2,997.83337,3522.83350,0,0,0.00000,0.00000,NaN
304,0.00000,15092,0,15092,15092,15092,99.04066,339.33875,997.83337,3418.83350,0,0.11200,0.11200,0,0.00000,0,148.68180,15092,NaN,NaN,100,15092,2,997.83337,3418.83350,0,0,0.00000,0.00000,NaN
305,0.00000,15446,0,15446,15446,15446,96.79086,340.52982,975.16663,3430.83350,0,0.11200,0.11200,0,0.00000,0,152.16930,15446,NaN,NaN,100,15446,2,975.16663,3430.83350,0,0,0.00000,0.00000,NaN
306,0.00000,15625,0,15625,15625,15625,105.65770,337.88299,1064.50000,3404.16675,0,0.11200,0.11200,0,0.00000,0,153.93275,15625,NaN,NaN,100,15625,2,1064.50000,3404.16675,0,0,0.00000,0.00000,NaN
307,0.00000,14595,0,14595,14595,14595,112.93645,331.53063,1137.83325,3340.16675,0,0.11200,0.11200,0,0.00000,0,143.78551,14595,NaN,NaN,100,14595,2,1137.83325,3340.16675,0,0,0.00000,0.00000,NaN
308,0.00000,13691,0,13691,13691,13691,120.61224,337.35364,1215.16675,3398.83350,0,0.11200,0.11200,0,0.00000,0,134.87957,13691,NaN,NaN,100,13691,2,1215.16675,3398.83350,0,0,0.00000,0.00000,NaN
309,0.00000,14060,0,14060,14060,14060,126.96461,328.75147,1279.16675,3312.16675,0,0.11200,0.11200,0,0.00000,0,138.51485,14060,NaN,NaN,100,14060,2,1279.16675,3312.16675,0,0,0.00000,0.00000,NaN
310,0.00000,13566,0,13566,13566,13566,124.31778,320.14930,1252.50000,3225.50000,0,0.11200,0.11200,0,0.00000,0,133.64811,13566,NaN,NaN,100,13566,2,1252.50000,3225.50000,0,0,0.00000,0.00000,NaN
311,0.00000,13326,0,13326,13326,13326,131.19950,316.57609,1321.83325,3189.50000,0,0.11200,0.11200,0,0.00000,0,131.28370,13326,NaN,NaN,100,13326,2,1321.83325,3189.50000,0,0,0.00000,0.00000,NaN
312,0.00000,14080,0,14080,14080,14080,126.17056,378.84252,1271.16675,3816.83350,0,0.11200,0.11200,0,0.00000,0,138.71188,14080,NaN,NaN,100,14080,2,1271.16675,3816.83350,0,0,0.00000,0.00000,NaN
313,0.00000,12997,0,12997,12997,12997,123.52373,374.47527,1244.50000,3772.83350,0,0.11200,0.11200,0,0.00000,0,128.04250,12997,NaN,NaN,100,12997,2,1244.50000,3772.83350,0,0,0.00000,0.00000,NaN
314,0.00000,13849,0,13849,13849,13849,128.15567,390.35619,1291.16675,3932.83350,0,0.11200,0.11200,0,0.00000,0,136.43614,13849,NaN,NaN,100,13849,2,1291.16675,3932.83350,0,0,0.00000,0.00000,NaN
315,0.00000,14421,0,14421,14421,14421,117.43606,401.20814,1183.16675,4042.16675,0,0.11200,0.11200,0,0.00000,0,142.07131,14421,NaN,NaN,100,14421,2,1183.16675,4042.16675,0,0,0.00000,0.00000,NaN
316,0.00000,14306,0,14306,14306,14306,97.05555,396.44386,977.83337,3994.16675,0,0.11200,0.11200,0,0.00000,0,140.93837,14306,NaN,NaN,100,14306,2,977.83337,3994.16675,0,0,0.00000,0.00000,NaN
317,0.00000,15251,0,15251,15251,15251,84.35082,394.06172,849.83337,3970.16675,0,0.11200,0.11200,0,0.00000,0,150.24822,15251,NaN,NaN,100,15251,2,849.83337,3970.16675,0,0,0.00000,0.00000,NaN
318,0.00000,14868,0,14868,14868,14868,86.33593,386.78298,869.83337,3896.83350,0,0.11200,0.11200,0,0.00000,0,146.47502,14868,NaN,NaN,100,14868,2,869.83337,3896.83350,0,0,0.00000,0.00000,NaN
319,0.00000,12642,0,12642,12642,12642,83.15975,386.25360,837.83337,3891.50000,0,0.11200,0.11200,0,0.00000,0,124.54514,12642,NaN,NaN,100,12642,2,837.83337,3891.50000,0,0,0.00000,0.00000,NaN
320,0.00000,14300,0,14300,14300,14300,83.82145,381.75402,844.50000,3846.16675,0,0.11200,0.11200,0,0.00000,0,140.87926,14300,NaN,NaN,100,14300,2,844.50000,3846.16675,0,0,0.00000,0.00000,NaN
321,0.00000,0,0,0,0,0,81.70399,377.38676,823.16669,3802.16675,0,0.11200,0.11200,0,0.00000,0,0.00000,0,NaN,NaN,0,0,2,823.16669,3802.16675,0,0,0.00000,0.00000,NaN
322,0.00000,13953,0,13953,13953,13953,78.66015,380.03359,792.50000,3828.83350,0,0.11200,0.11200,0,0.00000,0,137.46072,13953,NaN,NaN,100,13953,2,792.50000,3828.83350,0,0,0.00000,0.00000,NaN
323,0.00000,13964,0,13964,13964,13964,94.14404,396.77471,948.50000,3997.50000,0,0.11200,0.11200,0,0.00000,0,137.56909,13964,NaN,NaN,100,13964,2,948.50000,3997.50000,0,0,0.00000,0.00000,NaN
324,0.00000,15251,0,15251,15251,15251,86.40210,394.09480,870.50000,3970.50000,0,0.11200,0.11200,0,0.00000,0,150.24822,15251,NaN,NaN,100,15251,2,870.50000,3970.50000,0,0,0.00000,0.00000,NaN
325,0.00000,14084,0,14084,14084,14084,132.52293,391.67959,1335.16675,3946.16675,0,0.11200,0.11200,0,0.00000,0,138.75129,14084,NaN,NaN,100,14084,2,1335.16675,3946.16675,0,0,0.00000,0.00000,NaN
326,0.00000,14192,0,14192,14192,14192,138.87529,405.70772,1399.16675,4087.50000,0,0.11200,0.11200,0,0.00000,0,139.81527,14192,NaN,NaN,100,14192,2,1399.16675,4087.50000,0,0,0.00000,0.00000,NaN
327,0.00000,13594,0,13594,13594,13594,135.16973,402.79623,1361.83325,4058.16675,0,0.11200,0.11200,0,0.00000,0,133.92396,13594,NaN,NaN,100,13594,2,1361.83325,4058.16675,0,0,0.00000,0.00000,NaN
328,0.00000,15368,0,15368,15368,15368,109.89262,396.44386,1107.16675,3994.16675,0,0.11200,0.11200,0,0.00000,0,151.40087,15368,NaN,NaN,100,15368,2,1107.16675,3994.16675,0,0,0.00000,0.00000,NaN
329,0.00000,13952,0,13952,13952,13952,108.56920,376.06336,1093.83325,3788.83350,0,0.11200,0.11200,0,0.00000,0,137.45087,13952,NaN,NaN,100,13952,2,1093.83325,3788.83350,0,0,0.00000,0.00000,NaN
330,0.00000,12998,0,12998,12998,12998,115.58328,376.32803,1164.50000,3791.50000,0,0.11200,0.11200,0,0.00000,0,128.05235,12998,NaN,NaN,100,12998,2,1164.50000,3791.50000,0,0,0.00000,0.00000,NaN
331,0.00000,12998,0,12998,12998,12998,114.78923,378.97486,1156.50000,3818.16675,0,0.11200,0.11200,0,0.00000,0,128.05235,12998,NaN,NaN,100,12998,2,1156.50000,3818.16675,0,0,0.00000,0.00000,NaN
332,0.00000,14298,0,14298,14298,14298,129.21439,374.73994,1301.83325,3775.50000,0,0.11200,0.11200,0,0.00000,0,140.85955,14298,NaN,NaN,100,14298,2,1301.83325,3775.50000,0,0,0.00000,0.00000,NaN
333,0.00000,14414,0,14414,14414,14414,130.93483,378.84252,1319.16675,3816.83350,0,0.11200,0.11200,0,0.00000,0,142.00235,14414,NaN,NaN,100,14414,2,1319.16675,3816.83350,0,0,0.00000,0.00000,NaN
334,0.00000,14075,0,14075,14075,14075,139.66934,367.32886,1407.16675,3700.83350,0,0.11200,0.11200,0,0.00000,0,138.66262,14075,NaN,NaN,100,14075,2,1407.16675,3700.83350,0,0,0.00000,0.00000,NaN
335,0.00000,14853,0,14853,14853,14853,137.81655,371.56375,1388.50000,3743.50000,0,0.11200,0.11200,0,0.00000,0,146.32724,14853,NaN,Infinity,100,14853,2,1388.50000,3743.50000,0,0,0.00000,0.00000,NaN
336,0.00000,14609,0,14609,14609,14609,144.56594,351.97730,1456.50000,3546.16675,0,0.11200,0.11200,0,0.00000,0,143.92343,14609,NaN,NaN,100,14609,2,1456.50000,3546.16675,0,0,0.00000,0.00000,NaN
337,0.00000,13931,0,13931,13931,13931,144.83063,346.55132,1459.16675,3491.50000,0,0.11200,0.11200,0,0.00000,0,137.24398,13931,NaN,NaN,100,13931,2,1459.16675,3491.50000,0,0,0.00000,0.00000,NaN
338,0.00000,13929,0,13929,13929,13929,144.83063,341.39002,1459.16675,3439.50000,0,0.11200,0.11200,0,0.00000,0,137.22428,13929,NaN,NaN,100,13929,2,1459.16675,3439.50000,0,0,0.00000,0.00000,NaN
339,0.00000,14286,0,14286,14286,14286,140.33102,343.37513,1413.83325,3459.50000,0,0.11200,0.11200,0,0.00000,0,140.74133,14286,NaN,NaN,100,14286,2,1413.83325,3459.50000,0,0,0.00000,0.00000,NaN
340,0.00000,14968,0,14968,14968,14968,141.91912,339.27257,1429.83325,3418.16675,0,0.11200,0.11200,0,0.00000,0,147.46019,14968,NaN,NaN,100,14968,2,1429.83325,3418.16675,0,0,0.00000,0.00000,NaN
341,0.00000,13445,0,13445,13445,13445,144.69828,335.96406,1457.83325,3384.83350,0,0.11200,0.11200,0,0.00000,0,132.45606,13445,NaN,NaN,100,13445,2,1457.83325,3384.83350,0,0,0.00000,0.00000,NaN
342,0.00000,14163,0,14163,14163,14163,145.22766,329.87636,1463.16675,3323.50000,0,0.11200,0.11200,0,0.00000,0,139.52957,14163,NaN,NaN,100,14163,2,1463.16675,3323.50000,0,0,0.00000,0.00000,NaN
343,0.00000,13574,0,13574,13574,13574,95.99681,347.34536,967.16663,3499.50000,0,0.11200,0.11200,0,0.00000,0,133.72692,13574,NaN,NaN,100,13574,2,967.16663,3499.50000,0,0,0.00000,0.00000,NaN
344,0.00000,14505,0,14505,14505,14505,97.84959,366.79948,985.83337,3695.50000,0,0.11200,0.11200,0,0.00000,0,142.89885,14505,NaN,NaN,100,14505,2,985.83337,3695.50000,0,0,0.00000,0.00000,NaN
345,0.00000,13839,0,13839,13839,13839,94.93809,374.47527,956.50000,3772.83350,0,0.11200,0.11200,0,0.00000,0,136.33762,13839,NaN,NaN,100,13839,2,956.50000,3772.83350,0,0,0.00000,0.00000,NaN
346,0.00000,12994,0,12994,12994,12994,95.07043,370.10802,957.83337,3728.83350,0,0.11200,0.11200,0,0.00000,0,128.01294,12994,NaN,NaN,100,12994,2,957.83337,3728.83350,0,0,0.00000,0.00000,NaN
347,0.00000,14504,0,14504,14504,14504,106.84877,364.68203,1076.50000,3674.16675,0,0.11200,0.11200,0,0.00000,0,142.88900,14504,NaN,NaN,100,14504,2,1076.50000,3674.16675,0,0,0.00000,0.00000,NaN
348,0.00000,12880,0,12880,12880,12880,89.90914,355.15349,905.83337,3578.16675,0,0.11200,0.11200,0,0.00000,0,126.88985,12880,NaN,NaN,100,12880,2,905.83337,3578.16675,0,0,0.00000,0.00000,NaN
349,0.00000,13456,0,13456,13456,13456,90.17381,350.38921,908.50000,3530.16675,0,0.11200,0.11200,0,0.00000,0,132.56442,13456,NaN,NaN,100,13456,2,908.50000,3530.16675,0,0,0.00000,0.00000,NaN
350,0.00000,14041,0,14041,14041,14041,144.76445,311.11703,1458.50000,3134.50000,0,0.11200,0.11200,0,0.00000,0,138.32767,14041,NaN,NaN,100,14041,2,1458.50000,3134.50000,0,0,0.00000,0.00000,NaN
351,0.00000,13559,0,13559,13559,13559,148.73468,312.90363,1498.50000,3152.50000,0,0.11200,0.11200,0,0.00000,0,133.57915,13559,NaN,NaN,100,13559,2,1498.50000,3152.50000,0,0,0.00000,0.00000,NaN
352,0.00000,14824,0,14824,14824,14824,144.26818,306.55126,1453.50000,3088.50000,0,0.11200,0.11200,0,0.00000,0,146.04154,14824,NaN,NaN,100,14824,2,1453.50000,3088.50000,0,0,0.00000,0.00000,NaN
353,0.00000,14048,0,14048,14048,14048,146.74957,319.05748,1478.50000,3214.50000,0,0.11200,0.11200,0,0.00000,0,138.39663,14048,NaN,NaN,100,14048,2,1478.50000,3214.50000,0,0,0.00000,0.00000,NaN
354,0.00000,14160,0,14160,14160,14160,148.03989,323.22622,1491.50000,3256.50000,0,0.11200,0.11200,0,0.00000,0,139.50002,14160,NaN,NaN,100,14160,2,1491.50000,3256.50000,0,0,0.00000,0.00000,NaN
355,0.00000,13216,0,13216,13216,13216,145.95552,324.31804,1470.50000,3267.50000,0,0.11200,0.11200,0,0.00000,0,130.20002,13216,NaN,NaN,100,13216,2,1470.50000,3267.50000,0,0,0.00000,0.00000,NaN
356,0.00000,14051,0,14051,14051,14051,143.67264,320.84409,1447.50000,3232.50000,0,0.11200,0.11200,0,0.00000,0,138.42618,14051,NaN,NaN,100,14051,2,1447.50000,3232.50000,0,0,0.00000,0.00000,NaN
357,0.00000,13430,0,13430,13430,13430,137.81655,317.07237,1388.50000,3194.50000,0,0.11200,0.11200,0,0.00000,0,132.30828,13430,NaN,NaN,100,13430,2,1388.50000,3194.50000,0,0,0.00000,0.00000,NaN
358,0.00000,14488,0,14488,14488,14488,141.98529,319.35525,1430.50000,3217.50000,0,0.11200,0.11200,0,0.00000,0,142.73137,14488,NaN,NaN,100,14488,2,1430.50000,3217.50000,0,0,0.00000,0.00000,NaN
359,0.00000,13676,0,13676,13676,13676,124.91331,312.90363,1258.50000,3152.50000,0,0.11200,0.11200,0,0.00000,0,134.73180,13676,NaN,NaN,100,13676,2,1258.50000,3152.50000,0,0,0.00000,0.00000,NaN
360,0.00000,13087,0,13087,13087,13087,117.27062,306.45201,1181.50000,3087.50000,0,0.11200,0.11200,0,0.00000,0,128.92915,13087,NaN,NaN,100,13087,2,1181.50000,3087.50000,0,0,0.00000,0.00000,NaN
361,0.00000,14827,0,14827,14827,14827,116.67509,304.56615,1175.50000,3068.50000,0,0.11200,0.11200,0,0.00000,0,146.07110,14827,NaN,Infinity,100,14827,2,1175.50000,3068.50000,0,0,0.00000,0.00000,NaN
362,0.00000,14592,0,14592,14592,14592,111.01751,326.00538,1118.50000,3284.50000,0,0.11200,0.11200,0,0.00000,0,143.75595,14592,NaN,NaN,100,14592,2,1118.50000,3284.50000,0,0,0.00000,0.00000,NaN
363,0.00000,13565,0,13565,13565,13565,126.50140,322.63069,1274.50000,3250.50000,0,0.11200,0.11200,0,0.00000,0,133.63826,13565,NaN,NaN,100,13565,2,1274.50000,3250.50000,0,0,0.00000,0.00000,NaN
364,0.00000,13566,0,13566,13566,13566,121.34011,321.73739,1222.50000,3241.50000,0,0.11200,0.11200,0,0.00000,0,133.64811,13566,NaN,NaN,100,13566,2,1222.50000,3241.50000,0,0,0.00000,0.00000,NaN
365,0.00000,14275,0,14275,14275,14275,117.56839,321.24111,1184.50000,3236.50000,0,0.11200,0.11200,0,0.00000,0,140.63296,14275,NaN,NaN,100,14275,2,1184.50000,3236.50000,0,0,0.00000,0.00000,NaN
366,0.00000,14693,0,14693,14693,14693,109.52868,302.77955,1103.50000,3050.50000,0,0.11200,0.11200,0,0.00000,0,144.75097,14693,NaN,NaN,100,14693,2,1103.50000,3050.50000,0,0,0.00000,0.00000,NaN
367,0.00000,14066,0,14066,14066,14066,132.15898,350.42229,1331.50000,3530.50000,0,0.11200,0.11200,0,0.00000,0,138.57396,14066,NaN,NaN,100,14066,2,1331.50000,3530.50000,0,0,0.00000,0.00000,NaN
368,0.00000,15553,0,15553,15553,15553,132.85377,354.59103,1338.50000,3572.50000,0,0.11200,0.11200,0,0.00000,0,153.22343,15553,NaN,NaN,100,15553,2,1338.50000,3572.50000,0,0,0.00000,0.00000,NaN
369,0.00000,14405,0,14405,14405,14405,132.15898,363.22628,1331.50000,3659.50000,0,0.11200,0.11200,0,0.00000,0,141.91368,14405,NaN,NaN,100,14405,2,1331.50000,3659.50000,0,0,0.00000,0.00000,NaN
370,0.00000,14977,0,14977,14977,14977,127.69247,363.22628,1286.50000,3659.50000,0,0.11200,0.11200,0,0.00000,0,147.54885,14977,NaN,NaN,100,14977,2,1286.50000,3659.50000,0,0,0.00000,0.00000,NaN
371,0.00000,15346,0,15346,15346,15346,126.79917,359.25605,1277.50000,3619.50000,0,0.11200,0.11200,0,0.00000,0,151.18413,15346,NaN,NaN,100,15346,2,1277.50000,3619.50000,0,0,0.00000,0.00000,NaN
372,0.00000,13832,0,13832,13832,13832,125.80661,363.72255,1267.50000,3664.50000,0,0.11200,0.11200,0,0.00000,0,136.26866,13832,NaN,NaN,100,13832,2,1267.50000,3664.50000,0,0,0.00000,0.00000,NaN
373,0.00000,13240,0,13240,13240,13240,124.11927,360.34786,1250.50000,3630.50000,0,0.11200,0.11200,0,0.00000,0,130.43646,13240,NaN,NaN,100,13240,2,1250.50000,3630.50000,0,0,0.00000,0.00000,NaN
374,0.00000,13835,0,13835,13835,13835,129.87610,370.76971,1308.50000,3735.50000,0,0.11200,0.11200,0,0.00000,0,136.29822,13835,NaN,NaN,100,13835,2,1308.50000,3735.50000,0,0,0.00000,0.00000,NaN
375,0.00000,14521,0,14521,14521,14521,134.04484,395.08736,1350.50000,3980.50000,0,0.11200,0.11200,0,0.00000,0,143.05648,14521,NaN,NaN,100,14521,2,1350.50000,3980.50000,0,0,0.00000,0.00000,NaN
376,0.00000,13017,0,13017,13017,13017,135.73219,476.51014,1367.50000,4800.83350,0,0.11200,0.11200,0,0.00000,0,128.23953,13017,NaN,NaN,100,13017,2,1367.50000,4800.83350,0,0,0.00000,0.00000,NaN
377,0.00000,14639,0,14639,14639,14639,140.23178,474.12801,1412.83337,4776.83350,0,0.11200,0.11200,0,0.00000,0,144.21898,14639,NaN,NaN,100,14639,2,1412.83337,4776.83350,0,0,0.00000,0.00000,NaN
378,0.00000,15746,0,15746,15746,15746,142.77934,500.59618,1438.50000,5043.50000,0,0.11200,0.11200,0,0.00000,0,155.12481,15746,NaN,NaN,100,15746,2,1438.50000,5043.50000,0,0,0.00000,0.00000,NaN
379,0.00000,15746,0,15746,15746,15746,143.67264,500.46387,1447.50000,5042.16699,0,0.11200,0.11200,0,0.00000,0,155.12481,15746,NaN,NaN,100,15746,2,1447.50000,5042.16699,0,0,0.00000,0.00000,NaN
380,0.00000,14618,0,14618,14618,14618,132.35749,372.85408,1333.50000,3756.50000,0,0.11200,0.11200,0,0.00000,0,144.01210,14618,NaN,NaN,100,14618,2,1333.50000,3756.50000,0,0,0.00000,0.00000,NaN
381,0.00000,14520,0,14520,14520,14520,90.37233,394.29331,910.50000,3972.50000,0,0.11200,0.11200,0,0.00000,0,143.04663,14520,NaN,NaN,100,14520,2,910.50000,3972.50000,0,0,0.00000,0.00000,NaN
382,0.00000,14083,0,14083,14083,14083,80.34750,383.57370,809.50000,3864.50000,0,0.11200,0.11200,0,0.00000,0,138.74144,14083,NaN,NaN,100,14083,2,809.50000,3864.50000,0,0,0.00000,0.00000,NaN
383,0.00000,14522,0,14522,14522,14522,34.49136,393.10224,347.50000,3960.50000,0,0.11200,0.11200,0,0.00000,0,143.06633,14522,NaN,NaN,100,14522,2,347.50000,3960.50000,0,0,0.00000,0.00000,NaN
384,0.00000,15369,0,15369,15369,15369,30.32262,394.69034,305.50000,3976.50000,0,0.11200,0.11200,0,0.00000,0,151.41072,15369,NaN,NaN,100,15369,2,305.50000,3976.50000,0,0,0.00000,0.00000,NaN
385,0.00000,14302,0,14302,14302,14302,32.70476,388.53648,329.50000,3914.50000,0,0.11200,0.11200,0,0.00000,0,140.89896,14302,NaN,NaN,100,14302,2,329.50000,3914.50000,0,0,0.00000,0.00000,NaN
386,0.00000,14738,0,14738,14738,14738,38.85861,390.32308,391.50000,3932.50000,0,0.11200,0.11200,0,0.00000,0,145.19430,14738,NaN,NaN,100,14738,2,391.50000,3932.50000,0,0,0.00000,0.00000,NaN
387,0.00000,14513,0,14513,14513,14513,29.52857,382.77965,297.50000,3856.50000,0,0.11200,0.11200,0,0.00000,0,142.97767,14513,NaN,NaN,100,14513,2,297.50000,3856.50000,0,0,0.00000,0.00000,NaN
388,0.00000,14513,0,14513,14513,14513,29.33006,379.60347,295.50000,3824.50000,0,0.11200,0.11200,0,0.00000,0,142.97767,14513,NaN,NaN,100,14513,2,295.50000,3824.50000,0,0,0.00000,0.00000,NaN
389,0.00000,14402,0,14402,14402,14402,38.66010,361.73744,389.50000,3644.50000,0,0.11200,0.11200,0,0.00000,0,141.88413,14402,NaN,NaN,100,14402,2,389.50000,3644.50000,0,0,0.00000,0.00000,NaN
390,0.00000,14308,0,14308,14308,14308,18.01491,403.22633,181.50000,4062.50000,0,0.11200,0.11200,0,0.00000,0,140.95807,14308,NaN,NaN,100,14308,2,181.50000,4062.50000,0,0,0.00000,0.00000,NaN
391,0.00000,14523,0,14523,14523,14523,22.97770,406.40251,231.50000,4094.50000,0,0.11200,0.11200,0,0.00000,0,143.07618,14523,NaN,NaN,100,14523,2,231.50000,4094.50000,0,0,0.00000,0.00000,NaN
392,0.00000,13969,0,13969,13969,13969,21.58812,405.40995,217.50000,4084.50000,0,0.11200,0.11200,0,0.00000,0,137.61834,13969,NaN,NaN,100,13969,2,217.50000,4084.50000,0,0,0.00000,0.00000,NaN
393,0.00000,14308,0,14308,14308,14308,19.80151,402.63079,199.50000,4056.50000,0,0.11200,0.11200,0,0.00000,0,140.95807,14308,NaN,NaN,100,14308,2,199.50000,4056.50000,0,0,0.00000,0.00000,NaN
394,0.00000,12645,0,12645,12645,12645,17.02235,398.66056,171.50000,4016.50000,0,0.11200,0.11200,0,0.00000,0,124.57470,12645,NaN,NaN,100,12645,2,171.50000,4016.50000,0,0,0.00000,0.00000,NaN
395,0.00000,14628,0,14628,14628,14628,15.03724,393.89629,151.50000,3968.50000,0,0.11200,0.11200,0,0.00000,0,144.11061,14628,NaN,NaN,100,14628,2,151.50000,3968.50000,0,0,0.00000,0.00000,NaN
396,0.00000,15344,0,15344,15344,15344,22.18365,354.98805,223.50000,3576.50000,0,0.11200,0.11200,0,0.00000,0,151.16443,15344,NaN,NaN,100,15344,2,223.50000,3576.50000,0,0,0.00000,0.00000,NaN
397,0.00000,15633,0,15633,15633,15633,23.17621,353.00294,233.50000,3556.50000,0,0.11200,0.11200,0,0.00000,0,154.01157,15633,NaN,NaN,100,15633,2,233.50000,3556.50000,0,0,0.00000,0.00000,NaN
398,0.00000,15450,0,15450,15450,15450,25.35983,350.02527,255.50000,3526.50000,0,0.11200,0.11200,0,0.00000,0,152.20871,15450,NaN,NaN,100,15450,2,255.50000,3526.50000,0,0,0.00000,0.00000,NaN
399,0.00000,14842,0,14842,14842,14842,29.33006,350.81931,295.50000,3534.50000,0,0.11200,0.11200,0,0.00000,0,146.21888,14842,NaN,NaN,100,14842,2,295.50000,3534.50000,0,0,0.00000,0.00000,NaN
400,0.00000,15095,0,15095,15095,15095,29.92560,346.45206,301.50000,3490.50000,0,0.11200,0.11200,0,0.00000,0,148.71135,15095,NaN,NaN,100,15095,2,301.50000,3490.50000,0,0,0.00000,0.00000,NaN
401,0.00000,15447,0,15447,15447,15447,30.91815,342.08481,311.50000,3446.50000,0,0.11200,0.11200,0,0.00000,0,152.17915,15447,NaN,NaN,100,15447,2,311.50000,3446.50000,0,0,0.00000,0.00000,NaN
402,0.00000,13451,0,13451,13451,13451,28.93304,341.88630,291.50000,3444.50000,0,0.11200,0.11200,0,0.00000,0,132.51517,13451,NaN,NaN,100,13451,2,291.50000,3444.50000,0,0,0.00000,0.00000,NaN
403,0.00000,14971,0,14971,14971,14971,37.66754,346.25355,379.50000,3488.50000,0,0.11200,0.11200,0,0.00000,0,147.48974,14971,NaN,Infinity,100,14971,2,379.50000,3488.50000,0,0,0.00000,0.00000,NaN
404,0.00000,15336,0,15336,15336,15336,34.29285,344.46695,345.50000,3470.50000,0,0.11200,0.11200,0,0.00000,0,151.08561,15336,NaN,NaN,100,15336,2,345.50000,3470.50000,0,0,0.00000,0.00000,NaN
405,0.00000,14970,0,14970,14970,14970,35.68243,341.29076,359.50000,3438.50000,0,0.11200,0.11200,0,0.00000,0,147.47989,14970,NaN,NaN,100,14970,2,359.50000,3438.50000,0,0,0.00000,0.00000,NaN
406,0.00000,13343,0,13343,13343,13343,39.45415,342.28332,397.50000,3448.50000,0,0.11200,0.11200,0,0.00000,0,131.45118,13343,NaN,NaN,100,13343,2,397.50000,3448.50000,0,0,0.00000,0.00000,NaN
407,0.00000,14716,0,14716,14716,14716,44.01991,342.28332,443.50000,3448.50000,0,0.11200,0.11200,0,0.00000,0,144.97756,14716,NaN,NaN,100,14716,2,443.50000,3448.50000,0,0,0.00000,0.00000,NaN
408,0.00000,15212,0,15212,15212,15212,46.20353,338.31309,465.50000,3408.50000,0,0.11200,0.11200,0,0.00000,0,149.86400,15212,NaN,NaN,100,15212,2,465.50000,3408.50000,0,0,0.00000,0.00000,NaN
409,0.00000,14964,0,14964,14964,14964,48.38716,334.93840,487.50000,3374.50000,0,0.11200,0.11200,0,0.00000,0,147.42078,14964,NaN,NaN,100,14964,2,487.50000,3374.50000,0,0,0.00000,0.00000,NaN
410,0.00000,14169,0,14169,14169,14169,40.04968,335.73244,403.50000,3382.50000,0,0.11200,0.11200,0,0.00000,0,139.58868,14169,NaN,NaN,100,14169,2,403.50000,3382.50000,0,0,0.00000,0.00000,NaN
411,0.00000,15204,0,15204,15204,15204,29.92560,332.95328,301.50000,3354.50000,0,0.11200,0.11200,0,0.00000,0,149.78519,15204,NaN,NaN,100,15204,2,301.50000,3354.50000,0,0,0.00000,0.00000,NaN
412,0.00000,14959,0,14959,14959,14959,20.99258,328.38752,211.50000,3308.50000,0,0.11200,0.11200,0,0.00000,0,147.37152,14959,NaN,NaN,100,14959,2,211.50000,3308.50000,0,0,0.00000,0.00000,NaN
413,0.00000,14831,0,14831,14831,14831,25.16132,321.63813,253.50000,3240.50000,0,0.11200,0.11200,0,0.00000,0,146.11051,14831,NaN,NaN,100,14831,2,253.50000,3240.50000,0,0,0.00000,0.00000,NaN
414,0.00000,14270,0,14270,14270,14270,17.81640,314.88874,179.50000,3172.50000,0,0.11200,0.11200,0,0.00000,0,140.58370,14270,NaN,NaN,100,14270,2,179.50000,3172.50000,0,0,0.00000,0.00000,NaN
415,0.00000,14600,0,14600,14600,14600,3.92060,338.31309,39.50000,3408.50000,0,0.11200,0.11200,0,0.00000,0,143.83476,14600,NaN,NaN,100,14600,2,39.50000,3408.50000,0,0,0.00000,0.00000,NaN
416,0.00000,13916,0,13916,13916,13916,23.97025,310.32298,241.50000,3126.50000,0,0.11200,0.11200,0,0.00000,0,137.09620,13916,NaN,NaN,100,13916,2,241.50000,3126.50000,0,0,0.00000,0.00000,NaN
417,0.00000,14823,0,14823,14823,14823,25.55835,302.77955,257.50000,3050.50000,0,0.11200,0.11200,0,0.00000,0,146.03169,14823,NaN,NaN,100,14823,2,257.50000,3050.50000,0,0,0.00000,0.00000,NaN
418,0.00000,14038,0,14038,14038,14038,14.44171,300.19890,145.50000,3024.50000,0,0.11200,0.11200,0,0.00000,0,138.29811,14038,NaN,NaN,100,14038,2,145.50000,3024.50000,0,0,0.00000,0.00000,NaN
419,0.00000,14255,0,14255,14255,14255,24.56579,289.08226,247.50000,2912.50000,0,0.11200,0.11200,0,0.00000,0,140.43593,14255,NaN,NaN,100,14255,2,247.50000,2912.50000,0,0,0.00000,0.00000,NaN
420,0.00000,14254,0,14254,14254,14254,29.52857,286.50161,297.50000,2886.50000,0,0.11200,0.11200,0,0.00000,0,140.42608,14254,NaN,NaN,100,14254,2,297.50000,2886.50000,0,0,0.00000,0.00000,NaN
421,0.00000,15179,0,15179,15179,15179,50.76930,298.01527,511.50000,3002.50000,0,0.11200,0.11200,0,0.00000,0,149.53890,15179,NaN,Infinity,100,15179,2,511.50000,3002.50000,0,0,0.00000,0.00000,NaN
422,0.00000,14692,0,14692,14692,14692,47.99014,302.77955,483.50000,3050.50000,0,0.11200,0.11200,0,0.00000,0,144.74112,14692,NaN,NaN,100,14692,2,483.50000,3050.50000,0,0,0.00000,0.00000,NaN
423,0.00000,14262,0,14262,14262,14262,51.56334,302.77955,519.50000,3050.50000,0,0.11200,0.11200,0,0.00000,0,140.50489,14262,NaN,NaN,100,14262,2,519.50000,3050.50000,0,0,0.00000,0.00000,NaN
424,0.00000,14958,0,14958,14958,14958,49.18120,316.87386,495.50000,3192.50000,0,0.11200,0.11200,0,0.00000,0,147.36167,14958,NaN,NaN,100,14958,2,495.50000,3192.50000,0,0,0.00000,0.00000,NaN
425,0.00000,15198,0,15198,15198,15198,47.39460,321.43962,477.50000,3238.50000,0,0.11200,0.11200,0,0.00000,0,149.72608,15198,NaN,NaN,100,15198,2,477.50000,3238.50000,0,0,0.00000,0.00000,NaN
426,0.00000,15311,0,15311,15311,15311,54.44176,296.52644,548.50000,2987.50000,0,0.11200,0.11200,0,0.00000,0,150.83932,15311,NaN,NaN,100,15311,2,548.50000,2987.50000,0,0,0.00000,0.00000,NaN
427,0.00000,15315,0,15315,15315,15315,55.53357,302.68029,559.50000,3049.50000,0,0.11200,0.11200,0,0.00000,0,150.87873,15315,NaN,NaN,100,15315,2,559.50000,3049.50000,0,0,0.00000,0.00000,NaN
428,0.00000,14151,0,14151,14151,14151,48.28790,312.90363,486.50000,3152.50000,0,0.11200,0.11200,0,0.00000,0,139.41135,14151,NaN,NaN,100,14151,2,486.50000,3152.50000,0,0,0.00000,0.00000,NaN
429,0.00000,14155,0,14155,14155,14155,51.86111,314.88874,522.50000,3172.50000,0,0.11200,0.11200,0,0.00000,0,139.45076,14155,NaN,NaN,100,14155,2,522.50000,3172.50000,0,0,0.00000,0.00000,NaN
430,0.00000,13807,0,13807,13807,13807,59.00752,315.28577,594.50000,3176.50000,0,0.11200,0.11200,0,0.00000,0,136.02237,13807,NaN,NaN,100,13807,2,594.50000,3176.50000,0,0,0.00000,0.00000,NaN
431,0.00000,14045,0,14045,14045,14045,55.93059,318.95823,563.50000,3213.50000,0,0.11200,0.11200,0,0.00000,0,138.36707,14045,NaN,NaN,100,14045,2,563.50000,3213.50000,0,0,0.00000,0.00000,NaN
432,0.00000,14483,0,14483,14483,14483,56.42687,310.32298,568.50000,3126.50000,0,0.11200,0.11200,0,0.00000,0,142.68212,14483,NaN,NaN,100,14483,2,568.50000,3126.50000,0,0,0.00000,0.00000,NaN
433,0.00000,14483,0,14483,14483,14483,57.02241,311.11703,574.50000,3134.50000,0,0.11200,0.11200,0,0.00000,0,142.68212,14483,NaN,NaN,100,14483,2,574.50000,3134.50000,0,0,0.00000,0.00000,NaN
434,0.00000,14372,0,14372,14372,14372,24.66504,297.81676,248.50000,3000.50000,0,0.11200,0.11200,0,0.00000,0,141.58858,14372,NaN,NaN,100,14372,2,248.50000,3000.50000,0,0,0.00000,0.00000,NaN
435,0.00000,0,0,0,0,0,55.93059,313.89619,563.50000,3162.50000,0,0.11200,0.11200,0,0.00000,0,0.00000,0,NaN,NaN,0,0,2,563.50000,3162.50000,0,0,0.00000,0.00000,NaN
436,0.00000,14707,0,14707,14707,14707,35.18615,330.86891,354.50000,3333.50000,0,0.11200,0.11200,0,0.00000,0,144.88890,14707,NaN,NaN,100,14707,2,354.50000,3333.50000,0,0,0.00000,0.00000,NaN
437,0.00000,14280,0,14280,14280,14280,38.95787,330.07487,392.50000,3325.50000,0,0.11200,0.11200,0,0.00000,0,140.68222,14280,NaN,NaN,100,14280,2,392.50000,3325.50000,0,0,0.00000,0.00000,NaN
438,0.00000,15612,0,15612,15612,15612,37.96531,324.71506,382.50000,3271.50000,0,0.11200,0.11200,0,0.00000,0,153.80468,15612,NaN,NaN,100,15612,2,382.50000,3271.50000,0,0,0.00000,0.00000,NaN
439,0.00000,14704,0,14704,14704,14704,40.34745,322.03515,406.50000,3244.50000,0,0.11200,0.11200,0,0.00000,0,144.85934,14704,NaN,NaN,100,14704,2,406.50000,3244.50000,0,0,0.00000,0.00000,NaN
440,0.00000,15201,0,15201,15201,15201,48.18865,325.40985,485.50000,3278.50000,0,0.11200,0.11200,0,0.00000,0,149.75563,15201,NaN,NaN,100,15201,2,485.50000,3278.50000,0,0,0.00000,0.00000,NaN
441,0.00000,13926,0,13926,13926,13926,43.12661,330.96817,434.50000,3334.50000,0,0.11200,0.11200,0,0.00000,0,137.19472,13926,NaN,NaN,100,13926,2,434.50000,3334.50000,0,0,0.00000,0.00000,NaN
442,0.00000,13685,0,13685,13685,13685,42.43182,328.38752,427.50000,3308.50000,0,0.11200,0.11200,0,0.00000,0,134.82046,13685,NaN,NaN,100,13685,2,427.50000,3308.50000,0,0,0.00000,0.00000,NaN
443,0.00000,15335,0,15335,15335,15335,26.25314,344.66546,264.50000,3472.50000,0,0.11200,0.11200,0,0.00000,0,151.07576,15335,NaN,NaN,100,15335,2,264.50000,3472.50000,0,0,0.00000,0.00000,NaN
444,0.00000,15622,0,15622,15622,15622,33.20104,333.64807,334.50000,3361.50000,0,0.11200,0.11200,0,0.00000,0,153.90320,15622,NaN,NaN,100,15622,2,334.50000,3361.50000,0,0,0.00000,0.00000,NaN
445,0.00000,14714,0,14714,14714,14714,33.79657,335.43468,340.50000,3379.50000,0,0.11200,0.11200,0,0.00000,0,144.95786,14714,NaN,NaN,100,14714,2,340.50000,3379.50000,0,0,0.00000,0.00000,NaN
446,0.00000,14387,0,14387,14387,14387,32.90327,325.50910,331.50000,3279.50000,0,0.11200,0.11200,0,0.00000,0,141.73635,14387,NaN,NaN,100,14387,2,331.50000,3279.50000,0,0,0.00000,0.00000,NaN
447,0.00000,14272,0,14272,14272,14272,28.83378,318.36269,290.50000,3207.50000,0,0.11200,0.11200,0,0.00000,0,140.60341,14272,NaN,NaN,100,14272,2,290.50000,3207.50000,0,0,0.00000,0.00000,NaN
448,0.00000,13677,0,13677,13677,13677,30.52113,315.48428,307.50000,3178.50000,0,0.11200,0.11200,0,0.00000,0,134.74165,13677,NaN,NaN,100,13677,2,307.50000,3178.50000,0,0,0.00000,0.00000,NaN
449,0.00000,14585,0,14585,14585,14585,28.73453,312.90363,289.50000,3152.50000,0,0.11200,0.11200,0,0.00000,0,143.68699,14585,NaN,NaN,100,14585,2,289.50000,3152.50000,0,0,0.00000,0.00000,NaN
450,0.00000,14365,0,14365,14365,14365,37.46903,289.28077,377.50000,2914.50000,0,0.11200,0.11200,0,0.00000,0,141.51962,14365,NaN,NaN,100,14365,2,377.50000,2914.50000,0,0,0.00000,0.00000,NaN
451,0.00000,14685,0,14685,14685,14685,48.88344,293.64802,492.50000,2958.50000,0,0.11200,0.11200,0,0.00000,0,144.67216,14685,NaN,NaN,100,14685,2,492.50000,2958.50000,0,0,0.00000,0.00000,NaN
452,0.00000,14140,0,14140,14140,14140,45.90577,297.91602,462.50000,3001.50000,0,0.11200,0.11200,0,0.00000,0,139.30298,14140,NaN,NaN,100,14140,2,462.50000,3001.50000,0,0,0.00000,0.00000,NaN
453,0.00000,14715,0,14715,14715,14715,15.93054,341.68779,160.50000,3442.50000,0,0.11200,0.11200,0,0.00000,0,144.96771,14715,NaN,NaN,100,14715,2,160.50000,3442.50000,0,0,0.00000,0.00000,NaN
454,0.00000,14177,0,14177,14177,14177,10.86850,353.30070,109.50000,3559.50000,0,0.11200,0.11200,0,0.00000,0,139.66750,14177,NaN,NaN,100,14177,2,109.50000,3559.50000,0,0,0.00000,0.00000,NaN
455,0.00000,13578,0,13578,13578,13578,20.49630,352.01038,206.50000,3546.50000,0,0.11200,0.11200,0,0.00000,0,133.76633,13578,NaN,NaN,100,13578,2,206.50000,3546.50000,0,0,0.00000,0.00000,NaN
456,0.00000,15542,0,15542,15542,15542,12.05957,327.49422,121.50000,3299.50000,0,0.11200,0.11200,0,0.00000,0,153.11506,15542,NaN,NaN,100,15542,2,121.50000,3299.50000,0,0,0.00000,0.00000,NaN
457,0.00000,14059,0,14059,14059,14059,15.13650,332.95328,152.50000,3354.50000,0,0.11200,0.11200,0,0.00000,0,138.50500,14059,NaN,NaN,100,14059,2,152.50000,3354.50000,0,0,0.00000,0.00000,NaN
458,0.00000,13813,0,13813,13813,13813,8.48636,324.51655,85.50000,3269.50000,0,0.11200,0.11200,0,0.00000,0,136.08148,13813,NaN,NaN,100,13813,2,85.50000,3269.50000,0,0,0.00000,0.00000,NaN
459,0.00000,14177,0,14177,14177,14177,10.27297,355.18656,103.50000,3578.50000,0,0.11200,0.11200,0,0.00000,0,139.66750,14177,NaN,NaN,100,14177,2,103.50000,3578.50000,0,0,0.00000,0.00000,NaN
460,0.00000,14845,0,14845,14845,14845,12.25808,360.94339,123.50000,3636.50000,0,0.11200,0.11200,0,0.00000,0,146.24843,14845,NaN,NaN,100,14845,2,123.50000,3636.50000,0,0,0.00000,0.00000,NaN
461,0.00000,14725,0,14725,14725,14725,13.64766,363.02776,137.50000,3657.50000,0,0.11200,0.11200,0,0.00000,0,145.06623,14725,NaN,NaN,100,14725,2,137.50000,3657.50000,0,0,0.00000,0.00000,NaN
462,0.00000,14611,0,14611,14611,14611,16.12905,358.66051,162.50000,3613.50000,0,0.11200,0.11200,0,0.00000,0,143.94313,14611,NaN,NaN,100,14611,2,162.50000,3613.50000,0,0,0.00000,0.00000,NaN
463,0.00000,15455,0,15455,15455,15455,19.10672,357.27093,192.50000,3599.50000,0,0.11200,0.11200,0,0.00000,0,152.25796,15455,NaN,NaN,100,15455,2,192.50000,3599.50000,0,0,0.00000,0.00000,NaN
464,0.00000,13578,0,13578,13578,13578,18.61045,352.90368,187.50000,3555.50000,0,0.11200,0.11200,0,0.00000,0,133.76633,13578,NaN,NaN,100,13578,2,187.50000,3555.50000,0,0,0.00000,0.00000,NaN
465,0.00000,15445,0,15445,15445,15445,33.30029,337.71756,335.50000,3402.50000,0,0.11200,0.11200,0,0.00000,0,152.15945,15445,NaN,Infinity,100,15445,2,335.50000,3402.50000,0,0,0.00000,0.00000,NaN
466,0.00000,15445,0,15445,15445,15445,33.30029,339.80193,335.50000,3423.50000,0,0.11200,0.11200,0,0.00000,0,152.15945,15445,NaN,Infinity,100,15445,2,335.50000,3423.50000,0,0,0.00000,0.00000,NaN
467,0.00000,14147,0,14147,14147,14147,32.70476,309.33042,329.50000,3116.50000,0,0.11200,0.11200,0,0.00000,0,139.37195,14147,NaN,NaN,100,14147,2,329.50000,3116.50000,0,0,0.00000,0.00000,NaN
468,0.00000,14828,0,14828,14828,14828,38.56084,309.42968,388.50000,3117.50000,0,0.11200,0.11200,0,0.00000,0,146.08095,14828,NaN,NaN,100,14828,2,388.50000,3117.50000,0,0,0.00000,0.00000,NaN
469,0.00000,15324,0,15324,15324,15324,39.75191,313.69768,400.50000,3160.50000,0,0.11200,0.11200,0,0.00000,0,150.96739,15324,NaN,NaN,100,15324,2,400.50000,3160.50000,0,0,0.00000,0.00000,NaN
470,0.00000,14699,0,14699,14699,14699,42.23331,312.10958,425.50000,3144.50000,0,0.11200,0.11200,0,0.00000,0,144.81008,14699,NaN,NaN,100,14699,2,425.50000,3144.50000,0,0,0.00000,0.00000,NaN
471,0.00000,14154,0,14154,14154,14154,44.01991,316.37758,443.50000,3187.50000,0,0.11200,0.11200,0,0.00000,0,139.44091,14154,NaN,NaN,100,14154,2,443.50000,3187.50000,0,0,0.00000,0.00000,NaN
472,0.00000,15435,0,15435,15435,15435,40.94298,318.46195,412.50000,3208.50000,0,0.11200,0.11200,0,0.00000,0,152.06093,15435,NaN,Infinity,100,15435,2,412.50000,3208.50000,0,0,0.00000,0.00000,NaN
473,0.00000,15538,0,15538,15538,15538,43.22586,318.36269,435.50000,3207.50000,0,0.11200,0.11200,0,0.00000,0,153.07566,15538,NaN,NaN,100,15538,2,435.50000,3207.50000,0,0,0.00000,0.00000,NaN
474,0.00000,15197,0,15197,15197,15197,51.56334,322.03515,519.50000,3244.50000,0,0.11200,0.11200,0,0.00000,0,149.71623,15197,NaN,NaN,100,15197,2,519.50000,3244.50000,0,0,0.00000,0.00000,NaN
475,0.00000,14270,0,14270,14270,14270,16.22831,315.98056,163.50000,3183.50000,0,0.11200,0.11200,0,0.00000,0,140.58370,14270,NaN,NaN,100,14270,2,163.50000,3183.50000,0,0,0.00000,0.00000,NaN
476,0.00000,14492,0,14492,14492,14492,45.70726,323.82176,460.50000,3262.50000,0,0.11200,0.11200,0,0.00000,0,142.77078,14492,NaN,NaN,100,14492,2,460.50000,3262.50000,0,0,0.00000,0.00000,NaN
477,0.00000,14266,0,14266,14266,14266,3.12655,306.65052,31.50000,3089.50000,0,0.11200,0.11200,0,0.00000,0,140.54430,14266,NaN,NaN,100,14266,2,31.50000,3089.50000,0,0,0.00000,0.00000,NaN
478,0.00000,14263,0,14263,14263,14263,4.61539,304.56615,46.50000,3068.50000,0,0.11200,0.11200,0,0.00000,0,140.51474,14263,NaN,NaN,100,14263,2,46.50000,3068.50000,0,0,0.00000,0.00000,NaN
479,0.00000,14278,0,14278,14278,14278,14.64022,327.49422,147.50000,3299.50000,0,0.11200,0.11200,0,0.00000,0,140.66252,14278,NaN,NaN,100,14278,2,147.50000,3299.50000,0,0,0.00000,0.00000,NaN
480,0.00000,14289,0,14289,14289,14289,15.03724,354.69028,151.50000,3573.50000,0,0.11200,0.11200,0,0.00000,0,140.77089,14289,NaN,NaN,100,14289,2,151.50000,3573.50000,0,0,0.00000,0.00000,NaN
481,0.00000,14143,0,14143,14143,14143,29.72709,303.27583,299.50000,3055.50000,0,0.11200,0.11200,0,0.00000,0,139.33254,14143,NaN,NaN,100,14143,2,299.50000,3055.50000,0,0,0.00000,0.00000,NaN
482,0.00000,14463,0,14463,14463,14463,29.72709,271.51400,299.50000,2735.50000,0,0.11200,0.11200,0,0.00000,0,142.48508,14463,NaN,NaN,100,14463,2,299.50000,2735.50000,0,0,0.00000,0.00000,NaN
483,0.00000,14359,0,14359,14359,14359,34.78913,272.60581,350.50000,2746.50000,0,0.11200,0.11200,0,0.00000,0,141.46051,14359,NaN,NaN,100,14359,2,350.50000,2746.50000,0,0,0.00000,0.00000,NaN
484,0.00000,14929,0,14929,14929,14929,33.20104,267.54377,334.50000,2695.50000,0,0.11200,0.11200,0,0.00000,0,147.07597,14929,NaN,NaN,100,14929,2,334.50000,2695.50000,0,0,0.00000,0.00000,NaN
485,0.00000,14246,0,14246,14246,14246,51.26557,271.01772,516.50000,2730.50000,0,0.11200,0.11200,0,0.00000,0,140.34726,14246,NaN,NaN,100,14246,2,516.50000,2730.50000,0,0,0.00000,0.00000,NaN
486,0.00000,14802,0,14802,14802,14802,48.38716,268.93335,487.50000,2709.50000,0,0.11200,0.11200,0,0.00000,0,145.82481,14802,NaN,NaN,100,14802,2,487.50000,2709.50000,0,0,0.00000,0.00000,NaN
487,0.00000,14674,0,14674,14674,14674,51.56334,268.23856,519.50000,2702.50000,0,0.11200,0.11200,0,0.00000,0,144.56379,14674,NaN,NaN,100,14674,2,519.50000,2702.50000,0,0,0.00000,0.00000,NaN
488,0.00000,14357,0,14357,14357,14357,49.37972,265.06238,497.50000,2670.50000,0,0.11200,0.11200,0,0.00000,0,141.44080,14357,NaN,NaN,100,14357,2,497.50000,2670.50000,0,0,0.00000,0.00000,NaN
489,0.00000,15517,0,15517,15517,15517,54.34250,264.26833,547.50000,2662.50000,0,0.11200,0.11200,0,0.00000,0,152.86877,15517,NaN,NaN,100,15517,2,547.50000,2662.50000,0,0,0.00000,0.00000,NaN
490,0.00000,15061,0,15061,15061,15061,48.68493,258.80927,490.50000,2607.50000,0,0.11200,0.11200,0,0.00000,0,148.37640,15061,NaN,Infinity,100,15061,2,490.50000,2607.50000,0,0,0.00000,0.00000,NaN
491,0.00000,14925,0,14925,14925,14925,46.60056,260.89364,469.50000,2628.50000,0,0.11200,0.11200,0,0.00000,0,147.03657,14925,NaN,NaN,100,14925,2,469.50000,2628.50000,0,0,0.00000,0.00000,NaN
492,0.00000,13650,0,13650,13650,13650,43.82140,256.82415,441.50000,2587.50000,0,0.11200,0.11200,0,0.00000,0,134.47565,13650,NaN,NaN,100,13650,2,441.50000,2587.50000,0,0,0.00000,0.00000,NaN
493,0.00000,14358,0,14358,14358,14358,41.24075,266.05493,415.50000,2680.50000,0,0.11200,0.11200,0,0.00000,0,141.45065,14358,NaN,NaN,100,14358,2,415.50000,2680.50000,0,0,0.00000,0.00000,NaN
494,0.00000,15413,0,15413,15413,15413,30.32262,251.16658,305.50000,2530.50000,0,0.11200,0.11200,0,0.00000,0,151.84419,15413,NaN,Infinity,100,15413,2,305.50000,2530.50000,0,0,0.00000,0.00000,NaN
495,0.00000,15418,0,15418,15418,15418,43.82140,276.97306,441.50000,2790.50000,0,0.11200,0.11200,0,0.00000,0,151.89345,15418,NaN,NaN,100,15418,2,441.50000,2790.50000,0,0,0.00000,0.00000,NaN
496,0.00000,14028,0,14028,14028,14028,46.00502,279.65297,463.50000,2817.50000,0,0.11200,0.11200,0,0.00000,0,138.19959,14028,NaN,NaN,100,14028,2,463.50000,2817.50000,0,0,0.00000,0.00000,NaN
497,0.00000,15066,0,15066,15066,15066,48.98269,278.16413,493.50000,2802.50000,0,0.11200,0.11200,0,0.00000,0,148.42566,15066,NaN,NaN,100,15066,2,493.50000,2802.50000,0,0,0.00000,0.00000,NaN
498,0.00000,14938,0,14938,14938,14938,48.98269,281.63808,493.50000,2837.50000,0,0.11200,0.11200,0,0.00000,0,147.16464,14938,NaN,NaN,100,14938,2,493.50000,2837.50000,0,0,0.00000,0.00000,NaN
499,0.00000,15304,0,15304,15304,15304,53.34994,280.24850,537.50000,2823.50000,0,0.11200,0.11200,0,0.00000,0,150.77036,15304,NaN,NaN,100,15304,2,537.50000,2823.50000,0,0,0.00000,0.00000,NaN
500,0.00000,14254,0,14254,14254,14254,30.81890,284.91352,310.50000,2870.50000,0,0.11200,0.11200,0,0.00000,0,140.42608,14254,NaN,NaN,100,14254,2,310.50000,2870.50000,0,0,0.00000,0.00000,NaN
501,0.00000,14363,0,14363,14363,14363,31.51369,281.73734,317.50000,2838.50000,0,0.11200,0.11200,0,0.00000,0,141.49991,14363,NaN,NaN,100,14363,2,317.50000,2838.50000,0,0,0.00000,0.00000,NaN
502,0.00000,14685,0,14685,14685,14685,47.39460,293.64802,477.50000,2958.50000,0,0.11200,0.11200,0,0.00000,0,144.67216,14685,NaN,NaN,100,14685,2,477.50000,2958.50000,0,0,0.00000,0.00000,NaN
503,0.00000,14250,0,14250,14250,14250,57.32017,276.67529,577.50000,2787.50000,0,0.11200,0.11200,0,0.00000,0,140.38667,14250,NaN,NaN,100,14250,2,577.50000,2787.50000,0,0,0.00000,0.00000,NaN
504,0.00000,13660,0,13660,13660,13660,54.54101,274.98795,549.50000,2770.50000,0,0.11200,0.11200,0,0.00000,0,134.57417,13660,NaN,NaN,100,13660,2,549.50000,2770.50000,0,0,0.00000,0.00000,NaN
505,0.00000,15064,0,15064,15064,15064,56.32762,274.19390,567.50000,2762.50000,0,0.11200,0.11200,0,0.00000,0,148.40595,15064,NaN,NaN,100,15064,2,567.50000,2762.50000,0,0,0.00000,0.00000,NaN
506,0.00000,14931,0,14931,14931,14931,57.12166,270.52144,575.50000,2725.50000,0,0.11200,0.11200,0,0.00000,0,147.09568,14931,NaN,NaN,100,14931,2,575.50000,2725.50000,0,0,0.00000,0.00000,NaN
507,0.00000,13782,0,13782,13782,13782,53.54846,260.00034,539.50000,2619.50000,0,0.11200,0.11200,0,0.00000,0,135.77608,13782,NaN,NaN,100,13782,2,539.50000,2619.50000,0,0,0.00000,0.00000,NaN
508,0.00000,13534,0,13534,13534,13534,56.32762,258.41224,567.50000,2603.50000,0,0.11200,0.11200,0,0.00000,0,133.33286,13534,NaN,NaN,100,13534,2,567.50000,2603.50000,0,0,0.00000,0.00000,NaN
509,0.00000,15514,0,15514,15514,15514,53.05218,256.72490,534.50000,2586.50000,0,0.11200,0.11200,0,0.00000,0,152.83921,15514,NaN,NaN,100,15514,2,534.50000,2586.50000,0,0,0.00000,0.00000,NaN
510,0.00000,15291,0,15291,15291,15291,52.95292,253.15169,533.50000,2550.50000,0,0.11200,0.11200,0,0.00000,0,150.64229,15291,NaN,Infinity,100,15291,2,533.50000,2550.50000,0,0,0.00000,0.00000,NaN
511,0.00000,15414,0,15414,15414,15414,55.33506,255.53383,557.50000,2574.50000,0,0.11200,0.11200,0,0.00000,0,151.85405,15414,NaN,NaN,100,15414,2,557.50000,2574.50000,0,0,0.00000,0.00000,NaN
512,0.00000,14029,0,14029,14029,14029,53.25069,283.72245,536.50000,2858.50000,0,0.11200,0.11200,0,0.00000,0,138.20945,14029,NaN,NaN,100,14029,2,536.50000,2858.50000,0,0,0.00000,0.00000,NaN
513,0.00000,14010,0,14010,14010,14010,66.45170,232.80427,669.50000,2345.50000,0,0.11200,0.11200,0,0.00000,0,138.02226,14010,NaN,NaN,100,14010,2,669.50000,2345.50000,0,0,0.00000,0.00000,NaN
514,0.00000,14241,0,14241,14241,14241,68.93309,252.65541,694.50000,2545.50000,0,0.11200,0.11200,0,0.00000,0,140.29801,14241,NaN,NaN,100,14241,2,694.50000,2545.50000,0,0,0.00000,0.00000,NaN
515,0.00000,13642,0,13642,13642,13642,66.94798,236.67524,674.50000,2384.50000,0,0.11200,0.11200,0,0.00000,0,134.39684,13642,NaN,NaN,100,13642,2,674.50000,2384.50000,0,0,0.00000,0.00000,NaN
516,0.00000,14343,0,14343,14343,14343,66.35244,202.13426,668.50000,2036.50000,0,0.11200,0.11200,0,0.00000,0,141.30288,14343,NaN,NaN,100,14343,2,668.50000,2036.50000,0,0,0.00000,0.00000,NaN
517,0.00000,13878,0,13878,13878,13878,51.96036,196.57594,523.50000,1980.50000,0,0.11200,0.11200,0,0.00000,0,136.72184,13878,NaN,NaN,100,13878,2,523.50000,1980.50000,0,0,0.00000,0.00000,NaN
518,0.00000,13388,0,13388,13388,13388,48.78418,194.49157,491.50000,1959.50000,0,0.11200,0.11200,0,0.00000,0,131.89451,13388,NaN,NaN,100,13388,2,491.50000,1959.50000,0,0,0.00000,0.00000,NaN
519,0.00000,14661,0,14661,14661,14661,38.66010,198.56105,389.50000,2000.50000,0,0.11200,0.11200,0,0.00000,0,144.43572,14661,NaN,NaN,100,14661,2,389.50000,2000.50000,0,0,0.00000,0.00000,NaN
520,0.00000,15399,0,15399,15399,15399,56.72464,184.16897,571.50000,1855.50000,0,0.11200,0.11200,0,0.00000,0,151.70627,15399,NaN,NaN,100,15399,2,571.50000,1855.50000,0,0,0.00000,0.00000,NaN
521,0.00000,15150,0,15150,15150,15150,67.54351,190.71985,680.50000,1921.50000,0,0.11200,0.11200,0,0.00000,0,149.25320,15150,NaN,NaN,100,15150,2,680.50000,1921.50000,0,0,0.00000,0.00000,NaN
522,0.00000,13172,0,13172,13172,13172,55.63283,173.84638,560.50000,1751.50000,0,0.11200,0.11200,0,0.00000,0,129.76654,13172,NaN,NaN,100,13172,2,560.50000,1751.50000,0,0,0.00000,0.00000,NaN
523,0.00000,14449,0,14449,14449,14449,59.50380,171.86126,599.50000,1731.50000,0,0.11200,0.11200,0,0.00000,0,142.34716,14449,NaN,NaN,100,14449,2,599.50000,1731.50000,0,0,0.00000,0.00000,NaN
524,0.00000,15398,0,15398,15398,15398,66.84872,180.29800,673.50000,1816.50000,0,0.11200,0.11200,0,0.00000,0,151.69642,15398,NaN,NaN,100,15398,2,673.50000,1816.50000,0,0,0.00000,0.00000,NaN
525,0.00000,14691,0,14691,14691,14691,83.02740,300.99294,836.50000,3032.50000,0,0.11200,0.11200,0,0.00000,0,144.73127,14691,NaN,NaN,100,14691,2,836.50000,3032.50000,0,0,0.00000,0.00000,NaN
526,0.00000,13910,0,13910,13910,13910,87.09689,296.92346,877.50000,2991.50000,0,0.11200,0.11200,0,0.00000,0,137.03709,13910,NaN,NaN,100,13910,2,877.50000,2991.50000,0,0,0.00000,0.00000,NaN
527,0.00000,15178,0,15178,15178,15178,83.62294,295.63314,842.50000,2978.50000,0,0.11200,0.11200,0,0.00000,0,149.52905,15178,NaN,NaN,100,15178,2,842.50000,2978.50000,0,0,0.00000,0.00000,NaN
528,0.00000,15178,0,15178,15178,15178,84.01996,298.41230,846.50000,3006.50000,0,0.11200,0.11200,0,0.00000,0,149.52905,15178,NaN,NaN,100,15178,2,846.50000,3006.50000,0,0,0.00000,0.00000,NaN
529,0.00000,15529,0,15529,15529,15529,86.40210,292.35770,870.50000,2945.50000,0,0.11200,0.11200,0,0.00000,0,152.98699,15529,NaN,NaN,100,15529,2,870.50000,2945.50000,0,0,0.00000,0.00000,NaN
530,0.00000,14253,0,14253,14253,14253,82.43187,287.29566,830.50000,2894.50000,0,0.11200,0.11200,0,0.00000,0,140.41623,14253,NaN,NaN,100,14253,2,830.50000,2894.50000,0,0,0.00000,0.00000,NaN
531,0.00000,13076,0,13076,13076,13076,79.25569,286.10459,798.50000,2882.50000,0,0.11200,0.11200,0,0.00000,0,128.82078,13076,NaN,NaN,100,13076,2,798.50000,2882.50000,0,0,0.00000,0.00000,NaN
532,0.00000,15308,0,15308,15308,15308,77.66759,291.96067,782.50000,2941.50000,0,0.11200,0.11200,0,0.00000,0,150.80977,15308,NaN,NaN,100,15308,2,782.50000,2941.50000,0,0,0.00000,0.00000,NaN
533,0.00000,14684,0,14684,14684,14684,67.74202,290.27333,682.50000,2924.50000,0,0.11200,0.11200,0,0.00000,0,144.66231,14684,NaN,NaN,100,14684,2,682.50000,2924.50000,0,0,0.00000,0.00000,NaN
534,0.00000,15073,0,15073,15073,15073,68.33756,292.25844,688.50000,2944.50000,0,0.11200,0.11200,0,0.00000,0,148.49462,15073,NaN,NaN,100,15073,2,688.50000,2944.50000,0,0,0.00000,0.00000,NaN
535,0.00000,13919,0,13919,13919,13919,103.77185,313.69768,1045.50000,3160.50000,0,0.11200,0.11200,0,0.00000,0,137.12576,13919,NaN,NaN,100,13919,2,1045.50000,3160.50000,0,0,0.00000,0.00000,NaN
536,0.00000,14820,0,14820,14820,14820,111.31528,298.61081,1121.50000,3008.50000,0,0.11200,0.11200,0,0.00000,0,146.00214,14820,NaN,NaN,100,14820,2,1121.50000,3008.50000,0,0,0.00000,0.00000,NaN
537,0.00000,14139,0,14139,14139,14139,108.63538,297.81676,1094.50000,3000.50000,0,0.11200,0.11200,0,0.00000,0,139.29313,14139,NaN,NaN,100,14139,2,1094.50000,3000.50000,0,0,0.00000,0.00000,NaN
538,0.00000,15072,0,15072,15072,15072,108.13910,292.05993,1089.50000,2942.50000,0,0.11200,0.11200,0,0.00000,0,148.48477,15072,NaN,NaN,100,15072,2,1089.50000,2942.50000,0,0,0.00000,0.00000,NaN
539,0.00000,15471,0,15471,15471,15471,32.00997,384.26849,322.50000,3871.50000,0,0.11200,0.11200,0,0.00000,0,152.41559,15471,NaN,NaN,100,15471,2,322.50000,3871.50000,0,0,0.00000,0.00000,NaN
540,0.00000,13969,0,13969,13969,13969,21.98514,403.92112,221.50000,4069.50000,0,0.11200,0.11200,0,0.00000,0,137.61834,13969,NaN,NaN,100,13969,2,221.50000,4069.50000,0,0,0.00000,0.00000,NaN
541,0.00000,14845,0,14845,14845,14845,10.76924,359.55381,108.50000,3622.50000,0,0.11200,0.11200,0,0.00000,0,146.24843,14845,NaN,NaN,100,14845,2,108.50000,3622.50000,0,0,0.00000,0.00000,NaN
542,0.00000,14966,0,14966,14966,14966,23.37472,337.32053,235.50000,3398.50000,0,0.11200,0.11200,0,0.00000,0,147.44049,14966,NaN,NaN,100,14966,2,235.50000,3398.50000,0,0,0.00000,0.00000,NaN
543,0.00000,14867,0,14867,14867,14867,67.54351,383.07742,680.50000,3859.50000,0,0.11200,0.11200,0,0.00000,0,146.46517,14867,NaN,NaN,100,14867,2,680.50000,3859.50000,0,0,0.00000,0.00000,NaN
544,0.00000,13715,0,13715,13715,13715,70.32267,379.20644,708.50000,3820.50000,0,0.11200,0.11200,0,0.00000,0,135.11601,13715,NaN,NaN,100,13715,2,708.50000,3820.50000,0,0,0.00000,0.00000,NaN
545,0.00000,13957,0,13957,13957,13957,64.76435,386.05509,652.50000,3889.50000,0,0.11200,0.11200,0,0.00000,0,137.50012,13957,NaN,NaN,100,13957,2,652.50000,3889.50000,0,0,0.00000,0.00000,NaN
546,0.00000,14083,0,14083,14083,14083,78.95792,383.87146,795.50000,3867.50000,0,0.11200,0.11200,0,0.00000,0,138.74144,14083,NaN,NaN,100,14083,2,795.50000,3867.50000,0,0,0.00000,0.00000,NaN
547,0.00000,14304,0,14304,14304,14304,82.63038,390.81936,832.50000,3937.50000,0,0.11200,0.11200,0,0.00000,0,140.91866,14304,NaN,NaN,100,14304,2,832.50000,3937.50000,0,0,0.00000,0.00000,NaN
548,0.00000,0,0,0,0,0,112.80412,373.54887,1136.50000,3763.50000,0,0.11200,0.11200,0,0.00000,0,0.00000,0,NaN,NaN,0,0,2,1136.50000,3763.50000,0,0,0.00000,0.00000,NaN
549,0.00000,14466,0,14466,14466,14466,7.09678,282.03510,71.50000,2841.50000,0,0.11200,0.11200,0,0.00000,0,142.51464,14466,NaN,NaN,100,14466,2,71.50000,2841.50000,0,0,0.00000,0.00000,NaN
550,0.00000,13791,0,13791,13791,13791,5.31018,280.24850,53.50000,2823.50000,0,0.11200,0.11200,0,0.00000,0,135.86474,13791,NaN,NaN,100,13791,2,53.50000,2823.50000,0,0,0.00000,0.00000,NaN
551,0.00000,14233,0,14233,14233,14233,29.72709,238.26333,299.50000,2400.50000,0,0.11200,0.11200,0,0.00000,0,140.21919,14233,NaN,NaN,100,14233,2,299.50000,2400.50000,0,0,0.00000,0.00000,NaN
552,0.00000,13301,0,13301,13301,13301,12.75436,222.18391,128.50000,2238.50000,0,0.11200,0.11200,0,0.00000,0,131.03741,13301,NaN,NaN,100,13301,2,128.50000,2238.50000,0,0,0.00000,0.00000,NaN
553,0.00000,0,0,0,0,0,27.34495,270.12442,275.50000,2721.50000,0,0.11200,0.11200,0,0.00000,0,0.00000,0,NaN,NaN,0,0,2,275.50000,2721.50000,0,0,0.00000,0.00000,NaN
554,0.00000,13531,0,13531,13531,13531,101.48896,249.28072,1022.50000,2511.50000,0,0.11200,0.11200,0,0.00000,0,133.30330,13531,NaN,NaN,100,13531,2,1022.50000,2511.50000,0,0,0.00000,0.00000,NaN
555,0.00000,15610,0,15610,15610,15610,99.04066,320.94334,997.83331,3233.50000,0,0.11200,0.11200,0,0.00000,0,153.78498,15610,NaN,NaN,100,15610,2,997.83331,3233.50000,0,0,0.00000,0.00000,NaN
556,0.00000,13679,0,13679,13679,13679,96.39384,318.29654,971.16669,3206.83350,0,0.11200,0.11200,0,0.00000,0,134.76135,13679,NaN,NaN,100,13679,2,971.16669,3206.83350,0,0,0.00000,0.00000,NaN
557,0.00000,13814,0,13814,13814,13814,102.87854,322.39910,1036.50000,3248.16675,0,0.11200,0.11200,0,0.00000,0,136.09133,13814,NaN,NaN,100,13814,2,1036.50000,3248.16675,0,0,0.00000,0.00000,NaN
558,0.00000,15616,0,15616,15616,15616,100.49641,327.42806,1012.50000,3298.83350,0,0.11200,0.11200,0,0.00000,0,153.84409,15616,NaN,NaN,100,15616,2,1012.50000,3298.83350,0,0,0.00000,0.00000,NaN
559,0.00000,15205,0,15205,15205,15205,108.03984,333.91276,1088.50000,3364.16675,0,0.11200,0.11200,0,0.00000,0,149.79504,15205,NaN,Infinity,100,15205,2,1088.50000,3364.16675,0,0,0.00000,0.00000,NaN
560,0.00000,15202,0,15202,15202,15202,135.16974,328.88380,1361.83337,3313.50000,0,0.11200,0.11200,0,0.00000,0,149.76549,15202,NaN,NaN,100,15202,2,1361.83337,3313.50000,0,0,0.00000,0.00000,NaN
561,0.00000,13686,0,13686,13686,13686,133.31696,331.66296,1343.16663,3341.50000,0,0.11200,0.11200,0,0.00000,0,134.83031,13686,NaN,NaN,100,13686,2,1343.16663,3341.50000,0,0,0.00000,0.00000,NaN
562,0.00000,13473,0,13473,13473,13473,91.16637,375.89793,918.50000,3787.16675,0,0.11200,0.11200,0,0.00000,0,132.73190,13473,NaN,NaN,100,13473,2,918.50000,3787.16675,0,0,0.00000,0.00000,NaN
563,0.00000,11649,0,11649,11649,11649,111.54688,352.87060,1123.83337,3555.16675,0,0.11200,0.11200,0,0.00000,0,114.76241,11649,NaN,NaN,100,11649,2,1123.83337,3555.16675,0,0,0.00000,0.00000,NaN
564,0.00000,13825,0,13825,13825,13825,111.28219,348.90038,1121.16663,3515.16675,0,0.11200,0.11200,0,0.00000,0,136.19970,13825,NaN,NaN,100,13825,2,1121.16663,3515.16675,0,0,0.00000,0.00000,NaN
565,0.00000,14843,0,14843,14843,14843,109.56177,353.79698,1103.83337,3564.50000,0,0.11200,0.11200,0,0.00000,0,146.22873,14843,NaN,Infinity,100,14843,2,1103.83337,3564.50000,0,0,0.00000,0.00000,NaN
566,0.00000,14834,0,14834,14834,14834,139.60316,328.91690,1406.50000,3313.83350,0,0.11200,0.11200,0,0.00000,0,146.14006,14834,NaN,NaN,100,14834,2,1406.50000,3313.83350,0,0,0.00000,0.00000,NaN
567,0.00000,13214,0,13214,13214,13214,137.35337,325.07900,1383.83337,3275.16675,0,0.11200,0.11200,0,0.00000,0,130.18031,13214,NaN,NaN,100,13214,2,1383.83337,3275.16675,0,0,0.00000,0.00000,NaN
568,0.00000,13214,0,13214,13214,13214,136.42698,321.77049,1374.50000,3241.83350,0,0.11200,0.11200,0,0.00000,0,130.18031,13214,NaN,NaN,100,13214,2,1374.50000,3241.83350,0,0,0.00000,0.00000,NaN
569,0.00000,13344,0,13344,13344,13344,96.98937,344.13610,977.16669,3467.16675,0,0.11200,0.11200,0,0.00000,0,131.46103,13344,NaN,NaN,100,13344,2,977.16669,3467.16675,0,0,0.00000,0.00000,NaN
570,0.00000,13574,0,13574,13574,13574,94.87192,346.12122,955.83331,3487.16675,0,0.11200,0.11200,0,0.00000,0,133.72692,13574,NaN,NaN,100,13574,2,955.83331,3487.16675,0,0,0.00000,0.00000,NaN
571,0.00000,13452,0,13452,13452,13452,93.01915,343.07737,937.16669,3456.50000,0,0.11200,0.11200,0,0.00000,0,132.52502,13452,NaN,NaN,100,13452,2,937.16669,3456.50000,0,0,0.00000,0.00000,NaN
572,0.00000,15103,0,15103,15103,15103,96.46001,366.10469,971.83331,3688.50000,0,0.11200,0.11200,0,0.00000,0,148.79017,15103,NaN,NaN,100,15103,2,971.83331,3688.50000,0,0,0.00000,0.00000,NaN
573,0.00000,13953,0,13953,13953,13953,78.59398,377.75071,791.83331,3805.83350,0,0.11200,0.11200,0,0.00000,0,137.46072,13953,NaN,NaN,100,13953,2,791.83331,3805.83350,0,0,0.00000,0.00000,NaN
574,0.00000,13472,0,13472,13472,13472,77.27057,375.50091,778.50000,3783.16675,0,0.11200,0.11200,0,0.00000,0,132.72205,13472,NaN,NaN,100,13472,2,778.50000,3783.16675,0,0,0.00000,0.00000,NaN
575,0.00000,13953,0,13953,13953,13953,77.40291,379.33880,779.83331,3821.83350,0,0.11200,0.11200,0,0.00000,0,137.46072,13953,NaN,NaN,100,13953,2,779.83331,3821.83350,0,0,0.00000,0.00000,NaN
576,0.00000,13953,0,13953,13953,13953,76.74121,381.32392,773.16669,3841.83350,0,0.11200,0.11200,0,0.00000,0,137.46072,13953,NaN,NaN,100,13953,2,773.16669,3841.83350,0,0,0.00000,0.00000,NaN
577,0.00000,0,0,0,0,0,75.94716,383.70605,765.16669,3865.83350,0,0.11200,0.11200,0,0.00000,0,0.00000,0,NaN,NaN,0,0,2,765.16669,3865.83350,0,0,0.00000,0.00000,NaN
578,0.00000,0,0,0,0,0,79.12335,386.35286,797.16669,3892.50000,0,0.11200,0.11200,0,0.00000,0,0.00000,0,NaN,NaN,0,0,2,797.16669,3892.50000,0,0,0.00000,0.00000,NaN
579,0.00000,15346,0,15346,15346,15346,126.89843,360.74488,1278.50000,3634.50000,0,0.11200,0.11200,0,0.00000,0,151.18413,15346,NaN,NaN,100,15346,2,1278.50000,3634.50000,0,0,0.00000,0.00000,NaN
580,0.00000,15120,0,15120,15120,15120,124.02001,390.81936,1249.50000,3937.50000,0,0.11200,0.11200,0,0.00000,0,148.95765,15120,NaN,NaN,100,15120,2,1249.50000,3937.50000,0,0,0.00000,0.00000,NaN
581,0.00000,15620,0,15620,15620,15620,6.96444,330.24030,70.16667,3327.16675,0,0.11200,0.11200,0,0.00000,0,153.88349,15620,NaN,NaN,100,15620,2,70.16667,3327.16675,0,0,0.00000,0.00000,NaN
582,0.00000,15443,0,15443,15443,15443,10.93467,337.65140,110.16666,3401.83350,0,0.11200,0.11200,0,0.00000,0,152.13974,15443,NaN,NaN,100,15443,2,110.16666,3401.83350,0,0,0.00000,0.00000,NaN
583,0.00000,15549,0,15549,15549,15549,6.03806,347.17995,60.83334,3497.83350,0,0.11200,0.11200,0,0.00000,0,153.18402,15549,NaN,NaN,100,15549,2,60.83334,3497.83350,0,0,0.00000,0.00000,NaN
584,0.00000,15518,0,15518,15518,15518,81.67091,265.59176,822.83331,2675.83350,0,0.11200,0.11200,0,0.00000,0,152.87862,15518,NaN,NaN,100,15518,2,822.83331,2675.83350,0,0,0.00000,0.00000,NaN
585,0.00000,14934,0,14934,14934,14934,77.96536,277.89946,785.50000,2799.83350,0,0.11200,0.11200,0,0.00000,0,147.12523,14934,NaN,NaN,100,14934,2,785.50000,2799.83350,0,0,0.00000,0.00000,NaN
586,0.00000,14759,0,14759,14759,14759,157.80004,31.84454,1589.83337,320.83331,0,0.11200,0.11200,0,0.00000,0,145.40118,14759,NaN,NaN,100,14759,2,1589.83337,320.83331,0,0,0.00000,0.00000,NaN
587,0.00000,14323,0,14323,14323,14323,156.87365,15.03724,1580.50000,151.50000,0,0.11200,0.11200,0,0.00000,0,141.10584,14323,NaN,NaN,100,14323,2,1580.50000,151.50000,0,0,0.00000,0.00000,NaN
588,0.00000,15382,0,15382,15382,15382,129.21440,18.87513,1301.83337,190.16667,0,0.11200,0.11200,0,0.00000,0,151.53879,15382,NaN,NaN,100,15382,2,1301.83337,190.16667,0,0,0.00000,0.00000,NaN
589,0.00000,13864,0,13864,13864,13864,148.27149,36.07945,1493.83337,363.50000,0,0.11200,0.11200,0,0.00000,0,136.58392,13864,NaN,NaN,100,13864,2,1493.83337,363.50000,0,0,0.00000,0.00000,NaN
590,0.00000,15020,0,15020,15020,15020,152.63875,34.75604,1537.83337,350.16666,0,0.11200,0.11200,0,0.00000,0,147.97248,15020,NaN,NaN,100,15020,2,1537.83337,350.16666,0,0,0.00000,0.00000,NaN
591,0.00000,15020,0,15020,15020,15020,150.91831,34.09434,1520.50000,343.50000,0,0.11200,0.11200,0,0.00000,0,147.97248,15020,NaN,NaN,100,15020,2,1520.50000,343.50000,0,0,0.00000,0.00000,NaN
592,0.00000,14210,0,14210,14210,14210,146.55106,30.38879,1476.50000,306.16666,0,0.11200,0.11200,0,0.00000,0,139.99260,14210,NaN,NaN,100,14210,2,1476.50000,306.16666,0,0,0.00000,0.00000,NaN
593,0.00000,14096,0,14096,14096,14096,143.37487,27.87431,1444.50000,280.83334,0,0.11200,0.11200,0,0.00000,0,138.86951,14096,NaN,NaN,100,14096,2,1444.50000,280.83334,0,0,0.00000,0.00000,NaN
594,0.00000,13981,0,13981,13981,13981,139.80167,23.37472,1408.50000,235.50000,0,0.11200,0.11200,0,0.00000,0,137.73656,13981,NaN,NaN,100,13981,2,1408.50000,235.50000,0,0,0.00000,0.00000,NaN
595,0.00000,0,0,0,0,0,140.33104,19.80151,1413.83337,199.50000,0,0.11200,0.11200,0,0.00000,0,0.00000,0,NaN,NaN,0,0,2,1413.83337,199.50000,0,0,0.00000,0.00000,NaN
596,0.00000,15486,0,15486,15486,15486,142.44848,19.13981,1435.16663,192.83334,0,0.11200,0.11200,0,0.00000,0,152.56337,15486,NaN,NaN,100,15486,2,1435.16663,192.83334,0,0,0.00000,0.00000,NaN
597,0.00000,12419,0,12419,12419,12419,153.16810,0.47974,1543.16663,4.83333,0,0.11200,0.11200,0,0.00000,0,122.34822,12419,NaN,NaN,100,12419,2,1543.16663,4.83333,0,0,0.00000,0.00000,NaN
598,0.00000,14319,0,14319,14319,14319,156.47663,1.14144,1576.50000,11.50000,0,0.11200,0.11200,0,0.00000,0,141.06644,14319,NaN,NaN,100,14319,2,1576.50000,11.50000,0,0,0.00000,0.00000,NaN
599,0.00000,14888,0,14888,14888,14888,157.27067,33.16795,1584.50000,334.16669,0,0.11200,0.11200,0,0.00000,0,146.67205,14888,NaN,NaN,100,14888,2,1584.50000,334.16669,0,0,0.00000,0.00000,NaN
600,0.00000,13616,0,13616,13616,13616,148.23840,23.37472,1493.50000,235.50000,0,0.11200,0.11200,0,0.00000,0,134.14070,13616,NaN,NaN,100,13616,2,1493.50000,235.50000,0,0,0.00000,0.00000,NaN
601,0.00000,14753,0,14753,14753,14753,144.06966,8.18860,1451.50000,82.50000,0,0.11200,0.11200,0,0.00000,0,145.34207,14753,NaN,NaN,100,14753,2,1451.50000,82.50000,0,0,0.00000,0.00000,NaN
602,0.00000,14208,0,14208,14208,14208,153.00268,19.00747,1541.50000,191.50000,0,0.11200,0.11200,0,0.00000,0,139.97290,14208,NaN,NaN,100,14208,2,1541.50000,191.50000,0,0,0.00000,0.00000,NaN
603,0.00000,14219,0,14219,14219,14219,145.16148,138.61060,1462.50000,1396.50000,0,0.11200,0.11200,0,0.00000,0,140.08127,14219,NaN,NaN,100,14219,2,1462.50000,1396.50000,0,0,0.00000,0.00000,NaN
604,0.00000,13625,0,13625,13625,13625,140.99274,142.97785,1420.50000,1440.50000,0,0.11200,0.11200,0,0.00000,0,134.22936,13625,NaN,NaN,100,13625,2,1420.50000,1440.50000,0,0,0.00000,0.00000,NaN
605,0.00000,13990,0,13990,13990,13990,136.32772,139.00762,1373.50000,1400.50000,0,0.11200,0.11200,0,0.00000,0,137.82523,13990,NaN,NaN,100,13990,2,1373.50000,1400.50000,0,0,0.00000,0.00000,NaN
606,0.00000,15389,0,15389,15389,15389,128.78429,139.40465,1297.50000,1404.50000,0,0.11200,0.11200,0,0.00000,0,151.60775,15389,NaN,NaN,100,15389,2,1297.50000,1404.50000,0,0,0.00000,0.00000,NaN
607,0.00000,15142,0,15142,15142,15142,132.05972,148.53617,1330.50000,1496.50000,0,0.11200,0.11200,0,0.00000,0,149.17438,15142,NaN,NaN,100,15142,2,1330.50000,1496.50000,0,0,0.00000,0.00000,NaN
608,0.00000,15026,0,15026,15026,15026,147.84138,154.49151,1489.50000,1556.50000,0,0.11200,0.11200,0,0.00000,0,148.03159,15026,NaN,NaN,100,15026,2,1489.50000,1556.50000,0,0,0.00000,0.00000,NaN
609,0.00000,13867,0,13867,13867,13867,132.45675,152.10938,1334.50000,1532.50000,0,0.11200,0.11200,0,0.00000,0,136.61347,13867,NaN,NaN,100,13867,2,1334.50000,1532.50000,0,0,0.00000,0.00000,NaN
610,0.00000,14107,0,14107,14107,14107,157.36993,179.00768,1585.50000,1803.50000,0,0.11200,0.11200,0,0.00000,0,138.97788,14107,NaN,NaN,100,14107,2,1585.50000,1803.50000,0,0,0.00000,0.00000,NaN
611,0.00000,14554,0,14554,14554,14554,157.46919,170.37243,1586.50000,1716.50000,0,0.11200,0.11200,0,0.00000,0,143.38159,14554,NaN,NaN,100,14554,2,1586.50000,1716.50000,0,0,0.00000,0.00000,NaN
612,0.00000,12807,0,12807,12807,12807,141.09199,155.48407,1421.50000,1566.50000,0,0.11200,0.11200,0,0.00000,0,126.17067,12807,NaN,NaN,100,12807,2,1421.50000,1566.50000,0,0,0.00000,0.00000,NaN
613,0.00000,0,0,0,0,0,136.12921,183.67269,1371.50000,1850.50000,0,0.11200,0.11200,0,0.00000,0,0.00000,0,NaN,NaN,0,0,2,1371.50000,1850.50000,0,0,0.00000,0.00000,NaN
614,0.00000,14662,0,14662,14662,14662,131.36493,199.55361,1323.50000,2010.50000,0,0.11200,0.11200,0,0.00000,0,144.44557,14662,NaN,NaN,100,14662,2,1323.50000,2010.50000,0,0,0.00000,0.00000,NaN
615,0.00000,14779,0,14779,14779,14779,134.64037,201.83649,1356.50000,2033.50000,0,0.11200,0.11200,0,0.00000,0,145.59822,14779,NaN,NaN,100,14779,2,1356.50000,2033.50000,0,0,0.00000,0.00000,NaN
616,0.00000,14351,0,14351,14351,14351,129.37982,238.75961,1303.50000,2405.50000,0,0.11200,0.11200,0,0.00000,0,141.38169,14351,NaN,NaN,100,14351,2,1303.50000,2405.50000,0,0,0.00000,0.00000,NaN
617,0.00000,14670,0,14670,14670,14670,132.15898,237.46929,1331.50000,2392.50000,0,0.11200,0.11200,0,0.00000,0,144.52438,14670,NaN,NaN,100,14670,2,1331.50000,2392.50000,0,0,0.00000,0.00000,NaN
618,0.00000,15044,0,15044,15044,15044,132.25824,226.45191,1332.50000,2281.50000,0,0.11200,0.11200,0,0.00000,0,148.20892,15044,NaN,NaN,100,15044,2,1332.50000,2281.50000,0,0,0.00000,0.00000,NaN
619,0.00000,13998,0,13998,13998,13998,128.88354,197.07221,1298.50000,1985.50000,0,0.11200,0.11200,0,0.00000,0,137.90404,13998,NaN,NaN,100,13998,2,1298.50000,1985.50000,0,0,0.00000,0.00000,NaN
620,0.00000,14785,0,14785,14785,14785,139.00762,219.00773,1400.50000,2206.50000,0,0.11200,0.11200,0,0.00000,0,145.65733,14785,NaN,NaN,100,14785,2,1400.50000,2206.50000,0,0,0.00000,0.00000,NaN
621,0.00000,13778,0,13778,13778,13778,73.69737,246.20379,742.50000,2480.50000,0,0.11200,0.11200,0,0.00000,0,135.73667,13778,NaN,NaN,100,13778,2,742.50000,2480.50000,0,0,0.00000,0.00000,NaN
622,0.00000,14238,0,14238,14238,14238,69.82639,246.60081,703.50000,2484.50000,0,0.11200,0.11200,0,0.00000,0,140.26845,14238,NaN,NaN,100,14238,2,703.50000,2484.50000,0,0,0.00000,0.00000,NaN
623,0.00000,14241,0,14241,14241,14241,71.11672,253.44946,716.50000,2553.50000,0,0.11200,0.11200,0,0.00000,0,140.29801,14241,NaN,NaN,100,14241,2,716.50000,2553.50000,0,0,0.00000,0.00000,NaN
624,0.00000,15057,0,15057,15057,15057,69.33011,255.43457,698.50000,2573.50000,0,0.11200,0.11200,0,0.00000,0,148.33699,15057,NaN,NaN,100,15057,2,698.50000,2573.50000,0,0,0.00000,0.00000,NaN
625,0.00000,13898,0,13898,13898,13898,80.24824,252.95318,808.50000,2548.50000,0,0.11200,0.11200,0,0.00000,0,136.91887,13898,NaN,NaN,100,13898,2,808.50000,2548.50000,0,0,0.00000,0.00000,NaN
626,0.00000,14125,0,14125,14125,14125,77.27057,252.95318,778.50000,2548.50000,0,0.11200,0.11200,0,0.00000,0,139.15521,14125,NaN,NaN,100,14125,2,778.50000,2548.50000,0,0,0.00000,0.00000,NaN
627,0.00000,14570,0,14570,14570,14570,74.29290,253.35020,748.50000,2552.50000,0,0.11200,0.11200,0,0.00000,0,143.53921,14570,NaN,NaN,100,14570,2,748.50000,2552.50000,0,0,0.00000,0.00000,NaN
628,0.00000,14241,0,14241,14241,14241,70.91821,253.44946,714.50000,2553.50000,0,0.11200,0.11200,0,0.00000,0,140.29801,14241,NaN,NaN,100,14241,2,714.50000,2553.50000,0,0,0.00000,0.00000,NaN
629,0.00000,14355,0,14355,14355,14355,86.20359,250.96807,868.50000,2528.50000,0,0.11200,0.11200,0,0.00000,0,141.42110,14355,NaN,NaN,100,14355,2,868.50000,2528.50000,0,0,0.00000,0.00000,NaN
630,0.00000,15412,0,15412,15412,15412,55.23580,249.18146,556.50000,2510.50000,0,0.11200,0.11200,0,0.00000,0,151.83434,15412,NaN,NaN,100,15412,2,556.50000,2510.50000,0,0,0.00000,0.00000,NaN
631,0.00000,14124,0,14124,14124,14124,58.70975,252.05988,591.50000,2539.50000,0,0.11200,0.11200,0,0.00000,0,139.14536,14124,NaN,NaN,100,14124,2,591.50000,2539.50000,0,0,0.00000,0.00000,NaN
632,0.00000,14562,0,14562,14562,14562,65.55840,243.92091,660.50000,2457.50000,0,0.11200,0.11200,0,0.00000,0,143.46040,14562,NaN,NaN,100,14562,2,660.50000,2457.50000,0,0,0.00000,0.00000,NaN
633,0.00000,15196,0,15196,15196,15196,53.54846,321.53888,539.50000,3239.50000,0,0.11200,0.11200,0,0.00000,0,149.70638,15196,NaN,NaN,100,15196,2,539.50000,3239.50000,0,0,0.00000,0.00000,NaN
634,0.00000,15201,0,15201,15201,15201,49.37972,324.11952,497.50000,3265.50000,0,0.11200,0.11200,0,0.00000,0,149.75563,15201,NaN,NaN,100,15201,2,497.50000,3265.50000,0,0,0.00000,0.00000,NaN
635,0.00000,14155,0,14155,14155,14155,52.65515,317.07237,530.50000,3194.50000,0,0.11200,0.11200,0,0.00000,0,139.45076,14155,NaN,NaN,100,14155,2,530.50000,3194.50000,0,0,0.00000,0.00000,NaN
636,0.00000,15199,0,15199,15199,15199,36.27796,321.83664,365.50000,3242.50000,0,0.11200,0.11200,0,0.00000,0,149.73593,15199,NaN,NaN,100,15199,2,365.50000,3242.50000,0,0,0.00000,0.00000,NaN
637,0.00000,15540,0,15540,15540,15540,31.71220,319.85153,319.50000,3222.50000,0,0.11200,0.11200,0,0.00000,0,153.09536,15540,NaN,NaN,100,15540,2,319.50000,3222.50000,0,0,0.00000,0.00000,NaN
638,0.00000,15078,0,15078,15078,15078,49.08195,306.25350,494.50000,3085.50000,0,0.11200,0.11200,0,0.00000,0,148.54388,15078,NaN,NaN,100,15078,2,494.50000,3085.50000,0,0,0.00000,0.00000,NaN
639,0.00000,15536,0,15536,15536,15536,47.19609,309.92596,475.50000,3122.50000,0,0.11200,0.11200,0,0.00000,0,153.05595,15536,NaN,NaN,100,15536,2,475.50000,3122.50000,0,0,0.00000,0.00000,NaN
640,0.00000,15083,0,15083,15083,15083,52.35739,310.62075,527.50000,3129.50000,0,0.11200,0.11200,0,0.00000,0,148.59313,15083,NaN,Infinity,100,15083,2,527.50000,3129.50000,0,0,0.00000,0.00000,NaN
641,0.00000,13556,0,13556,13556,13556,53.15143,306.84903,535.50000,3091.50000,0,0.11200,0.11200,0,0.00000,0,133.54959,13556,NaN,NaN,100,13556,2,535.50000,3091.50000,0,0,0.00000,0.00000,NaN
642,0.00000,13799,0,13799,13799,13799,54.24325,299.10709,546.50000,3013.50000,0,0.11200,0.11200,0,0.00000,0,135.94356,13799,NaN,NaN,100,13799,2,546.50000,3013.50000,0,0,0.00000,0.00000,NaN
643,0.00000,15307,0,15307,15307,15307,54.93804,291.56365,553.50000,2937.50000,0,0.11200,0.11200,0,0.00000,0,150.79991,15307,NaN,Infinity,100,15307,2,553.50000,2937.50000,0,0,0.00000,0.00000,NaN
644,0.00000,14280,0,14280,14280,14280,38.26308,328.18901,385.50000,3306.50000,0,0.11200,0.11200,0,0.00000,0,140.68222,14280,NaN,NaN,100,14280,2,385.50000,3306.50000,0,0,0.00000,0.00000,NaN
645,0.00000,15442,0,15442,15442,15442,31.61294,329.87636,318.50000,3323.50000,0,0.11200,0.11200,0,0.00000,0,152.12989,15442,NaN,NaN,100,15442,2,318.50000,3323.50000,0,0,0.00000,0.00000,NaN
646,0.00000,13449,0,13449,13449,13449,32.20848,343.47439,324.50000,3460.50000,0,0.11200,0.11200,0,0.00000,0,132.49546,13449,NaN,NaN,100,13449,2,324.50000,3460.50000,0,0,0.00000,0.00000,NaN
647,0.00000,14269,0,14269,14269,14269,37.56829,313.00289,378.50000,3153.50000,0,0.11200,0.11200,0,0.00000,0,140.57385,14269,NaN,NaN,100,14269,2,378.50000,3153.50000,0,0,0.00000,0.00000,NaN
648,0.00000,0,0,0,0,0,35.38466,313.20140,356.50000,3155.50000,0,0.11200,0.11200,0,0.00000,0,0.00000,0,NaN,NaN,0,0,2,356.50000,3155.50000,0,0,0.00000,0.00000,NaN
649,0.00000,15210,0,15210,15210,15210,44.11916,335.53393,444.50000,3380.50000,0,0.11200,0.11200,0,0.00000,0,149.84430,15210,NaN,NaN,100,15210,2,444.50000,3380.50000,0,0,0.00000,0.00000,NaN
650,0.00000,13926,0,13926,13926,13926,43.02735,332.95328,433.50000,3354.50000,0,0.11200,0.11200,0,0.00000,0,137.19472,13926,NaN,NaN,100,13926,2,433.50000,3354.50000,0,0,0.00000,0.00000,NaN
651,0.00000,14055,0,14055,14055,14055,46.79907,328.98305,471.50000,3314.50000,0,0.11200,0.11200,0,0.00000,0,138.46559,14055,NaN,NaN,100,14055,2,471.50000,3314.50000,0,0,0.00000,0.00000,NaN
652,0.00000,14962,0,14962,14962,14962,46.50130,331.16668,468.50000,3336.50000,0,0.11200,0.11200,0,0.00000,0,147.40108,14962,NaN,NaN,100,14962,2,468.50000,3336.50000,0,0,0.00000,0.00000,NaN
653,0.00000,15633,0,15633,15633,15633,24.46653,351.81187,246.50000,3544.50000,0,0.11200,0.11200,0,0.00000,0,154.01157,15633,NaN,NaN,100,15633,2,246.50000,3544.50000,0,0,0.00000,0.00000,NaN
654,0.00000,13578,0,13578,13578,13578,20.89333,351.31559,210.50000,3539.50000,0,0.11200,0.11200,0,0.00000,0,133.76633,13578,NaN,NaN,100,13578,2,210.50000,3539.50000,0,0,0.00000,0.00000,NaN
655,0.00000,14837,0,14837,14837,14837,10.96776,332.35775,110.50000,3348.50000,0,0.11200,0.11200,0,0.00000,0,146.16962,14837,NaN,Infinity,100,14837,2,110.50000,3348.50000,0,0,0.00000,0.00000,NaN
656,0.00000,14388,0,14388,14388,14388,9.77669,328.98305,98.50000,3314.50000,0,0.11200,0.11200,0,0.00000,0,141.74621,14388,NaN,NaN,100,14388,2,98.50000,3314.50000,0,0,0.00000,0.00000,NaN
657,0.00000,14964,0,14964,14964,14964,47.59311,333.94584,479.50000,3364.50000,0,0.11200,0.11200,0,0.00000,0,147.42078,14964,NaN,NaN,100,14964,2,479.50000,3364.50000,0,0,0.00000,0.00000,NaN
658,0.00000,15196,0,15196,15196,15196,52.25813,322.82920,526.50000,3252.50000,0,0.11200,0.11200,0,0.00000,0,149.70638,15196,NaN,NaN,100,15196,2,526.50000,3252.50000,0,0,0.00000,0.00000,NaN
659,0.00000,0,0,0,0,0,52.05962,317.96567,524.50000,3203.50000,0,0.11200,0.11200,0,0.00000,0,0.00000,0,NaN,NaN,0,0,2,524.50000,3203.50000,0,0,0.00000,0.00000,NaN
660,0.00000,15082,0,15082,15082,15082,50.96781,310.91852,513.50000,3132.50000,0,0.11200,0.11200,0,0.00000,0,148.58328,15082,NaN,NaN,100,15082,2,513.50000,3132.50000,0,0,0.00000,0.00000,NaN
661,0.00000,15078,0,15078,15078,15078,50.76930,308.23861,511.50000,3105.50000,0,0.11200,0.11200,0,0.00000,0,148.54388,15078,NaN,NaN,100,15078,2,511.50000,3105.50000,0,0,0.00000,0.00000,NaN
662,0.00000,15193,0,15193,15193,15193,108.93314,319.15674,1097.50000,3215.50000,0,0.11200,0.11200,0,0.00000,0,149.67682,15193,NaN,NaN,100,15193,2,1097.50000,3215.50000,0,0,0.00000,0.00000,NaN
663,0.00000,14274,0,14274,14274,14274,87.09689,322.92846,877.50000,3253.50000,0,0.11200,0.11200,0,0.00000,0,140.62311,14274,NaN,NaN,100,14274,2,877.50000,3253.50000,0,0,0.00000,0.00000,NaN
664,0.00000,15441,0,15441,15441,15441,89.87605,326.50166,905.50000,3289.50000,0,0.11200,0.11200,0,0.00000,0,152.12004,15441,NaN,NaN,100,15441,2,905.50000,3289.50000,0,0,0.00000,0.00000,NaN
665,0.00000,13213,0,13213,13213,13213,90.47158,322.92846,911.50000,3253.50000,0,0.11200,0.11200,0,0.00000,0,130.17046,13213,NaN,NaN,100,13213,2,911.50000,3253.50000,0,0,0.00000,0.00000,NaN
666,0.00000,14702,0,14702,14702,14702,80.64527,318.26344,812.50000,3206.50000,0,0.11200,0.11200,0,0.00000,0,144.83964,14702,NaN,NaN,100,14702,2,812.50000,3206.50000,0,0,0.00000,0.00000,NaN
667,0.00000,13922,0,13922,13922,13922,123.62299,326.40241,1245.50000,3288.50000,0,0.11200,0.11200,0,0.00000,0,137.15531,13922,NaN,NaN,100,13922,2,1245.50000,3288.50000,0,0,0.00000,0.00000,NaN
668,0.00000,14046,0,14046,14046,14046,120.04978,318.85897,1209.50000,3212.50000,0,0.11200,0.11200,0,0.00000,0,138.37692,14046,NaN,NaN,100,14046,2,1209.50000,3212.50000,0,0,0.00000,0.00000,NaN
669,0.00000,15331,0,15331,15331,15331,125.11182,340.49672,1260.50000,3430.50000,0,0.11200,0.11200,0,0.00000,0,151.03635,15331,NaN,NaN,100,15331,2,1260.50000,3430.50000,0,0,0.00000,0.00000,NaN
670,0.00000,15547,0,15547,15547,15547,123.92076,345.06248,1248.50000,3476.50000,0,0.11200,0.11200,0,0.00000,0,153.16432,15547,NaN,Infinity,100,15547,2,1248.50000,3476.50000,0,0,0.00000,0.00000,NaN
671,0.00000,15551,0,15551,15551,15551,124.91331,350.52154,1258.50000,3531.50000,0,0.11200,0.11200,0,0.00000,0,153.20373,15551,NaN,NaN,100,15551,2,1258.50000,3531.50000,0,0,0.00000,0.00000,NaN
672,0.00000,15338,0,15338,15338,15338,116.17881,346.94834,1170.50000,3495.50000,0,0.11200,0.11200,0,0.00000,0,151.10532,15338,NaN,NaN,100,15338,2,1170.50000,3495.50000,0,0,0.00000,0.00000,NaN
673,0.00000,13454,0,13454,13454,13454,117.76690,345.16174,1186.50000,3477.50000,0,0.11200,0.11200,0,0.00000,0,132.54472,13454,NaN,NaN,100,13454,2,1186.50000,3477.50000,0,0,0.00000,0.00000,NaN
674,0.00000,13695,0,13695,13695,13695,105.06217,348.23866,1058.50000,3508.50000,0,0.11200,0.11200,0,0.00000,0,134.91898,13695,NaN,NaN,100,13695,2,1058.50000,3508.50000,0,0,0.00000,0.00000,NaN
675,0.00000,15098,0,15098,15098,15098,105.85622,354.19401,1066.50000,3568.50000,0,0.11200,0.11200,0,0.00000,0,148.74091,15098,NaN,NaN,100,15098,2,1066.50000,3568.50000,0,0,0.00000,0.00000,NaN
676,0.00000,13237,0,13237,13237,13237,105.35994,361.04265,1061.50000,3637.50000,0,0.11200,0.11200,0,0.00000,0,130.40690,13237,NaN,NaN,100,13237,2,1061.50000,3637.50000,0,0,0.00000,0.00000,NaN
677,0.00000,15635,0,15635,15635,15635,106.35249,362.03521,1071.50000,3647.50000,0,0.11200,0.11200,0,0.00000,0,154.03127,15635,NaN,NaN,100,15635,2,1071.50000,3647.50000,0,0,0.00000,0.00000,NaN
678,0.00000,15228,0,15228,15228,15228,102.68003,363.82181,1034.50000,3665.50000,0,0.11200,0.11200,0,0.00000,0,150.02163,15228,NaN,NaN,100,15228,2,1034.50000,3665.50000,0,0,0.00000,0.00000,NaN
679,0.00000,15446,0,15446,15446,15446,94.64032,341.19151,953.50000,3437.50000,0,0.11200,0.11200,0,0.00000,0,152.16930,15446,NaN,NaN,100,15446,2,953.50000,3437.50000,0,0,0.00000,0.00000,NaN
680,0.00000,14605,0,14605,14605,14605,91.16637,341.39002,918.50000,3439.50000,0,0.11200,0.11200,0,0.00000,0,143.88402,14605,NaN,NaN,100,14605,2,918.50000,3439.50000,0,0,0.00000,0.00000,NaN
681,0.00000,0,0,0,0,0,120.44681,358.06498,1213.50000,3607.50000,0,0.11200,0.11200,0,0.00000,0,0.00000,0,NaN,NaN,0,0,2,1213.50000,3607.50000,0,0,0.00000,0.00000,NaN
682,0.00000,15348,0,15348,15348,15348,116.77434,360.64563,1176.50000,3633.50000,0,0.11200,0.11200,0,0.00000,0,151.20383,15348,NaN,NaN,100,15348,2,1176.50000,3633.50000,0,0,0.00000,0.00000,NaN
683,0.00000,14074,0,14074,14074,14074,127.59322,367.69278,1285.50000,3704.50000,0,0.11200,0.11200,0,0.00000,0,138.65277,14074,NaN,NaN,100,14074,2,1285.50000,3704.50000,0,0,0.00000,0.00000,NaN
684,0.00000,15202,0,15202,15202,15202,134.44186,328.78454,1354.50000,3312.50000,0,0.11200,0.11200,0,0.00000,0,149.76549,15202,NaN,NaN,100,15202,2,1354.50000,3312.50000,0,0,0.00000,0.00000,NaN
685,0.00000,15090,0,15090,15090,15090,113.79667,336.42723,1146.50000,3389.50000,0,0.11200,0.11200,0,0.00000,0,148.66210,15090,NaN,NaN,100,15090,2,1146.50000,3389.50000,0,0,0.00000,0.00000,NaN
686,0.00000,14504,0,14504,14504,14504,108.13910,366.89874,1089.50000,3696.50000,0,0.11200,0.11200,0,0.00000,0,142.88900,14504,NaN,NaN,100,14504,2,1089.50000,3696.50000,0,0,0.00000,0.00000,NaN
687,0.00000,13468,0,13468,13468,13468,109.92570,370.86896,1107.50000,3736.50000,0,0.11200,0.11200,0,0.00000,0,132.68264,13468,NaN,NaN,100,13468,2,1107.50000,3736.50000,0,0,0.00000,0.00000,NaN
688,0.00000,13834,0,13834,13834,13834,112.80412,367.39502,1136.50000,3701.50000,0,0.11200,0.11200,0,0.00000,0,136.28837,13834,NaN,NaN,100,13834,2,1136.50000,3701.50000,0,0,0.00000,0.00000,NaN
689,0.00000,14727,0,14727,14727,14727,112.60560,364.81437,1134.50000,3675.50000,0,0.11200,0.11200,0,0.00000,0,145.08593,14727,NaN,NaN,100,14727,2,1134.50000,3675.50000,0,0,0.00000,0.00000,NaN
690,0.00000,14506,0,14506,14506,14506,117.46913,369.18162,1183.50000,3719.50000,0,0.11200,0.11200,0,0.00000,0,142.90871,14506,NaN,NaN,100,14506,2,1183.50000,3719.50000,0,0,0.00000,0.00000,NaN
691,0.00000,14985,0,14985,14985,14985,120.94308,369.28087,1218.50000,3720.50000,0,0.11200,0.11200,0,0.00000,0,147.62767,14985,NaN,NaN,100,14985,2,1218.50000,3720.50000,0,0,0.00000,0.00000,NaN
692,0.00000,14503,0,14503,14503,14503,119.75202,366.40246,1206.50000,3691.50000,0,0.11200,0.11200,0,0.00000,0,142.87915,14503,NaN,NaN,100,14503,2,1206.50000,3691.50000,0,0,0.00000,0.00000,NaN
693,0.00000,14395,0,14395,14395,14395,108.13910,343.87141,1089.50000,3464.50000,0,0.11200,0.11200,0,0.00000,0,141.81517,14395,NaN,NaN,100,14395,2,1089.50000,3464.50000,0,0,0.00000,0.00000,NaN
694,0.00000,14395,0,14395,14395,14395,106.55101,341.98555,1073.50000,3445.50000,0,0.11200,0.11200,0,0.00000,0,141.81517,14395,NaN,NaN,100,14395,2,1073.50000,3445.50000,0,0,0.00000,0.00000,NaN
695,0.00000,15625,0,15625,15625,15625,106.15398,340.19895,1069.50000,3427.50000,0,0.11200,0.11200,0,0.00000,0,153.93275,15625,NaN,NaN,100,15625,2,1069.50000,3427.50000,0,0,0.00000,0.00000,NaN
696,0.00000,15330,0,15330,15330,15330,102.68003,338.31309,1034.50000,3408.50000,0,0.11200,0.11200,0,0.00000,0,151.02650,15330,NaN,NaN,100,15330,2,1034.50000,3408.50000,0,0,0.00000,0.00000,NaN
697,0.00000,15093,0,15093,15093,15093,101.19120,341.09225,1019.50000,3436.50000,0,0.11200,0.11200,0,0.00000,0,148.69165,15093,NaN,Infinity,100,15093,2,1019.50000,3436.50000,0,0,0.00000,0.00000,NaN
698,0.00000,15092,0,15092,15092,15092,99.80162,338.21384,1005.50000,3407.50000,0,0.11200,0.11200,0,0.00000,0,148.68180,15092,NaN,NaN,100,15092,2,1005.50000,3407.50000,0,0,0.00000,0.00000,NaN
699,0.00000,15545,0,15545,15545,15545,97.12171,336.12947,978.50000,3386.50000,0,0.11200,0.11200,0,0.00000,0,153.14462,15545,NaN,NaN,100,15545,2,978.50000,3386.50000,0,0,0.00000,0.00000,NaN
700,0.00000,14279,0,14279,14279,14279,97.51874,328.38752,982.50000,3308.50000,0,0.11200,0.11200,0,0.00000,0,140.67237,14279,NaN,NaN,100,14279,2,982.50000,3308.50000,0,0,0.00000,0.00000,NaN
701,0.00000,15323,0,15323,15323,15323,111.91081,315.68279,1127.50000,3180.50000,0,0.11200,0.11200,0,0.00000,0,150.95754,15323,NaN,Infinity,100,15323,2,1127.50000,3180.50000,0,0,0.00000,0.00000,NaN
702,0.00000,14829,0,14829,14829,14829,109.82644,313.39991,1106.50000,3157.50000,0,0.11200,0.11200,0,0.00000,0,146.09080,14829,NaN,NaN,100,14829,2,1106.50000,3157.50000,0,0,0.00000,0.00000,NaN
703,0.00000,14830,0,14830,14830,14830,128.48652,319.55376,1294.50000,3219.50000,0,0.11200,0.11200,0,0.00000,0,146.10065,14830,NaN,NaN,100,14830,2,1294.50000,3219.50000,0,0,0.00000,0.00000,NaN
704,0.00000,14594,0,14594,14594,14594,128.88354,325.11208,1298.50000,3275.50000,0,0.11200,0.11200,0,0.00000,0,143.77565,14594,NaN,NaN,100,14594,2,1298.50000,3275.50000,0,0,0.00000,0.00000,NaN
705,0.00000,14381,0,14381,14381,14381,122.13415,310.52149,1230.50000,3128.50000,0,0.11200,0.11200,0,0.00000,0,141.67724,14381,NaN,NaN,100,14381,2,1230.50000,3128.50000,0,0,0.00000,0.00000,NaN
706,0.00000,15116,0,15116,15116,15116,129.08205,384.56625,1300.50000,3874.50000,0,0.11200,0.11200,0,0.00000,0,148.91824,15116,NaN,NaN,100,15116,2,1300.50000,3874.50000,0,0,0.00000,0.00000,NaN
707,0.00000,14520,0,14520,14520,14520,90.76935,394.69034,914.50000,3976.50000,0,0.11200,0.11200,0,0.00000,0,143.04663,14520,NaN,NaN,100,14520,2,914.50000,3976.50000,0,0,0.00000,0.00000,NaN
708,0.00000,14739,0,14739,14739,14739,88.98275,389.92606,896.50000,3928.50000,0,0.11200,0.11200,0,0.00000,0,145.20415,14739,NaN,NaN,100,14739,2,896.50000,3928.50000,0,0,0.00000,0.00000,NaN
709,0.00000,15354,0,15354,15354,15354,100.69492,369.38013,1014.50000,3721.50000,0,0.11200,0.11200,0,0.00000,0,151.26294,15354,NaN,NaN,100,15354,2,1014.50000,3721.50000,0,0,0.00000,0.00000,NaN
710,0.00000,13467,0,13467,13467,13467,105.26068,369.38013,1060.50000,3721.50000,0,0.11200,0.11200,0,0.00000,0,132.67279,13467,NaN,NaN,100,13467,2,1060.50000,3721.50000,0,0,0.00000,0.00000,NaN
711,0.00000,15228,0,15228,15228,15228,103.67259,366.50171,1044.50000,3692.50000,0,0.11200,0.11200,0,0.00000,0,150.02163,15228,NaN,NaN,100,15228,2,1044.50000,3692.50000,0,0,0.00000,0.00000,NaN
712,0.00000,15228,0,15228,15228,15228,100.99269,363.12702,1017.50000,3658.50000,0,0.11200,0.11200,0,0.00000,0,150.02163,15228,NaN,NaN,100,15228,2,1017.50000,3658.50000,0,0,0.00000,0.00000,NaN
713,0.00000,14965,0,14965,14965,14965,110.91826,337.51905,1117.50000,3400.50000,0,0.11200,0.11200,0,0.00000,0,147.43063,14965,NaN,Infinity,100,14965,2,1117.50000,3400.50000,0,0,0.00000,0.00000,NaN
714,0.00000,14867,0,14867,14867,14867,69.23086,383.47444,697.50000,3863.50000,0,0.11200,0.11200,0,0.00000,0,146.46517,14867,NaN,NaN,100,14867,2,697.50000,3863.50000,0,0,0.00000,0.00000,NaN
715,0.00000,15240,0,15240,15240,15240,81.63782,379.80198,822.50000,3826.50000,0,0.11200,0.11200,0,0.00000,0,150.13985,15240,NaN,NaN,100,15240,2,822.50000,3826.50000,0,0,0.00000,0.00000,NaN
716,0.00000,14413,0,14413,14413,14413,80.44675,376.82431,810.50000,3796.50000,0,0.11200,0.11200,0,0.00000,0,141.99250,14413,NaN,NaN,100,14413,2,810.50000,3796.50000,0,0,0.00000,0.00000,NaN
717,0.00000,15251,0,15251,15251,15251,86.00507,392.50671,866.50000,3954.50000,0,0.11200,0.11200,0,0.00000,0,150.24822,15251,NaN,NaN,100,15251,2,866.50000,3954.50000,0,0,0.00000,0.00000,NaN
718,0.00000,13967,0,13967,13967,13967,106.84877,399.75238,1076.50000,4027.50000,0,0.11200,0.11200,0,0.00000,0,137.59864,13967,NaN,NaN,100,13967,2,1076.50000,4027.50000,0,0,0.00000,0.00000,NaN
719,0.00000,14855,0,14855,14855,14855,126.00513,372.95333,1269.50000,3757.50000,0,0.11200,0.11200,0,0.00000,0,146.34695,14855,NaN,NaN,100,14855,2,1269.50000,3757.50000,0,0,0.00000,0.00000,NaN
720,0.00000,0,0,0,0,0,116.67509,363.62330,1175.50000,3663.50000,0,0.11200,0.11200,0,0.00000,0,0.00000,0,NaN,NaN,0,0,2,1175.50000,3663.50000,0,0,0.00000,0.00000,NaN
721,0.00000,14180,0,14180,14180,14180,119.45425,361.93595,1203.50000,3646.50000,0,0.11200,0.11200,0,0.00000,0,139.69705,14180,NaN,NaN,100,14180,2,1203.50000,3646.50000,0,0,0.00000,0.00000,NaN
722,0.00000,14503,0,14503,14503,14503,122.72969,363.92107,1236.50000,3666.50000,0,0.11200,0.11200,0,0.00000,0,142.87915,14503,NaN,NaN,100,14503,2,1236.50000,3666.50000,0,0,0.00000,0.00000,NaN
723,0.00000,14421,0,14421,14421,14421,118.56095,399.05759,1194.50000,4020.50000,0,0.11200,0.11200,0,0.00000,0,142.07131,14421,NaN,NaN,100,14421,2,1194.50000,4020.50000,0,0,0.00000,0.00000,NaN
724,0.00000,13933,0,13933,13933,13933,148.23840,348.43717,1493.50000,3510.50000,0,0.11200,0.11200,0,0.00000,0,137.26368,13933,NaN,NaN,100,13933,2,1493.50000,3510.50000,0,0,0.00000,0.00000,NaN
725,0.00000,13572,0,13572,13572,13572,149.42947,344.16918,1505.50000,3467.50000,0,0.11200,0.11200,0,0.00000,0,133.70722,13572,NaN,NaN,100,13572,2,1505.50000,3467.50000,0,0,0.00000,0.00000,NaN
726,0.00000,14603,0,14603,14603,14603,149.42947,340.39746,1505.50000,3429.50000,0,0.11200,0.11200,0,0.00000,0,143.86432,14603,NaN,NaN,100,14603,2,1505.50000,3429.50000,0,0,0.00000,0.00000,NaN
727,0.00000,14836,0,14836,14836,14836,148.23840,335.73244,1493.50000,3382.50000,0,0.11200,0.11200,0,0.00000,0,146.15976,14836,NaN,NaN,100,14836,2,1493.50000,3382.50000,0,0,0.00000,0.00000,NaN
728,0.00000,14710,0,14710,14710,14710,149.23096,330.76966,1503.50000,3332.50000,0,0.11200,0.11200,0,0.00000,0,144.91845,14710,NaN,NaN,100,14710,2,1503.50000,3332.50000,0,0,0.00000,0.00000,NaN
729,0.00000,14700,0,14700,14700,14700,140.99274,313.20140,1420.50000,3155.50000,0,0.11200,0.11200,0,0.00000,0,144.81993,14700,NaN,NaN,100,14700,2,1420.50000,3155.50000,0,0,0.00000,0.00000,NaN
730,0.00000,13805,0,13805,13805,13805,140.39720,309.13191,1414.50000,3114.50000,0,0.11200,0.11200,0,0.00000,0,136.00267,13805,NaN,NaN,100,13805,2,1414.50000,3114.50000,0,0,0.00000,0.00000,NaN
731,0.00000,14824,0,14824,14824,14824,143.47413,306.65052,1445.50000,3089.50000,0,0.11200,0.11200,0,0.00000,0,146.04154,14824,NaN,NaN,100,14824,2,1445.50000,3089.50000,0,0,0.00000,0.00000,NaN
732,0.00000,14041,0,14041,14041,14041,144.26818,312.01033,1453.50000,3143.50000,0,0.11200,0.11200,0,0.00000,0,138.32767,14041,NaN,NaN,100,14041,2,1453.50000,3143.50000,0,0,0.00000,0.00000,NaN
733,0.00000,13211,0,13211,13211,13211,143.67264,315.78205,1447.50000,3181.50000,0,0.11200,0.11200,0,0.00000,0,130.15076,13211,NaN,NaN,100,13211,2,1447.50000,3181.50000,0,0,0.00000,0.00000,NaN
734,0.00000,15788,0,15788,15788,15788,146.74957,315.68279,1478.50000,3180.50000,0,0.11200,0.11200,0,0.00000,0,155.53858,15788,NaN,NaN,100,15788,2,1478.50000,3180.50000,0,0,0.00000,0.00000,NaN
735,0.00000,13559,0,13559,13559,13559,148.23840,315.08726,1493.50000,3174.50000,0,0.11200,0.11200,0,0.00000,0,133.57915,13559,NaN,NaN,100,13559,2,1493.50000,3174.50000,0,0,0.00000,0.00000,NaN
736,0.00000,13810,0,13810,13810,13810,131.66270,321.93590,1326.50000,3243.50000,0,0.11200,0.11200,0,0.00000,0,136.05192,13810,NaN,NaN,100,13810,2,1326.50000,3243.50000,0,0,0.00000,0.00000,NaN
737,0.00000,13434,0,13434,13434,13434,141.78678,321.04260,1428.50000,3234.50000,0,0.11200,0.11200,0,0.00000,0,132.34769,13434,NaN,NaN,100,13434,2,1428.50000,3234.50000,0,0,0.00000,0.00000,NaN
738,0.00000,14051,0,14051,14051,14051,145.06222,320.74483,1461.50000,3231.50000,0,0.11200,0.11200,0,0.00000,0,138.42618,14051,NaN,NaN,100,14051,2,1461.50000,3231.50000,0,0,0.00000,0.00000,NaN
739,0.00000,14048,0,14048,14048,14048,147.44436,320.24855,1485.50000,3226.50000,0,0.11200,0.11200,0,0.00000,0,138.39663,14048,NaN,NaN,100,14048,2,1485.50000,3226.50000,0,0,0.00000,0.00000,NaN
740,0.00000,15713,0,15713,15713,15713,150.81905,327.89124,1519.50000,3303.50000,0,0.11200,0.11200,0,0.00000,0,154.79970,15713,NaN,NaN,100,15713,2,1519.50000,3303.50000,0,0,0.00000,0.00000,NaN
741,0.00000,15628,0,15628,15628,15628,128.78429,350.42229,1297.50000,3530.50000,0,0.11200,0.11200,0,0.00000,0,153.96231,15628,NaN,NaN,100,15628,2,1297.50000,3530.50000,0,0,0.00000,0.00000,NaN
742,0.00000,15253,0,15253,15253,15253,133.35005,396.87396,1343.50000,3998.50000,0,0.11200,0.11200,0,0.00000,0,150.26792,15253,NaN,Infinity,100,15253,2,1343.50000,3998.50000,0,0,0.00000,0.00000,NaN
743,0.00000,15122,0,15122,15122,15122,137.41953,403.62335,1384.50000,4066.50000,0,0.11200,0.11200,0,0.00000,0,148.97735,15122,NaN,NaN,100,15122,2,1384.50000,4066.50000,0,0,0.00000,0.00000,NaN
744,0.00000,14192,0,14192,14192,14192,137.81655,405.80698,1388.50000,4088.50000,0,0.11200,0.11200,0,0.00000,0,139.81527,14192,NaN,NaN,100,14192,2,1388.50000,4088.50000,0,0,0.00000,0.00000,NaN
745,0.00000,13850,0,13850,13850,13850,42.46490,391.91118,427.83334,3948.50000,0,0.11200,0.11200,0,0.00000,0,136.44599,13850,NaN,NaN,100,13850,2,427.83334,3948.50000,0,0,0.00000,0.00000,NaN
746,0.00000,15564,0,15564,15564,15564,38.03148,393.96244,383.16666,3969.16650,0,0.11200,0.11200,0,0.00000,0,153.33180,15564,NaN,NaN,100,15564,2,383.16666,3969.16650,0,0,0.00000,0.00000,NaN
747,0.00000,14523,0,14523,14523,14523,26.65016,406.79953,268.50000,4098.50000,0,0.11200,0.11200,0,0.00000,0,143.07618,14523,NaN,NaN,100,14523,2,268.50000,4098.50000,0,0,0.00000,0.00000,NaN
748,0.00000,12645,0,12645,12645,12645,18.24651,399.88471,183.83333,4028.83325,0,0.11200,0.11200,0,0.00000,0,124.57470,12645,NaN,NaN,100,12645,2,183.83333,4028.83325,0,0,0.00000,0.00000,NaN
749,0.00000,15369,0,15369,15369,15369,30.68656,393.59852,309.16666,3965.50000,0,0.11200,0.11200,0,0.00000,0,151.41072,15369,NaN,NaN,100,15369,2,309.16666,3965.50000,0,0,0.00000,0.00000,NaN
750,0.00000,12778,0,12778,12778,12778,14.04468,395.48438,141.50000,3984.50000,0,0.11200,0.11200,0,0.00000,0,125.88497,12778,NaN,NaN,100,12778,2,141.50000,3984.50000,0,0,0.00000,0.00000,NaN
751,0.00000,15364,0,15364,15364,15364,35.55009,389.16509,358.16666,3920.83325,0,0.11200,0.11200,0,0.00000,0,151.36146,15364,NaN,NaN,100,15364,2,358.16666,3920.83325,0,0,0.00000,0.00000,NaN
752,0.00000,13125,0,13125,13125,13125,53.11834,384.13613,535.16663,3870.16650,0,0.11200,0.11200,0,0.00000,0,129.30351,13125,NaN,NaN,100,13125,2,535.16663,3870.16650,0,0,0.00000,0.00000,NaN
753,0.00000,13125,0,13125,13125,13125,53.34994,384.33464,537.50000,3872.16650,0,0.11200,0.11200,0,0.00000,0,129.30351,13125,NaN,NaN,100,13125,2,537.50000,3872.16650,0,0,0.00000,0.00000,NaN
754,0.00000,13125,0,13125,13125,13125,52.22504,382.81273,526.16663,3856.83325,0,0.11200,0.11200,0,0.00000,0,129.30351,13125,NaN,NaN,100,13125,2,526.16663,3856.83325,0,0,0.00000,0.00000,NaN
755,0.00000,13125,0,13125,13125,13125,52.02653,382.54804,524.16663,3854.16650,0,0.11200,0.11200,0,0.00000,0,129.30351,13125,NaN,NaN,100,13125,2,524.16663,3854.16650,0,0,0.00000,0.00000,NaN
756,0.00000,15727,0,15727,15727,15727,129.77684,357.76721,1307.50000,3604.50000,0,0.11200,0.11200,0,0.00000,0,154.93763,15727,NaN,NaN,100,15727,2,1307.50000,3604.50000,0,0,0.00000,0.00000,NaN
757,0.00000,14503,0,14503,14503,14503,120.94308,365.11213,1218.50000,3678.50000,0,0.11200,0.11200,0,0.00000,0,142.87915,14503,NaN,NaN,100,14503,2,1218.50000,3678.50000,0,0,0.00000,0.00000,NaN
758,0.00000,14727,0,14727,14727,14727,113.39965,363.92107,1142.50000,3666.50000,0,0.11200,0.11200,0,0.00000,0,145.08593,14727,NaN,NaN,100,14727,2,1142.50000,3666.50000,0,0,0.00000,0.00000,NaN
759,0.00000,14504,0,14504,14504,14504,108.03984,365.40990,1088.50000,3681.50000,0,0.11200,0.11200,0,0.00000,0,142.88900,14504,NaN,NaN,100,14504,2,1088.50000,3681.50000,0,0,0.00000,0.00000,NaN
760,0.00000,15228,0,15228,15228,15228,103.07706,364.91362,1038.50000,3676.50000,0,0.11200,0.11200,0,0.00000,0,150.02163,15228,NaN,NaN,100,15228,2,1038.50000,3676.50000,0,0,0.00000,0.00000,NaN
761,0.00000,15635,0,15635,15635,15635,106.05473,361.34042,1068.50000,3640.50000,0,0.11200,0.11200,0,0.00000,0,154.03127,15635,NaN,NaN,100,15635,2,1068.50000,3640.50000,0,0,0.00000,0.00000,NaN
762,0.00000,14501,0,14501,14501,14501,104.56589,358.06498,1053.50000,3607.50000,0,0.11200,0.11200,0,0.00000,0,142.85945,14501,NaN,NaN,100,14501,2,1053.50000,3607.50000,0,0,0.00000,0.00000,NaN
763,0.00000,14501,0,14501,14501,14501,101.09194,354.19401,1018.50000,3568.50000,0,0.11200,0.11200,0,0.00000,0,142.85945,14501,NaN,NaN,100,14501,2,1018.50000,3568.50000,0,0,0.00000,0.00000,NaN
764,0.00000,15097,0,15097,15097,15097,100.79417,349.33048,1015.50000,3519.50000,0,0.11200,0.11200,0,0.00000,0,148.73106,15097,NaN,NaN,100,15097,2,1015.50000,3519.50000,0,0,0.00000,0.00000,NaN
765,0.00000,15097,0,15097,15097,15097,100.79417,349.33048,1015.50000,3519.50000,0,0.11200,0.11200,0,0.00000,0,148.73106,15097,NaN,NaN,100,15097,2,1015.50000,3519.50000,0,0,0.00000,0.00000,NaN
766,0.00000,0,0,0,0,0,104.06961,352.20889,1048.50000,3548.50000,0,0.11200,0.11200,0,0.00000,0,0.00000,0,NaN,NaN,0,0,2,1048.50000,3548.50000,0,0,0.00000,0.00000,NaN
767,0.00000,15098,0,15098,15098,15098,104.46664,351.81187,1052.50000,3544.50000,0,0.11200,0.11200,0,0.00000,0,148.74091,15098,NaN,NaN,100,15098,2,1052.50000,3544.50000,0,0,0.00000,0.00000,NaN
768,0.00000,14499,0,14499,14499,14499,108.03984,346.35280,1088.50000,3489.50000,0,0.11200,0.11200,0,0.00000,0,142.83974,14499,NaN,NaN,100,14499,2,1088.50000,3489.50000,0,0,0.00000,0.00000,NaN
769,0.00000,13338,0,13338,13338,13338,111.01751,339.00788,1118.50000,3415.50000,0,0.11200,0.11200,0,0.00000,0,131.40192,13338,NaN,NaN,100,13338,2,1118.50000,3415.50000,0,0,0.00000,0.00000,NaN
770,0.00000,0,0,0,0,0,98.80906,342.68034,995.50000,3452.50000,0,0.11200,0.11200,0,0.00000,0,0.00000,0,NaN,NaN,0,0,2,995.50000,3452.50000,0,0,0.00000,0.00000,NaN
771,0.00000,13344,0,13344,13344,13344,98.61055,344.46695,993.50000,3470.50000,0,0.11200,0.11200,0,0.00000,0,131.46103,13344,NaN,NaN,100,13344,2,993.50000,3470.50000,0,0,0.00000,0.00000,NaN
772,0.00000,15097,0,15097,15097,15097,99.30534,349.42973,1000.50000,3520.50000,0,0.11200,0.11200,0,0.00000,0,148.73106,15097,NaN,NaN,100,15097,2,1000.50000,3520.50000,0,0,0.00000,0.00000,NaN
773,0.00000,15340,0,15340,15340,15340,104.26812,350.52154,1050.50000,3531.50000,0,0.11200,0.11200,0,0.00000,0,151.12502,15340,NaN,NaN,100,15340,2,1050.50000,3531.50000,0,0,0.00000,0.00000,NaN
774,0.00000,14501,0,14501,14501,14501,100.89343,353.79698,1016.50000,3564.50000,0,0.11200,0.11200,0,0.00000,0,142.85945,14501,NaN,NaN,100,14501,2,1016.50000,3564.50000,0,0,0.00000,0.00000,NaN
775,0.00000,13941,0,13941,13941,13941,106.94803,355.88135,1077.50000,3585.50000,0,0.11200,0.11200,0,0.00000,0,137.34250,13941,NaN,NaN,100,13941,2,1077.50000,3585.50000,0,0,0.00000,0.00000,NaN
776,0.00000,13353,0,13353,13353,13353,109.13165,359.65307,1099.50000,3623.50000,0,0.11200,0.11200,0,0.00000,0,131.54970,13353,NaN,NaN,100,13353,2,1099.50000,3623.50000,0,0,0.00000,0.00000,NaN
777,0.00000,14727,0,14727,14727,14727,112.60560,359.95084,1134.50000,3626.50000,0,0.11200,0.11200,0,0.00000,0,145.08593,14727,NaN,NaN,100,14727,2,1134.50000,3626.50000,0,0,0.00000,0.00000,NaN
778,0.00000,13706,0,13706,13706,13706,112.80412,357.76721,1136.50000,3604.50000,0,0.11200,0.11200,0,0.00000,0,135.02735,13706,NaN,NaN,100,13706,2,1136.50000,3604.50000,0,0,0.00000,0.00000,NaN
779,0.00000,13467,0,13467,13467,13467,105.55845,368.38757,1063.50000,3711.50000,0,0.11200,0.11200,0,0.00000,0,132.67279,13467,NaN,NaN,100,13467,2,1063.50000,3711.50000,0,0,0.00000,0.00000,NaN
780,0.00000,15355,0,15355,15355,15355,104.16887,369.97566,1049.50000,3727.50000,0,0.11200,0.11200,0,0.00000,0,151.27280,15355,NaN,Infinity,100,15355,2,1049.50000,3727.50000,0,0,0.00000,0.00000,NaN
781,0.00000,15464,0,15464,15464,15464,106.55101,372.45706,1073.50000,3752.50000,0,0.11200,0.11200,0,0.00000,0,152.34663,15464,NaN,NaN,100,15464,2,1073.50000,3752.50000,0,0,0.00000,0.00000,NaN
782,0.00000,13952,0,13952,13952,13952,107.14654,373.84664,1079.50000,3766.50000,0,0.11200,0.11200,0,0.00000,0,137.45087,13952,NaN,NaN,100,13952,2,1079.50000,3766.50000,0,0,0.00000,0.00000,NaN
783,0.00000,13680,0,13680,13680,13680,77.76685,319.75227,783.50000,3221.50000,0,0.11200,0.11200,0,0.00000,0,134.77120,13680,NaN,NaN,100,13680,2,783.50000,3221.50000,0,0,0.00000,0.00000,NaN
784,0.00000,13428,0,13428,13428,13428,83.72219,316.87386,843.50000,3192.50000,0,0.11200,0.11200,0,0.00000,0,132.28858,13428,NaN,NaN,100,13428,2,843.50000,3192.50000,0,0,0.00000,0.00000,NaN
785,0.00000,14274,0,14274,14274,14274,86.99763,321.24111,876.50000,3236.50000,0,0.11200,0.11200,0,0.00000,0,140.62311,14274,NaN,NaN,100,14274,2,876.50000,3236.50000,0,0,0.00000,0.00000,NaN
786,0.00000,15194,0,15194,15194,15194,94.64032,318.85897,953.50000,3212.50000,0,0.11200,0.11200,0,0.00000,0,149.68667,15194,NaN,NaN,100,15194,2,953.50000,3212.50000,0,0,0.00000,0.00000,NaN
787,0.00000,14279,0,14279,14279,14279,98.11427,326.89868,988.50000,3293.50000,0,0.11200,0.11200,0,0.00000,0,140.67237,14279,NaN,NaN,100,14279,2,988.50000,3293.50000,0,0,0.00000,0.00000,NaN
788,0.00000,15192,0,15192,15192,15192,103.67259,319.15674,1044.50000,3215.50000,0,0.11200,0.11200,0,0.00000,0,149.66697,15192,NaN,NaN,100,15192,2,1044.50000,3215.50000,0,0,0.00000,0.00000,NaN
789,0.00000,15320,0,15320,15320,15320,104.96291,309.23117,1057.50000,3115.50000,0,0.11200,0.11200,0,0.00000,0,150.92799,15320,NaN,NaN,100,15320,2,1057.50000,3115.50000,0,0,0.00000,0.00000,NaN
790,0.00000,13325,0,13325,13325,13325,111.71230,311.11703,1125.50000,3134.50000,0,0.11200,0.11200,0,0.00000,0,131.27385,13325,NaN,NaN,100,13325,2,1125.50000,3134.50000,0,0,0.00000,0.00000,NaN
791,0.00000,14486,0,14486,14486,14486,114.59072,317.17163,1154.50000,3195.50000,0,0.11200,0.11200,0,0.00000,0,142.71167,14486,NaN,NaN,100,14486,2,1154.50000,3195.50000,0,0,0.00000,0.00000,NaN
792,0.00000,14486,0,14486,14486,14486,114.98774,319.95079,1158.50000,3223.50000,0,0.11200,0.11200,0,0.00000,0,142.71167,14486,NaN,NaN,100,14486,2,1158.50000,3223.50000,0,0,0.00000,0.00000,NaN
793,0.00000,14159,0,14159,14159,14159,113.89593,322.03515,1147.50000,3244.50000,0,0.11200,0.11200,0,0.00000,0,139.49017,14159,NaN,NaN,100,14159,2,1147.50000,3244.50000,0,0,0.00000,0.00000,NaN
794,0.00000,13819,0,13819,13819,13819,116.87360,333.54882,1177.50000,3360.50000,0,0.11200,0.11200,0,0.00000,0,136.14059,13819,NaN,NaN,100,13819,2,1177.50000,3360.50000,0,0,0.00000,0.00000,NaN
795,0.00000,14153,0,14153,14153,14153,127.29545,316.47684,1282.50000,3188.50000,0,0.11200,0.11200,0,0.00000,0,139.43106,14153,NaN,NaN,100,14153,2,1282.50000,3188.50000,0,0,0.00000,0.00000,NaN
796,0.00000,13326,0,13326,13326,13326,130.96791,315.48428,1319.50000,3178.50000,0,0.11200,0.11200,0,0.00000,0,131.28370,13326,NaN,NaN,100,13326,2,1319.50000,3178.50000,0,0,0.00000,0.00000,NaN
797,0.00000,15306,0,15306,15306,15306,129.37982,285.40980,1303.50000,2875.50000,0,0.11200,0.11200,0,0.00000,0,150.79006,15306,NaN,NaN,100,15306,2,1303.50000,2875.50000,0,0,0.00000,0.00000,NaN
798,0.00000,14946,0,14946,14946,14946,93.54851,298.41230,942.50000,3006.50000,0,0.11200,0.11200,0,0.00000,0,147.24345,14946,NaN,NaN,100,14946,2,942.50000,3006.50000,0,0,0.00000,0.00000,NaN
799,0.00000,15530,0,15530,15530,15530,90.07456,297.22123,907.50000,2994.50000,0,0.11200,0.11200,0,0.00000,0,152.99684,15530,NaN,NaN,100,15530,2,907.50000,2994.50000,0,0,0.00000,0.00000,NaN
800,0.00000,13081,0,13081,13081,13081,91.96042,295.33537,926.50000,2975.50000,0,0.11200,0.11200,0,0.00000,0,128.87004,13081,NaN,NaN,100,13081,2,926.50000,2975.50000,0,0,0.00000,0.00000,NaN
801,0.00000,13911,0,13911,13911,13911,87.89093,299.80188,885.50000,3020.50000,0,0.11200,0.11200,0,0.00000,0,137.04695,13911,NaN,NaN,100,13911,2,885.50000,3020.50000,0,0,0.00000,0.00000,NaN
802,0.00000,14367,0,14367,14367,14367,99.00757,290.47184,997.50000,2926.50000,0,0.11200,0.11200,0,0.00000,0,141.53932,14367,NaN,NaN,100,14367,2,997.50000,2926.50000,0,0,0.00000,0.00000,NaN
803,0.00000,14135,0,14135,14135,14135,101.78673,287.59342,1025.50000,2897.50000,0,0.11200,0.11200,0,0.00000,0,139.25373,14135,NaN,NaN,100,14135,2,1025.50000,2897.50000,0,0,0.00000,0.00000,NaN
804,0.00000,15174,0,15174,15174,15174,103.67259,286.10459,1044.50000,2882.50000,0,0.11200,0.11200,0,0.00000,0,149.48964,15174,NaN,NaN,100,15174,2,1044.50000,2882.50000,0,0,0.00000,0.00000,NaN
805,0.00000,15525,0,15525,15525,15525,100.00013,284.81426,1007.50000,2869.50000,0,0.11200,0.11200,0,0.00000,0,152.94758,15525,NaN,Infinity,100,15525,2,1007.50000,2869.50000,0,0,0.00000,0.00000,NaN
806,0.00000,13663,0,13663,13663,13663,97.51874,283.32543,982.50000,2854.50000,0,0.11200,0.11200,0,0.00000,0,134.60373,13663,NaN,NaN,100,13663,2,982.50000,2854.50000,0,0,0.00000,0.00000,NaN
807,0.00000,15421,0,15421,15421,15421,95.33511,281.53882,960.50000,2836.50000,0,0.11200,0.11200,0,0.00000,0,151.92301,15421,NaN,NaN,100,15421,2,960.50000,2836.50000,0,0,0.00000,0.00000,NaN
808,0.00000,12708,0,12708,12708,12708,93.15148,279.55371,938.50000,2816.50000,0,0.11200,0.11200,0,0.00000,0,125.19536,12708,NaN,NaN,100,12708,2,938.50000,2816.50000,0,0,0.00000,0.00000,NaN
809,0.00000,15523,0,15523,15523,15523,91.06712,277.86636,917.50000,2799.50000,0,0.11200,0.11200,0,0.00000,0,152.92788,15523,NaN,NaN,100,15523,2,917.50000,2799.50000,0,0,0.00000,0.00000,NaN
810,0.00000,14676,0,14676,14676,14676,88.48647,277.76711,891.50000,2798.50000,0,0.11200,0.11200,0,0.00000,0,144.58349,14676,NaN,NaN,100,14676,2,891.50000,2798.50000,0,0,0.00000,0.00000,NaN
811,0.00000,0,0,0,0,0,93.54851,282.92840,942.50000,2850.50000,0,0.11200,0.11200,0,0.00000,0,0.00000,0,NaN,NaN,0,0,2,942.50000,2850.50000,0,0,0.00000,0.00000,NaN
812,0.00000,15420,0,15420,15420,15420,76.87355,281.73734,774.50000,2838.50000,0,0.11200,0.11200,0,0.00000,0,151.91316,15420,NaN,NaN,100,15420,2,774.50000,2838.50000,0,0,0.00000,0.00000,NaN
813,0.00000,14472,0,14472,14472,14472,71.71225,290.47184,722.50000,2926.50000,0,0.11200,0.11200,0,0.00000,0,142.57375,14472,NaN,NaN,100,14472,2,722.50000,2926.50000,0,0,0.00000,0.00000,NaN
814,0.00000,13195,0,13195,13195,13195,71.71225,288.38747,722.50000,2905.50000,0,0.11200,0.11200,0,0.00000,0,129.99313,13195,NaN,NaN,100,13195,2,722.50000,2905.50000,0,0,0.00000,0.00000,NaN
815,0.00000,14577,0,14577,14577,14577,75.58322,278.06487,761.50000,2801.50000,0,0.11200,0.11200,0,0.00000,0,143.60818,14577,NaN,NaN,100,14577,2,761.50000,2801.50000,0,0,0.00000,0.00000,NaN
816,0.00000,15520,0,15520,15520,15520,78.66015,272.50656,792.50000,2745.50000,0,0.11200,0.11200,0,0.00000,0,152.89833,15520,NaN,NaN,100,15520,2,792.50000,2745.50000,0,0,0.00000,0.00000,NaN
817,0.00000,15603,0,15603,15603,15603,34.78913,311.41479,350.50000,3137.50000,0,0.11200,0.11200,0,0.00000,0,153.71602,15603,NaN,NaN,100,15603,2,350.50000,3137.50000,0,0,0.00000,0.00000,NaN
818,0.00000,15191,0,15191,15191,15191,37.17126,316.77460,374.50000,3191.50000,0,0.11200,0.11200,0,0.00000,0,149.65712,15191,NaN,NaN,100,15191,2,374.50000,3191.50000,0,0,0.00000,0.00000,NaN
819,0.00000,0,0,0,0,0,44.61544,326.60092,449.50000,3290.50000,0,0.11200,0.11200,0,0.00000,0,0.00000,0,NaN,NaN,0,0,2,449.50000,3290.50000,0,0,0.00000,0.00000,NaN
820,0.00000,0,0,0,0,0,45.31023,324.91357,456.50000,3273.50000,0,0.11200,0.11200,0,0.00000,0,0.00000,0,NaN,NaN,0,0,2,456.50000,3273.50000,0,0,0.00000,0.00000,NaN
821,0.00000,15197,0,15197,15197,15197,50.27302,321.04260,506.50000,3234.50000,0,0.11200,0.11200,0,0.00000,0,149.71623,15197,NaN,NaN,100,15197,2,506.50000,3234.50000,0,0,0.00000,0.00000,NaN
822,0.00000,15213,0,15213,15213,15213,40.94298,339.20639,412.50000,3417.50000,0,0.11200,0.11200,0,0.00000,0,149.87385,15213,NaN,NaN,100,15213,2,412.50000,3417.50000,0,0,0.00000,0.00000,NaN
823,0.00000,14967,0,14967,14967,14967,37.56829,336.03021,378.50000,3385.50000,0,0.11200,0.11200,0,0.00000,0,147.45034,14967,NaN,NaN,100,14967,2,378.50000,3385.50000,0,0,0.00000,0.00000,NaN
824,0.00000,14170,0,14170,14170,14170,35.98020,339.10714,362.50000,3416.50000,0,0.11200,0.11200,0,0.00000,0,139.59854,14170,NaN,NaN,100,14170,2,362.50000,3416.50000,0,0,0.00000,0.00000,NaN
825,0.00000,15432,0,15432,15432,15432,26.55090,309.82670,267.50000,3121.50000,0,0.11200,0.11200,0,0.00000,0,152.03138,15432,NaN,NaN,100,15432,2,267.50000,3121.50000,0,0,0.00000,0.00000,NaN
826,0.00000,13408,0,13408,13408,13408,74.78918,260.69513,753.50000,2626.50000,0,0.11200,0.11200,0,0.00000,0,132.09154,13408,NaN,NaN,100,13408,2,753.50000,2626.50000,0,0,0.00000,0.00000,NaN
827,0.00000,13898,0,13898,13898,13898,81.43931,255.63308,820.50000,2575.50000,0,0.11200,0.11200,0,0.00000,0,136.91887,13898,NaN,NaN,100,13898,2,820.50000,2575.50000,0,0,0.00000,0.00000,NaN
828,0.00000,14121,0,14121,14121,14121,89.67754,246.89858,903.50000,2487.50000,0,0.11200,0.11200,0,0.00000,0,139.11580,14121,NaN,NaN,100,14121,2,903.50000,2487.50000,0,0,0.00000,0.00000,NaN
829,0.00000,15057,0,15057,15057,15057,68.33756,255.13681,688.50000,2570.50000,0,0.11200,0.11200,0,0.00000,0,148.33699,15057,NaN,NaN,100,15057,2,688.50000,2570.50000,0,0,0.00000,0.00000,NaN
830,0.00000,14238,0,14238,14238,14238,69.92565,250.47179,704.50000,2523.50000,0,0.11200,0.11200,0,0.00000,0,140.26845,14238,NaN,NaN,100,14238,2,704.50000,2523.50000,0,0,0.00000,0.00000,NaN
831,0.00000,14241,0,14241,14241,14241,69.72714,253.25095,702.50000,2551.50000,0,0.11200,0.11200,0,0.00000,0,140.29801,14241,NaN,NaN,100,14241,2,702.50000,2551.50000,0,0,0.00000,0.00000,NaN
832,0.00000,13057,0,13057,13057,13057,70.91821,257.91597,714.50000,2598.50000,0,0.11200,0.11200,0,0.00000,0,128.63360,13057,NaN,NaN,100,13057,2,714.50000,2598.50000,0,0,0.00000,0.00000,NaN
833,0.00000,13408,0,13408,13408,13408,73.39960,259.20629,739.50000,2611.50000,0,0.11200,0.11200,0,0.00000,0,132.09154,13408,NaN,NaN,100,13408,2,739.50000,2611.50000,0,0,0.00000,0.00000,NaN
834,0.00000,15687,0,15687,15687,15687,71.51374,258.80927,720.50000,2607.50000,0,0.11200,0.11200,0,0.00000,0,154.54356,15687,NaN,NaN,100,15687,2,720.50000,2607.50000,0,0,0.00000,0.00000,NaN
835,0.00000,14130,0,14130,14130,14130,79.85122,266.55121,804.50000,2685.50000,0,0.11200,0.11200,0,0.00000,0,139.20447,14130,NaN,NaN,100,14130,2,804.50000,2685.50000,0,0,0.00000,0.00000,NaN
836,0.00000,15415,0,15415,15415,15415,88.78423,259.10703,894.50000,2610.50000,0,0.11200,0.11200,0,0.00000,0,151.86390,15415,NaN,NaN,100,15415,2,894.50000,2610.50000,0,0,0.00000,0.00000,NaN
837,0.00000,13644,0,13644,13644,13644,92.95297,247.39486,936.50000,2492.50000,0,0.11200,0.11200,0,0.00000,0,134.41654,13644,NaN,NaN,100,13644,2,936.50000,2492.50000,0,0,0.00000,0.00000,NaN
838,0.00000,15056,0,15056,15056,15056,89.47902,251.86137,901.50000,2537.50000,0,0.11200,0.11200,0,0.00000,0,148.32714,15056,NaN,NaN,100,15056,2,901.50000,2537.50000,0,0,0.00000,0.00000,NaN
839,0.00000,0,0,0,0,0,81.53857,250.37253,821.50000,2522.50000,0,0.11200,0.11200,0,0.00000,0,0.00000,0,NaN,NaN,0,0,2,821.50000,2522.50000,0,0,0.00000,0.00000,NaN
840,0.00000,15512,0,15512,15512,15512,81.04229,249.18146,816.50000,2510.50000,0,0.11200,0.11200,0,0.00000,0,152.81951,15512,NaN,NaN,100,15512,2,816.50000,2510.50000,0,0,0.00000,0.00000,NaN
841,0.00000,14353,0,14353,14353,14353,78.75941,245.60826,793.50000,2474.50000,0,0.11200,0.11200,0,0.00000,0,141.40140,14353,NaN,NaN,100,14353,2,793.50000,2474.50000,0,0,0.00000,0.00000,NaN
842,0.00000,14241,0,14241,14241,14241,71.61300,252.45690,721.50000,2543.50000,0,0.11200,0.11200,0,0.00000,0,140.29801,14241,NaN,NaN,100,14241,2,721.50000,2543.50000,0,0,0.00000,0.00000,NaN
843,0.00000,14675,0,14675,14675,14675,86.20359,270.22367,868.50000,2722.50000,0,0.11200,0.11200,0,0.00000,0,144.57364,14675,NaN,NaN,100,14675,2,868.50000,2722.50000,0,0,0.00000,0.00000,NaN
844,0.00000,14676,0,14676,14676,14676,90.37233,274.19390,910.50000,2762.50000,0,0.11200,0.11200,0,0.00000,0,144.58349,14676,NaN,NaN,100,14676,2,910.50000,2762.50000,0,0,0.00000,0.00000,NaN
845,0.00000,14027,0,14027,14027,14027,107.64282,277.96562,1084.50000,2800.50000,0,0.11200,0.11200,0,0.00000,0,138.18974,14027,NaN,NaN,100,14027,2,1084.50000,2800.50000,0,0,0.00000,0.00000,NaN
846,0.00000,14701,0,14701,14701,14701,150.52129,315.68279,1516.50000,3180.50000,0,0.11200,0.11200,0,0.00000,0,144.82979,14701,NaN,NaN,100,14701,2,1516.50000,3180.50000,0,0,0.00000,0.00000,NaN
847,0.00000,14041,0,14041,14041,14041,144.86371,309.42968,1459.50000,3117.50000,0,0.11200,0.11200,0,0.00000,0,138.32767,14041,NaN,NaN,100,14041,2,1459.50000,3117.50000,0,0,0.00000,0.00000,NaN
848,0.00000,14587,0,14587,14587,14587,133.05228,314.19395,1340.50000,3165.50000,0,0.11200,0.11200,0,0.00000,0,143.70669,14587,NaN,NaN,100,14587,2,1340.50000,3165.50000,0,0,0.00000,0.00000,NaN
849,0.00000,13434,0,13434,13434,13434,141.09199,320.14930,1421.50000,3225.50000,0,0.11200,0.11200,0,0.00000,0,132.34769,13434,NaN,NaN,100,13434,2,1421.50000,3225.50000,0,0,0.00000,0.00000,NaN
850,0.00000,13434,0,13434,13434,13434,139.50390,322.13441,1405.50000,3245.50000,0,0.11200,0.11200,0,0.00000,0,132.34769,13434,NaN,NaN,100,13434,2,1405.50000,3245.50000,0,0,0.00000,0.00000,NaN
851,0.00000,13214,0,13214,13214,13214,137.71730,325.31059,1387.50000,3277.50000,0,0.11200,0.11200,0,0.00000,0,130.18031,13214,NaN,NaN,100,13214,2,1387.50000,3277.50000,0,0,0.00000,0.00000,NaN
852,0.00000,13925,0,13925,13925,13925,140.59571,324.41729,1416.50000,3268.50000,0,0.11200,0.11200,0,0.00000,0,137.18487,13925,NaN,NaN,100,13925,2,1416.50000,3268.50000,0,0,0.00000,0.00000,NaN
853,0.00000,13434,0,13434,13434,13434,141.98529,322.63069,1430.50000,3250.50000,0,0.11200,0.11200,0,0.00000,0,132.34769,13434,NaN,NaN,100,13434,2,1430.50000,3250.50000,0,0,0.00000,0.00000,NaN
854,0.00000,15203,0,15203,15203,15203,137.02251,332.35775,1380.50000,3348.50000,0,0.11200,0.11200,0,0.00000,0,149.77534,15203,NaN,NaN,100,15203,2,1380.50000,3348.50000,0,0,0.00000,0.00000,NaN
855,0.00000,14710,0,14710,14710,14710,149.13171,332.65552,1502.50000,3351.50000,0,0.11200,0.11200,0,0.00000,0,144.91845,14710,NaN,NaN,100,14710,2,1502.50000,3351.50000,0,0,0.00000,0.00000,NaN
856,0.00000,14165,0,14165,14165,14165,121.14160,332.55626,1220.50000,3350.50000,0,0.11200,0.11200,0,0.00000,0,139.54928,14165,NaN,NaN,100,14165,2,1220.50000,3350.50000,0,0,0.00000,0.00000,NaN
857,0.00000,14595,0,14595,14595,14595,113.69742,334.04510,1145.50000,3365.50000,0,0.11200,0.11200,0,0.00000,0,143.78551,14595,NaN,NaN,100,14595,2,1145.50000,3365.50000,0,0,0.00000,0.00000,NaN
858,0.00000,14168,0,14168,14168,14168,133.54856,340.00044,1345.50000,3425.50000,0,0.11200,0.11200,0,0.00000,0,139.57883,14168,NaN,NaN,100,14168,2,1345.50000,3425.50000,0,0,0.00000,0.00000,NaN
859,0.00000,15245,0,15245,15245,15245,29.72709,385.95583,299.50000,3888.50000,0,0.11200,0.11200,0,0.00000,0,150.18911,15245,NaN,NaN,100,15245,2,299.50000,3888.50000,0,0,0.00000,0.00000,NaN
860,0.00000,14303,0,14303,14303,14303,42.23331,388.63574,425.50000,3915.50000,0,0.11200,0.11200,0,0.00000,0,140.90881,14303,NaN,NaN,100,14303,2,425.50000,3915.50000,0,0,0.00000,0.00000,NaN
861,0.00000,13361,0,13361,13361,13361,33.20104,382.28337,334.50000,3851.50000,0,0.11200,0.11200,0,0.00000,0,131.62851,13361,NaN,NaN,100,13361,2,334.50000,3851.50000,0,0,0.00000,0.00000,NaN
862,0.00000,14862,0,14862,14862,14862,51.66260,379.30570,520.50000,3821.50000,0,0.11200,0.11200,0,0.00000,0,146.41591,14862,NaN,NaN,100,14862,2,520.50000,3821.50000,0,0,0.00000,0.00000,NaN
863,0.00000,14300,0,14300,14300,14300,81.63782,383.17667,822.50000,3860.50000,0,0.11200,0.11200,0,0.00000,0,140.87926,14300,NaN,NaN,100,14300,2,822.50000,3860.50000,0,0,0.00000,0.00000,NaN
864,0.00000,14300,0,14300,14300,14300,81.83633,380.89379,824.50000,3837.50000,0,0.11200,0.11200,0,0.00000,0,140.87926,14300,NaN,NaN,100,14300,2,824.50000,3837.50000,0,0,0.00000,0.00000,NaN
865,0.00000,15240,0,15240,15240,15240,81.43931,379.30570,820.50000,3821.50000,0,0.11200,0.11200,0,0.00000,0,150.13985,15240,NaN,NaN,100,15240,2,820.50000,3821.50000,0,0,0.00000,0.00000,NaN
866,0.00000,14300,0,14300,14300,14300,82.03485,382.38263,826.50000,3852.50000,0,0.11200,0.11200,0,0.00000,0,140.87926,14300,NaN,NaN,100,14300,2,826.50000,3852.50000,0,0,0.00000,0.00000,NaN
867,0.00000,15000,0,15000,15000,15000,82.23336,384.96328,828.50000,3878.50000,0,0.11200,0.11200,0,0.00000,0,147.77544,15000,NaN,NaN,100,15000,2,828.50000,3878.50000,0,0,0.00000,0.00000,NaN
868,0.00000,15474,0,15474,15474,15474,80.24824,385.75732,808.50000,3886.50000,0,0.11200,0.11200,0,0.00000,0,152.44515,15474,NaN,NaN,100,15474,2,808.50000,3886.50000,0,0,0.00000,0.00000,NaN
869,0.00000,15000,0,15000,15000,15000,82.33261,387.14690,829.50000,3900.50000,0,0.11200,0.11200,0,0.00000,0,147.77544,15000,NaN,NaN,100,15000,2,829.50000,3900.50000,0,0,0.00000,0.00000,NaN
870,0.00000,14413,0,14413,14413,14413,82.23336,376.42728,828.50000,3792.50000,0,0.11200,0.11200,0,0.00000,0,141.99250,14413,NaN,NaN,100,14413,2,828.50000,3792.50000,0,0,0.00000,0.00000,NaN
871,0.00000,13964,0,13964,13964,13964,94.73958,398.85908,954.50000,4018.50000,0,0.11200,0.11200,0,0.00000,0,137.56909,13964,NaN,NaN,100,13964,2,954.50000,4018.50000,0,0,0.00000,0.00000,NaN
872,0.00000,0,0,0,0,0,136.52623,405.70772,1375.50000,4087.50000,0,0.11200,0.11200,0,0.00000,0,0.00000,0,NaN,NaN,0,0,2,1375.50000,4087.50000,0,0,0.00000,0.00000,NaN
873,0.00000,12286,0,12286,12286,12286,131.06717,396.17917,1320.50000,3991.50000,0,0.11200,0.11200,0,0.00000,0,121.03794,12286,NaN,NaN,100,12286,2,1320.50000,3991.50000,0,0,0.00000,0.00000,NaN
